customer_id,tenure,monthly_charges,total_charges,contract_type,payment_method,internet_service,support_tickets,last_login_days_ago,usage_frequency,churn_label
1803-WVCPJ,11,23.86,275.06,Month-to-month,Mailed check,No,2,10,Weekly,0
7964-UNZLR,48,21.03,971.68,Month-to-month,Electronic check,No,2,7,Daily,0
6890-CYDJV,46,101.64,4555.53,Two year,Mailed check,Fiber optic,1,19,Daily,0
4949-ZMMBZ,5,71.3,349.18,Month-to-month,Mailed check,DSL,0,38,Rarely,1
4896-AAMAE,30,113.04,3536.57,Month-to-month,Electronic check,Fiber optic,5,1,Daily,1
8726-QSHUP,55,76.75,4339.97,Two year,Credit card (automatic),Fiber optic,2,4,Daily,0
1773-FSPVE,18,51.14,885.67,Month-to-month,Electronic check,DSL,2,25,Weekly,1
7275-GHIXT,0,57.57,,Month-to-month,Bank transfer (automatic),DSL,1,13,Weekly,1
2813-OOXLF,57,109.37,6501.67,Two year,Credit card (automatic),Fiber optic,1,36,Weekly,0
1847-DIQMK,8,113.34,880.08,Month-to-month,Electronic check,Fiber optic,0,54,Rarely,1
5737-MZZEC,52,83.5,4365.24,Month-to-month,Electronic check,Fiber optic,3,33,Weekly,0
9779-GWLWQ,13,62.19,823.77,Two year,Bank transfer (automatic),DSL,1,20,Weekly,0
7621-OHIDN,49,23.06,1080.77,Two year,Mailed check,No,2,0,Weekly,0
7849-HHBUY,63,19.74,1235.14,Month-to-month,Credit card (automatic),No,3,59,Weekly,0
7456-MNYNQ,22,108.43,2485.2,Two year,Mailed check,Fiber optic,1,1,Daily,0
8073-LNNSP,72,60.66,4154.3,Two year,Credit card (automatic),DSL,0,2,Daily,0
5618-NBXXE,7,80.16,568.6,Month-to-month,Electronic check,DSL,0,68,Weekly,1
2152-HZIVU,8,96.59,801.63,Month-to-month,Mailed check,Fiber optic,0,90,Weekly,1
8556-WAMOV,6,24.75,147.46,Month-to-month,Credit card (automatic),No,2,33,Weekly,0
5053-FHETZ,14,72.38,988.9,One year,Electronic check,Fiber optic,1,6,Weekly,0
5502-DGHXL,12,59.19,726.38,Two year,Bank transfer (automatic),DSL,1,2,Daily,0
4336-HIPKD,39,21.64,832.73,One year,Mailed check,No,0,14,Rarely,0
2642-VKGST,53,79.41,4139.04,One year,Bank transfer (automatic),Fiber optic,1,1,Daily,0
9339-EBBTQ,55,22.71,1219.13,Two year,Electronic check,No,3,16,Weekly,0
8033-UQKPS,0,106.4,,Month-to-month,Bank transfer (automatic),Fiber optic,5,1,Daily,1
6794-KXXUZ,24,93.93,2309.63,Month-to-month,Bank transfer (automatic),Fiber optic,3,22,Weekly,1
4621-KCMTU,7,77.27,521.34,Month-to-month,Bank transfer (automatic),DSL,4,6,Daily,1
8404-KHLUB,3,52.48,154.25,Month-to-month,Electronic check,DSL,1,20,Weekly,1
5908-IFUMC,61,20.74,1315.32,One year,Mailed check,No,0,17,Weekly,0
4990-GBMZO,62,78.09,5001.19,One year,Mailed check,Fiber optic,1,21,Rarely,0
5053-WTWIY,3,108.03,319.3,Month-to-month,Bank transfer (automatic),Fiber optic,1,3,Daily,0
3044-GLRHG,2,77.18,157.59,One year,Credit card (automatic),Fiber optic,3,17,Rarely,1
1829-DANZF,21,45.89,925.22,One year,Electronic check,DSL,1,55,Daily,1
5990-LYUAN,16,18.55,286.38,Month-to-month,Credit card (automatic),No,5,1,Weekly,0
8990-DGGPF,6,56.86,354.84,Two year,Credit card (automatic),DSL,0,29,Daily,0
1574-GFJRK,10,91.19,915.86,Month-to-month,Mailed check,Fiber optic,1,42,Rarely,1
8723-INPAX,29,91.88,2567.58,One year,Mailed check,Fiber optic,2,15,Weekly,0
8447-XPOSL,10,107.16,1070.59,Month-to-month,Electronic check,Fiber optic,1,11,Rarely,0
3490-JJEVI,67,90.11,6015.62,Two year,Mailed check,Fiber optic,2,22,Weekly,0
6684-HZNQG,53,18.53,1030.89,One year,Credit card (automatic),No,0,90,Weekly,0
2486-HSLDV,20,23.07,439.0,Two year,Electronic check,No,1,6,Weekly,0
7822-KRIOU,17,19.78,344.32,Two year,Credit card (automatic),No,1,8,Weekly,0
7304-XFRXQ,67,71.21,4893.38,Two year,Mailed check,Fiber optic,5,9,Weekly,0
4190-DEFCT,4,74.76,307.27,Month-to-month,Bank transfer (automatic),DSL,2,2,Daily,1
1611-ZNPUK,68,20.34,1421.51,Two year,Mailed check,No,0,5,Daily,0
9735-MPHBO,11,73.74,828.15,Two year,Electronic check,DSL,2,3,Weekly,0
5010-VBFGU,62,23.31,1434.21,One year,Mailed check,No,2,13,Daily,0
9037-NNQHS,1,79.63,76.04,Month-to-month,Mailed check,DSL,3,19,Weekly,1
7100-ACVRE,71,21.19,1574.84,Month-to-month,Mailed check,No,1,81,Weekly,0
8004-LBRTH,3,101.53,296.74,Month-to-month,Bank transfer (automatic),Fiber optic,4,90,Rarely,1
7838-JGKHG,60,97.56,5739.59,One year,Electronic check,Fiber optic,3,5,Daily,0
2751-LWTHY,35,24.37,823.33,Two year,Bank transfer (automatic),No,0,35,Weekly,0
4274-FXIOF,10,54.15,532.39,Month-to-month,Mailed check,DSL,2,52,Rarely,1
5200-TIWCN,58,99.08,5647.69,Two year,Credit card (automatic),Fiber optic,1,68,Daily,0
5479-EXKRW,9,63.88,566.85,Month-to-month,Mailed check,DSL,1,16,Daily,1
1394-NBFFX,32,18.83,596.75,One year,Electronic check,No,0,2,Daily,0
5918-XMXGR,8,71.65,582.82,Month-to-month,Credit card (automatic),Fiber optic,3,2,Daily,0
2388-KGGKI,51,80.54,4300.95,Two year,Credit card (automatic),DSL,0,8,Weekly,0
7689-FIDZJ,48,68.48,3294.41,One year,Bank transfer (automatic),DSL,2,18,Weekly,0
7146-COWJV,18,23.1,436.34,Two year,Mailed check,No,0,9,Rarely,0
9301-PTHAI,71,24.07,1632.94,Two year,Mailed check,No,0,3,Weekly,0
7702-YUUWJ,56,18.62,1029.76,One year,Credit card (automatic),No,0,1,Weekly,0
4299-IYOHH,60,49.68,2840.75,One year,Electronic check,DSL,1,4,Daily,0
9706-WBBTA,0,101.53,,Month-to-month,Electronic check,Fiber optic,2,4,Daily,1
4697-EZLSM,31,104.84,3405.76,One year,Credit card (automatic),Fiber optic,5,23,Weekly,1
3932-CETCP,4,100.54,390.59,Month-to-month,Electronic check,Fiber optic,3,11,Weekly,1
9148-JJYPP,22,21.58,485.09,Two year,Bank transfer (automatic),No,0,2,Daily,0
4333-JJRBG,5,66.09,339.15,Month-to-month,Credit card (automatic),DSL,2,1,Weekly,1
1687-PQCUO,50,103.94,4990.97,Two year,Electronic check,Fiber optic,2,18,Weekly,0
5225-GTZLH,15,57.69,859.53,Month-to-month,Credit card (automatic),DSL,2,25,Daily,1
8160-HPBMA,13,97.35,1219.96,Two year,Credit card (automatic),Fiber optic,1,9,Weekly,0
2705-BLTWC,12,42.63,504.0,Month-to-month,Bank transfer (automatic),DSL,0,21,Daily,0
5166-GKOZR,3,46.8,144.71,One year,Mailed check,DSL,0,9,Daily,0
2169-NBCDR,61,74.54,4451.74,One year,Electronic check,DSL,1,24,Weekly,0
7177-IGRVL,33,56.48,1944.6,One year,Bank transfer (automatic),DSL,1,5,Daily,0
5280-WTSWE,64,107.73,7085.18,Month-to-month,Electronic check,Fiber optic,2,2,Daily,0
3971-TYZPT,45,102.7,4512.06,One year,Mailed check,Fiber optic,0,5,Daily,0
3041-XWXVJ,3,21.22,63.19,Two year,Bank transfer (automatic),No,0,8,Daily,0
6079-SKUVY,60,107.39,6519.27,Two year,Credit card (automatic),Fiber optic,3,15,Weekly,0
7027-PMEQO,49,76.13,3770.19,Two year,Electronic check,Fiber optic,2,8,Weekly,0
9461-NRWDL,10,19.7,198.24,Month-to-month,Electronic check,No,1,7,Daily,0
4933-SVUUW,62,89.84,5501.13,Two year,Electronic check,Fiber optic,1,21,Weekly,0
2446-ZPGOS,0,101.81,,Month-to-month,Credit card (automatic),Fiber optic,0,58,Weekly,1
8493-CTOYF,3,20.73,59.63,Month-to-month,Mailed check,No,0,5,Weekly,0
6667-XLORP,5,20.92,105.99,Month-to-month,Electronic check,No,2,6,Weekly,0
7301-XESZF,47,78.64,3524.43,Two year,Credit card (automatic),DSL,0,6,Daily,0
1874-GMSYU,49,80.39,3961.06,One year,Electronic check,DSL,1,5,Daily,0
3810-ULQFM,4,80.98,313.69,Month-to-month,Mailed check,DSL,1,17,Daily,1
7909-EAWUN,65,71.07,4427.52,Month-to-month,Bank transfer (automatic),Fiber optic,4,35,Rarely,1
8489-ACCSF,49,108.72,5089.05,Two year,Credit card (automatic),Fiber optic,2,24,Weekly,0
4916-GWWTI,46,74.04,3561.01,Month-to-month,Mailed check,DSL,3,27,Weekly,0
8242-PFWCT,4,82.52,317.82,One year,Bank transfer (automatic),Fiber optic,0,40,Rarely,0
8574-NTLET,1,80.99,79.85,Month-to-month,Electronic check,Fiber optic,2,17,Weekly,1
4486-QMJIM,4,71.69,285.91,Two year,Mailed check,Fiber optic,3,17,Daily,0
9081-GHHAY,63,76.82,4609.48,One year,Mailed check,DSL,1,19,Weekly,0
3594-GEDZM,52,66.95,3629.23,Two year,Electronic check,DSL,1,37,Weekly,0
3155-IKCIG,1,70.77,67.34,Month-to-month,Credit card (automatic),Fiber optic,0,4,Daily,0
7141-UBLUV,47,49.36,2415.39,Two year,Bank transfer (automatic),DSL,0,17,Weekly,0
6730-NFIFR,10,110.29,1051.26,Month-to-month,Bank transfer (automatic),Fiber optic,3,16,Daily,1
2257-HQRYJ,3,99.2,294.93,Month-to-month,Electronic check,Fiber optic,4,0,Daily,1
8493-YKRRV,0,111.51,,Month-to-month,Bank transfer (automatic),Fiber optic,3,55,Rarely,1
2798-MUJMM,8,19.6,149.35,Month-to-month,Mailed check,No,2,14,Daily,0
8243-SQCVT,7,82.82,597.7,One year,Bank transfer (automatic),DSL,0,11,Weekly,1
1066-CZRCM,7,48.54,338.77,Month-to-month,Bank transfer (automatic),DSL,0,51,Rarely,1
8170-VHYKF,42,20.78,870.25,One year,Credit card (automatic),No,0,27,Weekly,0
8081-JNRYF,34,114.92,3784.65,Month-to-month,Mailed check,Fiber optic,1,2,Daily,0
8022-YNDYJ,26,53.39,1351.15,Month-to-month,Credit card (automatic),DSL,1,6,Daily,0
6982-QSAFR,6,98.87,610.93,Two year,Mailed check,Fiber optic,2,3,Daily,1
5243-IAAVD,37,86.69,3050.49,One year,Bank transfer (automatic),Fiber optic,0,22,Weekly,0
7345-CODQO,31,105.87,3222.49,Two year,Mailed check,Fiber optic,3,10,Daily,0
3493-QMUQK,70,20.84,1432.59,One year,Credit card (automatic),No,0,2,Daily,0
8025-AHDAH,2,59.3,115.88,Month-to-month,Mailed check,DSL,2,6,Daily,1
6000-FBINE,28,74.06,2034.44,One year,Electronic check,Fiber optic,1,1,Daily,0
5129-HABEL,5,81.36,391.44,Month-to-month,Credit card (automatic),DSL,3,7,Daily,1
5549-RUQQY,11,113.94,1211.57,Month-to-month,Electronic check,Fiber optic,5,90,Weekly,1
6118-GUYOV,25,109.0,2740.58,Month-to-month,Credit card (automatic),Fiber optic,3,25,Weekly,1
1335-DWOFB,55,25.05,1386.25,One year,Credit card (automatic),No,1,12,Weekly,0
2258-SLIKZ,49,99.23,5071.19,Two year,Mailed check,Fiber optic,2,23,Daily,0
3209-LCHDR,20,19.14,384.03,One year,Electronic check,No,2,1,Daily,0
2030-UVQTK,12,42.25,,Month-to-month,Electronic check,DSL,0,8,Daily,0
4956-QCNOA,61,108.12,6328.31,One year,Electronic check,Fiber optic,1,43,Weekly,1
7014-OSJOH,4,22.38,91.63,Month-to-month,Credit card (automatic),No,1,43,Rarely,0
6889-HDIUY,19,51.74,977.76,Month-to-month,Electronic check,DSL,1,19,Weekly,0
5239-QQPMK,50,18.78,963.33,Two year,Electronic check,No,0,4,Weekly,0
8694-QUKOM,42,117.73,4793.11,Month-to-month,Electronic check,Fiber optic,3,49,Rarely,1
6086-HHCLS,23,19.23,447.39,One year,Mailed check,No,1,3,Daily,0
1712-RZBTU,3,55.76,171.03,Month-to-month,Mailed check,DSL,0,17,Weekly,1
7884-LHJRW,3,102.99,304.7,Month-to-month,Bank transfer (automatic),Fiber optic,4,49,Rarely,1
6170-QNQBP,50,67.66,3376.2,One year,Credit card (automatic),DSL,0,11,Weekly,0
6711-BYXNJ,10,19.45,186.03,Month-to-month,Electronic check,No,1,23,Daily,0
6087-TQSNG,9,67.54,593.9,Month-to-month,Mailed check,DSL,1,1,Weekly,0
5981-BHNLN,15,86.32,1251.36,One year,Bank transfer (automatic),Fiber optic,2,7,Weekly,0
1815-HYJWK,10,78.27,772.89,Month-to-month,Electronic check,Fiber optic,3,10,Weekly,1
6032-LPGFJ,12,23.13,266.16,One year,Electronic check,No,0,12,Daily,0
8153-UDLRS,3,25.25,78.24,Month-to-month,Credit card (automatic),No,2,17,Weekly,0
3735-LCAMV,25,24.14,617.6,Month-to-month,Electronic check,No,3,37,Weekly,1
6424-AXRAI,16,46.47,770.7,One year,Credit card (automatic),DSL,0,6,Daily,0
1277-FYOIH,66,19.81,1366.0,Two year,Credit card (automatic),No,1,17,Weekly,0
4127-OAGEQ,12,92.76,1120.26,Month-to-month,Electronic check,Fiber optic,5,37,Weekly,1
4930-RMDJV,60,71.02,4365.67,Two year,Mailed check,Fiber optic,1,2,Daily,0
9843-FECVD,11,39.95,439.02,One year,Electronic check,DSL,0,4,Daily,0
2931-PZQKF,3,20.39,62.92,Month-to-month,Electronic check,No,3,13,Weekly,0
3488-AEYDA,52,75.17,3923.19,Month-to-month,Bank transfer (automatic),Fiber optic,5,20,Weekly,1
4676-VKJSN,50,22.6,1156.7,One year,Credit card (automatic),No,1,9,Rarely,0
9932-XMSWM,6,72.11,422.93,Two year,Electronic check,Fiber optic,2,16,Daily,1
8679-HZFBP,31,81.81,2583.51,Month-to-month,Mailed check,Fiber optic,4,9,Weekly,1
1312-ZCWVY,63,41.68,2646.46,Month-to-month,Mailed check,DSL,0,40,Rarely,0
3105-KGNDV,9,63.4,556.33,One year,Electronic check,DSL,0,11,Weekly,0
8394-RMNSN,7,21.14,150.73,One year,Electronic check,No,0,3,Daily,0
1524-VYYQT,22,74.03,1607.53,One year,Electronic check,Fiber optic,1,16,Weekly,0
8700-IAKWD,70,55.3,3920.94,Month-to-month,Credit card (automatic),DSL,2,16,Weekly,0
3532-OFLDT,36,70.03,2560.98,One year,Electronic check,Fiber optic,1,2,Rarely,0
9257-VTSGN,28,24.69,703.16,Two year,Electronic check,No,2,6,Daily,0
3642-CJNRC,67,87.64,5979.69,One year,Mailed check,Fiber optic,1,3,Daily,0
4908-VLWNO,10,102.3,1014.55,Month-to-month,Electronic check,Fiber optic,2,33,Rarely,1
6956-SVENA,70,23.82,1688.19,Two year,Electronic check,No,0,1,Daily,0
2136-MVWHK,3,64.53,201.46,Month-to-month,Credit card (automatic),DSL,2,41,Rarely,0
6012-OKEHK,57,98.56,5375.29,One year,Credit card (automatic),Fiber optic,3,4,Weekly,0
5544-NXOKR,34,90.79,3174.28,Two year,Electronic check,Fiber optic,1,1,Daily,0
8054-ULMFW,10,89.76,864.28,Month-to-month,Electronic check,Fiber optic,1,37,Daily,1
9963-WEIHX,30,53.07,1586.62,Two year,Credit card (automatic),DSL,2,6,Daily,0
6978-BFIOG,50,42.28,2042.99,Month-to-month,Mailed check,DSL,0,5,Daily,0
4682-NTVCD,21,21.12,456.05,Month-to-month,Mailed check,No,2,7,Daily,0
4657-CXQNU,2,21.97,41.91,Month-to-month,Electronic check,No,0,3,Daily,0
4761-PGNSA,8,19.5,159.14,Month-to-month,Mailed check,No,2,43,Weekly,1
8325-PMBGL,18,114.04,2032.5,Month-to-month,Electronic check,Fiber optic,3,24,Rarely,1
3890-IHQKM,20,39.39,769.29,One year,Mailed check,DSL,1,8,Weekly,0
2502-UCJBY,25,80.85,2114.32,One year,Credit card (automatic),Fiber optic,1,13,Daily,0
4008-EVEIP,7,102.97,705.8,Month-to-month,Mailed check,Fiber optic,3,12,Weekly,1
1204-VEFWI,69,76.88,5151.79,One year,Credit card (automatic),DSL,3,18,Weekly,0
1955-FTCWW,12,60.79,724.48,Month-to-month,Bank transfer (automatic),DSL,1,27,Weekly,0
1810-WHCLI,2,66.08,129.55,Month-to-month,Mailed check,DSL,3,5,Weekly,0
7943-YQYTS,42,51.56,2214.85,One year,Credit card (automatic),DSL,1,8,Weekly,0
7500-CBBPF,14,82.9,1106.07,Month-to-month,Credit card (automatic),DSL,2,28,Daily,1
7270-ZDYRC,62,101.24,6397.43,Month-to-month,Electronic check,Fiber optic,0,41,Rarely,0
5156-BKIIN,46,19.49,889.56,Two year,Credit card (automatic),No,1,5,Daily,0
7452-DDSZH,1,105.72,108.72,One year,Credit card (automatic),Fiber optic,3,43,Rarely,0
2451-YIICL,59,44.88,2603.94,Two year,Electronic check,DSL,1,9,Weekly,0
9104-MREEL,0,57.55,,Month-to-month,Mailed check,DSL,3,2,Daily,0
5508-BDQYO,48,93.82,4621.92,Month-to-month,Electronic check,Fiber optic,6,6,Daily,1
9441-DZNSF,5,105.04,505.9,Month-to-month,Electronic check,Fiber optic,3,8,Daily,1
2370-PBQFX,65,118.32,7673.71,One year,Electronic check,Fiber optic,2,9,Weekly,0
5475-BQDRM,72,56.09,4172.96,One year,Electronic check,DSL,1,4,Daily,0
7266-ZQJCP,50,102.77,5356.88,One year,Credit card (automatic),Fiber optic,1,11,Weekly,0
5460-LBPFG,8,102.61,800.03,Month-to-month,Electronic check,Fiber optic,4,29,Weekly,1
5014-AJFBL,54,47.47,2650.06,Two year,Bank transfer (automatic),DSL,1,2,Daily,0
2495-FDMBZ,49,23.32,1174.23,Two year,Credit card (automatic),No,1,22,Rarely,0
4428-MZWZO,7,112.65,821.95,One year,Mailed check,Fiber optic,0,4,Daily,0
3148-LSCVI,18,64.56,1198.7,One year,Credit card (automatic),DSL,1,20,Rarely,1
3713-AGGAR,45,93.27,4024.85,Two year,Mailed check,Fiber optic,4,2,Daily,0
7152-CWLSI,63,101.41,6672.74,One year,Electronic check,Fiber optic,4,14,Weekly,0
6671-DEQSG,58,24.55,1356.22,Month-to-month,Bank transfer (automatic),No,1,38,Rarely,1
6464-JYWKG,17,49.36,825.99,One year,Bank transfer (automatic),DSL,2,3,Daily,0
4255-HNOEB,16,19.72,312.03,One year,Bank transfer (automatic),No,0,53,Rarely,0
9636-MUDKE,5,101.58,507.15,Month-to-month,Electronic check,Fiber optic,1,22,Weekly,1
1788-GPHGZ,22,71.68,1535.21,One year,Mailed check,Fiber optic,0,12,Rarely,0
4082-EEYOB,61,76.96,4517.95,One year,Mailed check,DSL,0,9,Daily,0
2061-LOGOQ,34,52.9,1859.22,Month-to-month,Credit card (automatic),DSL,1,17,Daily,1
4050-GVLZC,56,19.33,1097.83,Two year,Credit card (automatic),No,1,3,Weekly,0
9656-ISXFZ,24,107.09,2563.71,One year,Electronic check,Fiber optic,2,16,Rarely,1
4296-FKILX,25,20.17,518.1,Month-to-month,Bank transfer (automatic),No,1,12,Weekly,0
9176-TUGYL,52,89.47,4845.59,Month-to-month,Electronic check,Fiber optic,0,5,Daily,0
5455-QSRPM,12,90.07,1051.0,One year,Bank transfer (automatic),Fiber optic,0,20,Weekly,0
7296-QXKNE,65,24.65,1573.88,Two year,Electronic check,No,0,10,Daily,0
5116-JUQFO,70,82.82,6049.19,One year,Mailed check,Fiber optic,1,40,Rarely,0
3392-VDBKR,59,100.71,5968.06,One year,Mailed check,Fiber optic,1,13,Daily,0
7877-IVWNJ,63,25.99,1601.55,Two year,Credit card (automatic),No,1,8,Rarely,0
9721-BVXLN,32,66.57,2057.43,Month-to-month,Mailed check,DSL,4,18,Weekly,0
3371-TSDRY,18,76.84,1450.71,One year,Credit card (automatic),Fiber optic,4,8,Weekly,1
8007-TMNGR,54,52.03,2819.46,One year,Electronic check,DSL,1,3,Daily,0
3349-GIGIJ,6,22.51,139.95,Month-to-month,Electronic check,No,0,23,Rarely,0
7451-CSLYE,57,20.92,1208.66,Two year,Electronic check,No,0,1,Daily,0
8100-REOML,1,22.37,22.24,Month-to-month,Electronic check,No,1,35,Rarely,1
5043-RVIWE,71,96.35,7085.96,Two year,Bank transfer (automatic),Fiber optic,1,22,Weekly,0
7631-HIYDK,24,105.67,2499.69,Month-to-month,Mailed check,Fiber optic,2,90,Weekly,1
3449-LUMZT,70,67.66,4863.35,One year,Mailed check,DSL,1,5,Daily,0
1713-STELP,35,103.85,3617.82,Two year,Credit card (automatic),Fiber optic,6,13,Weekly,0
1867-FDDUR,13,20.14,272.22,One year,Credit card (automatic),No,1,16,Rarely,0
5022-HTSVX,66,58.47,3860.26,Two year,Mailed check,DSL,2,24,Weekly,0
9122-WEUKK,33,76.96,2495.44,One year,Bank transfer (automatic),DSL,1,21,Weekly,0
2148-QPKZE,4,106.48,435.53,One year,Electronic check,Fiber optic,1,5,Daily,1
5101-CAVKL,2,78.83,163.34,Month-to-month,Electronic check,Fiber optic,6,24,Daily,1
7335-QLOBE,29,73.1,2194.31,Month-to-month,Credit card (automatic),Fiber optic,3,22,Rarely,0
2821-YLEJI,37,101.68,3754.04,Month-to-month,Credit card (automatic),Fiber optic,5,41,Rarely,1
7493-HHSCI,13,21.83,282.09,One year,Credit card (automatic),No,0,17,Weekly,0
3753-MOWYH,3,57.88,167.55,Month-to-month,Bank transfer (automatic),DSL,2,12,Daily,0
8277-OAQDB,11,18.69,196.12,Month-to-month,Credit card (automatic),No,2,11,Weekly,0
6212-REMCT,52,88.51,4801.13,Two year,Electronic check,Fiber optic,0,1,Daily,0
5921-TOVLE,59,78.67,4746.07,Two year,Mailed check,Fiber optic,2,4,Weekly,0
2590-DFFIF,8,40.58,327.13,Month-to-month,Bank transfer (automatic),DSL,0,71,Weekly,1
5168-PDQIR,12,89.35,1081.14,Month-to-month,Bank transfer (automatic),Fiber optic,1,20,Rarely,1
8708-NXLHP,6,24.69,141.08,Month-to-month,Electronic check,No,1,53,Rarely,1
1175-RLOMH,52,113.23,5860.73,Two year,Bank transfer (automatic),Fiber optic,3,8,Weekly,0
7825-IXRCZ,69,49.96,3592.48,Two year,Electronic check,DSL,2,8,Rarely,0
5434-SBSPX,20,51.65,1029.08,Two year,Bank transfer (automatic),DSL,1,16,Weekly,0
7474-MNIIQ,15,19.24,290.93,One year,Mailed check,No,0,2,Daily,0
6969-VXUPN,53,114.1,5972.98,One year,Mailed check,Fiber optic,2,1,Daily,0
4888-ITIGW,0,42.0,,Month-to-month,Credit card (automatic),DSL,4,1,Daily,1
3777-PJWZI,2,25.53,50.16,Month-to-month,Credit card (automatic),No,3,16,Weekly,0
6645-NMSYO,47,68.51,3086.37,Month-to-month,Credit card (automatic),DSL,0,90,Rarely,1
2261-UPXKK,55,24.4,1352.55,One year,Mailed check,No,1,13,Rarely,0
6256-KZPDB,30,49.12,1544.59,Month-to-month,Mailed check,DSL,3,50,Weekly,1
1852-NUMOU,36,66.95,2377.11,One year,Mailed check,DSL,1,6,Daily,0
6847-NXQTU,66,44.0,3008.09,One year,Bank transfer (automatic),DSL,0,13,Weekly,0
6658-QBLDN,6,23.44,134.21,Month-to-month,Bank transfer (automatic),No,1,77,Weekly,1
1759-DNIAD,23,99.12,2280.9,One year,Electronic check,Fiber optic,1,10,Weekly,0
7816-NCWTS,16,76.9,1249.41,Two year,Mailed check,DSL,0,5,Daily,0
4741-EUQKA,53,23.34,1214.66,Month-to-month,Bank transfer (automatic),No,0,22,Daily,0
8081-NUABJ,11,25.79,272.3,Month-to-month,Electronic check,No,0,37,Rarely,1
1374-NMLGB,44,93.78,4009.92,Two year,Electronic check,Fiber optic,3,20,Weekly,1
2614-ACRUL,48,96.77,4445.23,Two year,Credit card (automatic),Fiber optic,0,2,Daily,0
5445-CKZGM,66,73.68,5051.67,One year,Credit card (automatic),Fiber optic,3,9,Rarely,0
2693-NILMM,27,43.98,1128.63,Month-to-month,Electronic check,DSL,1,65,Weekly,1
3968-SPBAK,12,19.8,227.37,Month-to-month,Credit card (automatic),No,3,17,Weekly,0
6944-XABRL,4,75.74,311.92,Month-to-month,Credit card (automatic),Fiber optic,2,2,Weekly,1
2300-FFRNQ,5,19.53,95.69,Month-to-month,Electronic check,No,1,32,Weekly,1
7098-HNWIK,12,20.45,242.08,Month-to-month,Electronic check,No,3,34,Weekly,0
1930-EQAGS,69,20.59,1393.25,Two year,Mailed check,No,0,4,Daily,0
2576-AZKKN,72,23.72,1774.57,Two year,Credit card (automatic),No,1,12,Weekly,0
6288-QLWZF,58,22.15,1339.78,Two year,Mailed check,No,1,10,Rarely,0
8140-SHZGH,10,114.96,1198.9,Month-to-month,Credit card (automatic),Fiber optic,2,11,Rarely,1
2535-SUDOI,4,21.07,82.66,Month-to-month,Electronic check,No,1,43,Rarely,1
3699-POZYR,51,18.98,938.98,Month-to-month,Electronic check,No,0,21,Weekly,0
9325-RXESU,0,77.83,,Month-to-month,Bank transfer (automatic),DSL,0,67,Rarely,1
9906-DWSJM,12,110.87,1376.87,Month-to-month,Mailed check,Fiber optic,4,54,Daily,1
6228-MXZUQ,23,87.62,1985.89,Month-to-month,Mailed check,Fiber optic,6,21,Weekly,1
5022-CXDEB,6,42.24,255.42,Month-to-month,Credit card (automatic),DSL,1,41,Weekly,0
4121-YMGCK,7,112.72,780.42,Month-to-month,Electronic check,Fiber optic,3,6,Daily,0
6511-SZOPV,5,81.94,389.83,Month-to-month,Mailed check,DSL,1,11,Weekly,1
6317-XHZNY,55,84.87,4626.15,Two year,Credit card (automatic),DSL,2,5,Daily,0
3652-DCWRE,7,88.97,647.39,Month-to-month,Credit card (automatic),Fiber optic,3,1,Daily,1
1205-XCRFB,32,44.85,1486.57,One year,Mailed check,DSL,1,26,Daily,0
2363-UWCCP,34,88.32,2883.9,Month-to-month,Mailed check,Fiber optic,1,39,Rarely,0
9626-ATXTF,26,98.4,2509.01,One year,Electronic check,Fiber optic,0,34,Rarely,1
4762-ERBNL,35,40.99,1373.51,Two year,Electronic check,DSL,1,13,Rarely,0
5340-TFTSG,10,51.61,505.68,Month-to-month,Electronic check,DSL,2,4,Daily,1
5203-JBLGC,1,82.33,80.66,Month-to-month,Mailed check,DSL,2,20,Daily,1
8043-OOCEC,40,72.14,2756.67,Month-to-month,Credit card (automatic),Fiber optic,3,77,Rarely,1
1584-RIBEZ,64,77.32,5144.07,Month-to-month,Electronic check,Fiber optic,3,45,Weekly,0
1744-GRMEH,40,98.18,4060.68,One year,Credit card (automatic),Fiber optic,2,0,Daily,0
3482-ATIMD,34,83.06,2945.04,Month-to-month,Mailed check,DSL,2,27,Weekly,1
5379-VFOWS,54,115.61,6395.49,One year,Electronic check,Fiber optic,1,8,Rarely,1
7039-PXEZO,64,20.43,1341.52,Two year,Electronic check,No,0,24,Weekly,0
5415-KGTZR,51,23.1,1211.94,Two year,Mailed check,No,0,52,Rarely,0
4970-AMTKU,19,116.8,2258.09,Month-to-month,Electronic check,Fiber optic,3,22,Weekly,1
9439-SBOEM,70,67.97,4603.73,Two year,Bank transfer (automatic),DSL,0,23,Weekly,0
2449-JUWLN,23,49.19,1094.91,Two year,Electronic check,DSL,1,8,Rarely,0
6144-QRQUZ,41,103.64,4249.39,One year,Bank transfer (automatic),Fiber optic,2,21,Daily,1
5879-VDMLN,61,94.79,5892.4,Two year,Electronic check,Fiber optic,2,13,Daily,0
5260-NSKGL,27,93.95,2417.36,One year,Bank transfer (automatic),Fiber optic,3,28,Weekly,1
8267-WIAZF,64,61.47,3952.34,Month-to-month,Mailed check,DSL,0,1,Daily,0
3402-PUHIH,61,19.34,1225.41,Two year,Credit card (automatic),No,0,12,Weekly,0
9583-DDELN,20,108.29,2084.8,Two year,Bank transfer (automatic),Fiber optic,2,23,Weekly,0
3983-AWRBV,3,21.1,62.12,Month-to-month,Mailed check,No,1,5,Daily,1
5904-AOMNY,68,19.89,1418.35,One year,Credit card (automatic),No,1,1,Daily,0
5685-YHPYS,4,91.38,359.26,Month-to-month,Credit card (automatic),Fiber optic,1,5,Daily,1
8647-XLHNV,16,101.19,1542.74,One year,Credit card (automatic),Fiber optic,3,16,Weekly,0
4949-YRSNI,8,22.65,184.53,One year,Electronic check,No,1,13,Daily,0
3560-KMVOU,59,76.68,4742.47,Month-to-month,Bank transfer (automatic),DSL,3,40,Rarely,0
1194-ATNZM,62,77.79,4693.08,Two year,Bank transfer (automatic),DSL,0,33,Rarely,0
4272-MDUSW,9,67.55,590.69,One year,Credit card (automatic),DSL,0,3,Weekly,0
8435-CFWBN,49,96.76,4708.94,One year,Bank transfer (automatic),Fiber optic,2,7,Daily,0
1089-KYWXH,58,97.49,5674.72,Two year,Electronic check,Fiber optic,3,0,Daily,0
9064-PSZAZ,9,57.08,529.89,Month-to-month,Electronic check,DSL,3,3,Daily,1
5884-JDQUD,4,92.76,389.35,Month-to-month,Mailed check,Fiber optic,2,4,Daily,0
2262-BXYEX,38,95.55,3744.56,One year,Mailed check,Fiber optic,0,34,Weekly,0
3719-XZFPZ,62,24.51,1487.85,Month-to-month,Mailed check,No,1,48,Weekly,0
5985-XPFCG,25,73.31,1885.2,One year,Credit card (automatic),DSL,0,6,Daily,0
3840-BFBTP,1,19.97,20.23,Month-to-month,Credit card (automatic),No,1,3,Daily,0
1977-NVKKF,12,25.83,309.68,Month-to-month,Bank transfer (automatic),No,4,13,Daily,0
6993-LEPZN,44,116.82,5209.3,One year,Mailed check,Fiber optic,3,3,Daily,0
7049-HRVMG,11,83.54,913.4,One year,Bank transfer (automatic),Fiber optic,3,44,Weekly,0
2069-SEZIJ,41,84.95,3529.0,One year,Credit card (automatic),DSL,1,21,Rarely,0
3530-SAFDK,12,95.47,1172.77,Month-to-month,Bank transfer (automatic),Fiber optic,1,11,Weekly,1
3194-OEIUY,64,20.2,1229.93,One year,Bank transfer (automatic),No,1,17,Rarely,0
6934-AQANW,64,72.14,4670.63,One year,Electronic check,DSL,2,59,Rarely,1
7571-UGGUV,67,18.86,1219.78,Two year,Mailed check,No,0,13,Weekly,0
7542-HALQL,3,70.63,208.43,Month-to-month,Bank transfer (automatic),DSL,2,80,Weekly,1
9447-YVUAW,34,24.76,837.1,One year,Credit card (automatic),No,1,5,Weekly,0
7917-TKPVX,48,87.0,4373.21,Month-to-month,Bank transfer (automatic),Fiber optic,1,45,Rarely,1
3885-OBQRB,37,86.23,3134.86,Month-to-month,Mailed check,Fiber optic,3,35,Rarely,1
1969-VFXOI,12,20.54,254.35,Month-to-month,Credit card (automatic),No,3,15,Weekly,0
6531-BATJV,12,89.76,1059.57,Month-to-month,Mailed check,Fiber optic,3,14,Weekly,1
9243-FXYCQ,41,65.38,2608.02,One year,Mailed check,DSL,1,1,Daily,0
9775-YIBWM,17,106.96,1806.32,One year,Mailed check,Fiber optic,0,26,Weekly,0
3071-AVRBG,58,79.78,4437.46,Two year,Credit card (automatic),DSL,1,14,Weekly,0
3127-AYAUN,62,22.61,1446.58,Month-to-month,Credit card (automatic),No,1,1,Daily,0
1336-PVXDA,50,60.85,3041.99,Two year,Electronic check,DSL,2,29,Weekly,0
2271-DROCG,57,88.17,5119.94,Month-to-month,Electronic check,Fiber optic,2,38,Rarely,1
5993-NSIYZ,48,98.87,4887.06,Month-to-month,Mailed check,Fiber optic,2,9,Daily,0
5920-TLWSN,10,77.03,763.28,Month-to-month,Credit card (automatic),Fiber optic,5,8,Weekly,1
4337-LVOEZ,9,92.65,829.74,Month-to-month,Electronic check,Fiber optic,3,32,Rarely,1
3789-BSRPB,48,94.68,4432.64,Month-to-month,Mailed check,Fiber optic,0,0,Daily,1
8467-MXGRW,0,100.52,,Month-to-month,Electronic check,Fiber optic,2,33,Rarely,1
5139-YNISM,70,42.15,3048.53,One year,Bank transfer (automatic),DSL,3,15,Weekly,0
8273-QTSGT,6,21.72,131.29,Month-to-month,Electronic check,No,3,32,Rarely,1
9667-OYRXZ,12,74.04,847.48,Month-to-month,Mailed check,DSL,0,73,Rarely,1
3853-ZTPDK,71,24.38,1767.61,Two year,Electronic check,No,0,31,Weekly,0
2824-MUPLD,48,96.35,4701.98,Month-to-month,Mailed check,Fiber optic,6,29,Rarely,1
9575-SLAHW,71,25.04,1749.85,Two year,Bank transfer (automatic),No,0,12,Weekly,0
6712-DKNCE,3,73.72,219.15,Month-to-month,Electronic check,DSL,2,4,Weekly,1
3617-YPFEL,46,24.48,1125.54,Two year,Bank transfer (automatic),No,1,9,Daily,0
6596-SSFSX,15,108.46,1674.21,Month-to-month,Electronic check,Fiber optic,1,14,Rarely,1
5634-FAYNU,59,23.96,1439.17,Month-to-month,Bank transfer (automatic),No,2,61,Rarely,0
9148-IHFFM,4,78.39,314.1,Month-to-month,Electronic check,DSL,4,43,Rarely,1
3303-CVNXN,38,19.23,753.06,Month-to-month,Credit card (automatic),No,1,39,Weekly,0
9921-HNEVS,10,94.43,978.22,Month-to-month,Bank transfer (automatic),Fiber optic,4,90,Rarely,1
9423-DPNFD,51,24.69,1202.75,Month-to-month,Electronic check,No,0,4,Weekly,0
2626-TGNGQ,2,75.3,144.12,One year,Credit card (automatic),Fiber optic,0,2,Daily,0
2481-BJOLP,61,46.14,2807.69,Two year,Electronic check,DSL,0,13,Weekly,0
5797-ELTIE,7,21.51,154.81,Month-to-month,Electronic check,No,1,22,Weekly,0
1404-WURUU,52,64.95,3245.6,One year,Electronic check,DSL,2,6,Daily,0
3688-TNAPH,62,105.11,6753.63,Two year,Electronic check,Fiber optic,2,38,Rarely,0
4915-UMXPO,4,64.8,249.8,Month-to-month,Credit card (automatic),DSL,0,22,Daily,1
9723-XMJJW,9,20.12,184.62,Month-to-month,Mailed check,No,2,8,Weekly,0
9930-TEMJQ,39,111.12,4465.13,Month-to-month,Electronic check,Fiber optic,4,4,Weekly,1
2363-BSTFD,24,51.19,1172.72,Two year,Mailed check,DSL,2,4,Daily,0
9024-QGYUY,67,24.94,1729.25,One year,Bank transfer (automatic),No,1,9,Rarely,0
1818-NYAHA,21,61.77,1341.47,Month-to-month,Credit card (automatic),DSL,1,90,Rarely,1
7736-RNHHQ,5,40.86,197.07,Month-to-month,Bank transfer (automatic),DSL,2,7,Daily,1
8609-ENPGF,63,22.1,1351.79,One year,Electronic check,No,0,13,Weekly,0
9016-JPGJO,6,69.09,429.48,Two year,Electronic check,DSL,0,8,Weekly,0
3010-EODDG,18,79.48,1497.26,One year,Credit card (automatic),DSL,0,9,Weekly,0
9040-HAZIU,69,98.23,6767.23,Two year,Bank transfer (automatic),Fiber optic,0,33,Rarely,0
2043-XUVCJ,60,84.61,4886.55,Two year,Electronic check,DSL,1,0,Daily,0
5669-TOAOU,1,21.36,20.89,Month-to-month,Credit card (automatic),No,3,78,Rarely,1
5225-VJGIH,12,20.34,240.13,Month-to-month,Electronic check,No,0,13,Weekly,0
3843-JHLBH,27,21.83,597.14,Two year,Mailed check,No,0,62,Rarely,0
1199-IDWRX,2,23.44,47.92,Month-to-month,Electronic check,No,3,39,Weekly,1
7947-OCXLR,59,19.21,1145.49,One year,Credit card (automatic),No,0,21,Weekly,0
4019-JMMHO,39,43.14,1748.13,Month-to-month,Electronic check,DSL,1,16,Weekly,0
6954-TADVO,0,100.28,,Month-to-month,Electronic check,Fiber optic,1,74,Weekly,1
4691-ZPQXR,34,21.38,718.92,One year,Credit card (automatic),No,1,20,Weekly,0
4362-INGIR,58,107.99,6133.02,One year,Mailed check,Fiber optic,1,7,Daily,0
8975-DRPIB,67,20.48,1406.7,Two year,Bank transfer (automatic),No,3,24,Weekly,0
1850-SVSKQ,11,21.75,243.58,Month-to-month,Credit card (automatic),No,5,36,Rarely,0
7628-KJIFZ,12,62.69,781.69,Month-to-month,Electronic check,DSL,0,3,Daily,0
7720-REWDP,3,115.7,340.62,Month-to-month,Mailed check,Fiber optic,2,20,Weekly,1
4419-EJRZZ,35,39.34,1425.85,Two year,Electronic check,DSL,1,36,Rarely,0
3361-XGCXY,71,20.13,1434.71,One year,Credit card (automatic),No,1,8,Weekly,0
1047-HAQBB,61,19.19,1130.01,One year,Electronic check,No,2,4,Daily,0
9430-YMCRJ,49,118.08,5976.32,Two year,Mailed check,Fiber optic,0,55,Weekly,0
9528-NXGQV,47,45.08,2062.31,Month-to-month,Bank transfer (automatic),DSL,0,20,Weekly,0
3168-LZLLW,66,109.93,7444.22,Month-to-month,Credit card (automatic),Fiber optic,4,4,Weekly,0
1287-QWUSG,8,62.92,505.22,One year,Mailed check,DSL,0,13,Daily,0
2104-KWQHI,20,107.95,2162.21,Month-to-month,Electronic check,Fiber optic,3,11,Weekly,1
1608-UECTH,21,20.76,437.48,Month-to-month,Mailed check,No,3,0,Daily,0
8479-TNZNW,61,93.06,5946.57,Two year,Electronic check,Fiber optic,4,20,Daily,0
9026-WFZTC,52,117.43,6158.05,Two year,Mailed check,Fiber optic,3,4,Daily,0
2379-AHAJZ,9,19.21,165.01,Month-to-month,Mailed check,No,2,11,Weekly,0
7719-MAMFW,59,23.15,1428.12,One year,Mailed check,No,0,2,Daily,0
2613-CULAR,65,83.08,5282.29,One year,Mailed check,DSL,0,1,Daily,0
4304-LUQUL,66,44.83,2949.96,Month-to-month,Bank transfer (automatic),DSL,2,4,Daily,0
6393-ADLKU,28,77.64,2244.16,Two year,Electronic check,DSL,1,7,Daily,0
7478-KWEKT,57,51.7,2824.48,Month-to-month,Mailed check,DSL,0,76,Rarely,1
8870-DITPU,64,48.23,3004.17,Month-to-month,Electronic check,DSL,2,8,Daily,0
1403-NWWZD,29,78.07,2349.35,One year,Bank transfer (automatic),Fiber optic,1,19,Daily,0
2767-PCFHQ,32,105.68,3252.31,Two year,Mailed check,Fiber optic,4,4,Daily,0
3524-LWHQT,62,40.65,2524.51,Two year,Electronic check,DSL,0,8,Weekly,0
3792-ZGTCO,48,90.39,4202.43,Month-to-month,Bank transfer (automatic),Fiber optic,3,0,Weekly,1
9981-KYUYW,26,103.8,2659.4,Month-to-month,Electronic check,Fiber optic,1,50,Rarely,1
7995-KTAOB,58,45.42,2710.87,Two year,Mailed check,DSL,0,8,Weekly,0
3883-SZRVG,1,49.31,51.57,Month-to-month,Mailed check,DSL,1,6,Daily,0
9745-ZORUQ,27,46.01,1251.45,Two year,Credit card (automatic),DSL,1,10,Rarely,0
5493-IPRWM,10,71.27,702.86,Month-to-month,Bank transfer (automatic),Fiber optic,4,26,Weekly,1
5506-NNCCA,27,92.14,2383.33,One year,Bank transfer (automatic),Fiber optic,3,20,Daily,0
4902-RKWSD,4,61.85,244.96,Two year,Electronic check,DSL,3,6,Weekly,0
2294-CJXBE,4,82.5,340.36,Month-to-month,Electronic check,DSL,2,37,Rarely,1
9408-AKZRM,8,72.49,594.8,Month-to-month,Electronic check,DSL,2,11,Weekly,0
1125-DJNHS,8,83.63,659.43,Month-to-month,Mailed check,DSL,2,70,Daily,1
2568-ZFGDS,6,106.71,619.13,Month-to-month,Electronic check,Fiber optic,3,15,Weekly,1
3066-MHFBM,65,117.47,7668.91,One year,Electronic check,Fiber optic,2,22,Weekly,0
3513-RGAMR,5,82.04,423.82,Month-to-month,Mailed check,Fiber optic,1,8,Daily,1
2186-IGETW,4,78.13,314.47,Month-to-month,Bank transfer (automatic),Fiber optic,4,63,Rarely,1
1161-UNSKA,1,57.0,57.24,Month-to-month,Mailed check,DSL,1,15,Weekly,0
7098-JSQZZ,5,61.62,314.47,Month-to-month,Electronic check,DSL,0,6,Daily,0
9722-GAHWV,11,110.0,1165.16,Two year,Mailed check,Fiber optic,2,55,Weekly,0
2096-CEORZ,48,96.26,4675.3,Month-to-month,Mailed check,Fiber optic,2,56,Rarely,1
3668-TFAQO,40,25.64,982.33,One year,Credit card (automatic),No,0,11,Weekly,0
5556-XONHC,44,83.99,3569.8,One year,Electronic check,Fiber optic,3,11,Weekly,0
9346-WVESJ,29,98.08,2716.74,One year,Bank transfer (automatic),Fiber optic,3,25,Weekly,0
7247-LWVEH,7,23.39,165.6,Month-to-month,Bank transfer (automatic),No,3,10,Daily,0
7894-VXCVM,50,77.56,4058.02,Two year,Credit card (automatic),Fiber optic,1,12,Weekly,0
6229-PBRRR,60,24.39,1411.94,Two year,Credit card (automatic),No,1,5,Weekly,0
4752-UYWTZ,9,68.41,613.88,Month-to-month,Mailed check,DSL,1,40,Rarely,1
2797-RROTB,3,47.83,149.14,Two year,Bank transfer (automatic),DSL,1,17,Rarely,0
8777-NLXBQ,13,90.06,1211.76,Two year,Mailed check,Fiber optic,2,16,Weekly,0
8236-EWWGW,7,101.08,702.13,Month-to-month,Credit card (automatic),Fiber optic,1,47,Weekly,1
1225-MZSAF,4,105.57,432.61,Month-to-month,Bank transfer (automatic),Fiber optic,4,26,Weekly,1
7437-KFDZW,20,90.24,1722.36,Month-to-month,Electronic check,Fiber optic,4,61,Rarely,1
1759-LFEXI,22,105.04,2370.16,One year,Electronic check,Fiber optic,3,19,Weekly,1
7650-AKLQI,6,82.64,507.03,Month-to-month,Credit card (automatic),Fiber optic,1,0,Weekly,1
8432-XQZJQ,70,53.03,3742.87,One year,Bank transfer (automatic),DSL,0,12,Weekly,0
2179-JSTIY,8,70.57,542.79,One year,Bank transfer (automatic),Fiber optic,0,24,Weekly,0
4904-WXFSC,9,93.65,825.67,Month-to-month,Credit card (automatic),Fiber optic,1,90,Weekly,1
2113-CZDWL,56,47.66,2581.35,Month-to-month,Electronic check,DSL,1,73,Weekly,0
6104-HBRSM,30,66.69,1912.46,One year,Electronic check,DSL,0,32,Weekly,0
9347-VIOHP,30,116.83,3644.81,Month-to-month,Credit card (automatic),Fiber optic,2,12,Weekly,0
1727-DMOOL,57,26.0,1434.82,Two year,Bank transfer (automatic),No,2,27,Weekly,0
4577-QNHFQ,28,56.22,1527.98,Month-to-month,Bank transfer (automatic),DSL,2,85,Rarely,1
9757-YTQXX,68,72.75,5046.32,Two year,Mailed check,DSL,0,30,Weekly,0
3708-NCQQH,27,83.19,2206.16,One year,Electronic check,DSL,0,2,Rarely,0
2189-WWIMF,42,63.08,2624.17,One year,Electronic check,DSL,1,4,Weekly,0
5396-EGJHD,62,86.2,5107.41,One year,Electronic check,Fiber optic,1,9,Weekly,0
5574-LQINH,2,46.17,96.28,Month-to-month,Electronic check,DSL,3,38,Weekly,1
6965-SQYBW,49,78.54,4039.51,Two year,Credit card (automatic),Fiber optic,4,5,Daily,0
3823-IBREE,10,24.91,245.82,Month-to-month,Credit card (automatic),No,0,90,Rarely,0
9599-ZFOFD,45,82.56,3609.55,Month-to-month,Bank transfer (automatic),Fiber optic,1,65,Weekly,1
5688-AAMLB,56,83.13,4751.07,Two year,Electronic check,Fiber optic,0,12,Weekly,0
3577-JHOZR,32,24.1,791.08,Month-to-month,Mailed check,No,2,8,Weekly,0
9641-XEFTI,3,110.59,320.28,Month-to-month,Electronic check,Fiber optic,2,21,Rarely,1
9322-WMFVO,22,48.59,1067.58,One year,Electronic check,DSL,3,11,Weekly,0
5491-ULDRD,68,70.68,4659.89,One year,Electronic check,DSL,0,9,Weekly,0
1223-RKUWK,51,21.85,1084.68,Two year,Bank transfer (automatic),No,1,4,Weekly,0
6371-WCCZO,34,20.58,699.28,Two year,Mailed check,No,1,13,Rarely,0
5996-LEHRV,6,62.93,373.79,Month-to-month,Bank transfer (automatic),DSL,2,16,Rarely,0
2333-XKLEC,12,107.71,1289.29,Month-to-month,Bank transfer (automatic),Fiber optic,2,20,Daily,1
6705-LPCKQ,19,43.58,818.44,Month-to-month,Mailed check,DSL,3,13,Weekly,0
8566-VYIKW,12,42.27,485.59,Month-to-month,Electronic check,DSL,1,6,Daily,0
1952-SHREL,60,25.34,1455.97,Two year,Credit card (automatic),No,2,6,Daily,0
7509-HZAWH,24,116.73,2734.83,One year,Bank transfer (automatic),Fiber optic,1,14,Weekly,0
2262-ARRDA,21,63.31,1332.56,Two year,Electronic check,DSL,0,11,Weekly,0
7738-CKDSC,35,76.97,2616.62,Month-to-month,Bank transfer (automatic),Fiber optic,3,31,Weekly,0
4771-UWSYY,5,19.09,96.65,Month-to-month,Mailed check,No,1,39,Rarely,1
1058-BITIT,21,19.67,423.88,One year,Credit card (automatic),No,3,10,Daily,0
9695-UZIJA,20,83.71,1739.87,Month-to-month,Bank transfer (automatic),Fiber optic,5,47,Rarely,1
2493-HHLKW,9,23.63,222.11,Month-to-month,Electronic check,No,3,90,Weekly,1
6363-USAMS,22,75.35,1635.28,Month-to-month,Bank transfer (automatic),Fiber optic,9,56,Rarely,1
2633-GLSUW,31,19.53,632.25,Month-to-month,Mailed check,No,0,11,Daily,0
9396-LKJRK,37,104.58,4014.69,Month-to-month,Bank transfer (automatic),Fiber optic,0,41,Rarely,0
7644-KEMGN,70,82.48,5667.18,One year,Mailed check,Fiber optic,1,3,Weekly,0
8238-XUMZZ,11,20.12,218.44,Month-to-month,Electronic check,No,3,24,Rarely,1
4888-LTIWJ,47,98.26,4464.86,Two year,Electronic check,Fiber optic,2,12,Weekly,0
5205-GDVHV,67,73.82,5128.48,One year,Credit card (automatic),Fiber optic,3,10,Daily,0
6708-CNLLE,4,23.22,93.15,Month-to-month,Electronic check,No,0,4,Daily,0
8062-BJMUM,38,18.64,687.48,Two year,Bank transfer (automatic),No,1,23,Weekly,0
8621-GGPLX,54,81.3,4526.02,Two year,Credit card (automatic),Fiber optic,2,23,Daily,0
1160-LOBFW,38,91.85,3612.6,Two year,Credit card (automatic),Fiber optic,1,7,Daily,0
6971-IKPBN,52,23.23,1224.83,One year,Credit card (automatic),No,0,28,Rarely,0
1982-JDKLE,37,79.89,2924.71,Two year,Credit card (automatic),Fiber optic,1,6,Daily,0
3591-OTGZP,36,112.64,3941.51,One year,Mailed check,Fiber optic,2,5,Daily,0
8464-UBTIS,1,81.28,83.45,Month-to-month,Electronic check,DSL,0,6,Weekly,0
3254-UGGBP,2,61.11,125.53,Month-to-month,Electronic check,DSL,0,7,Daily,0
8170-UKEIK,29,51.53,1495.99,Two year,Electronic check,DSL,0,8,Weekly,0
5166-XDIQG,5,75.36,385.95,One year,Electronic check,Fiber optic,1,0,Daily,1
3093-XXJTT,34,115.53,3810.1,One year,Mailed check,Fiber optic,0,11,Weekly,0
4007-REBJD,5,45.14,226.37,Month-to-month,Bank transfer (automatic),DSL,1,22,Weekly,1
5776-HQPFA,0,52.74,,Month-to-month,Credit card (automatic),DSL,1,8,Weekly,0
7885-FLUJH,39,85.95,3516.84,One year,Mailed check,Fiber optic,1,16,Daily,0
6453-OBFAN,23,51.34,1171.89,Month-to-month,Credit card (automatic),DSL,0,4,Daily,0
9398-LPQKW,7,18.52,125.82,Month-to-month,Credit card (automatic),No,3,72,Rarely,1
8808-XCXFG,63,48.53,2964.48,One year,Bank transfer (automatic),DSL,1,6,Daily,0
7779-NAJFM,2,24.11,50.61,Month-to-month,Electronic check,No,2,31,Weekly,0
6427-VYFOM,7,79.96,587.66,Two year,Bank transfer (automatic),Fiber optic,4,6,Weekly,0
3608-KQZKB,56,24.23,1397.54,Two year,Bank transfer (automatic),No,1,7,Rarely,0
4712-XYINW,51,90.17,4589.71,One year,Credit card (automatic),Fiber optic,1,2,Daily,0
2069-NMXVN,38,19.11,738.22,Month-to-month,Bank transfer (automatic),No,2,3,Daily,0
4367-ELRHN,17,110.11,1909.67,Month-to-month,Credit card (automatic),Fiber optic,2,26,Daily,1
9337-RCOTF,48,100.8,4659.56,Month-to-month,Electronic check,Fiber optic,2,90,Weekly,1
4832-OSBQG,39,67.16,2525.95,One year,Electronic check,DSL,2,6,Daily,0
2023-KQAAL,0,77.29,,Month-to-month,Bank transfer (automatic),Fiber optic,2,55,Daily,1
6866-YAUBM,2,67.67,133.65,Month-to-month,Credit card (automatic),DSL,3,20,Weekly,1
9662-LMCTH,3,24.47,73.18,Two year,Electronic check,No,0,1,Daily,0
8806-UROIQ,66,118.32,7655.08,Two year,Electronic check,Fiber optic,2,9,Weekly,0
3466-ZYXFP,29,102.54,3008.74,Month-to-month,Bank transfer (automatic),Fiber optic,1,12,Daily,0
5084-KZYWE,5,58.88,301.91,Month-to-month,Bank transfer (automatic),DSL,0,3,Daily,0
5778-ISTJD,10,76.67,795.17,Month-to-month,Mailed check,DSL,0,30,Daily,1
3230-DRLMV,2,72.44,143.57,Month-to-month,Electronic check,Fiber optic,1,8,Rarely,1
3417-ATHYY,64,90.34,5661.52,One year,Mailed check,Fiber optic,2,1,Daily,0
3129-NIGEZ,58,105.51,5905.4,Month-to-month,Electronic check,Fiber optic,5,5,Daily,0
9950-ELMRV,35,21.2,746.47,One year,Electronic check,No,0,46,Weekly,0
7713-OTOLE,62,41.71,2466.59,Two year,Mailed check,DSL,1,13,Weekly,0
8566-FLBIM,12,75.38,936.89,Month-to-month,Electronic check,Fiber optic,1,71,Rarely,1
8348-MVZSC,45,46.69,2096.21,One year,Bank transfer (automatic),DSL,3,31,Weekly,0
9631-KSPLL,19,110.32,2118.97,Two year,Bank transfer (automatic),Fiber optic,2,20,Weekly,1
1947-KPENF,2,104.96,207.82,One year,Credit card (automatic),Fiber optic,5,35,Rarely,1
8933-RWNKY,25,107.05,2543.42,Two year,Credit card (automatic),Fiber optic,0,3,Daily,0
1598-RLAAF,59,114.1,6926.34,Month-to-month,Electronic check,Fiber optic,3,90,Rarely,1
5278-GSNZO,1,52.92,52.78,Month-to-month,Electronic check,DSL,0,9,Weekly,1
6349-XOJSL,41,73.18,2972.35,One year,Mailed check,DSL,0,66,Weekly,1
4220-HMRJS,66,55.77,3776.15,Two year,Bank transfer (automatic),DSL,1,5,Daily,0
2315-ZKHKV,59,108.11,6281.2,Two year,Electronic check,Fiber optic,2,19,Daily,0
2730-EZKVU,47,71.01,3386.7,Two year,Credit card (automatic),DSL,0,3,Daily,0
8421-UXEPC,12,118.01,1448.08,Month-to-month,Bank transfer (automatic),Fiber optic,1,60,Rarely,1
3868-HBRPT,49,106.72,5481.57,Month-to-month,Credit card (automatic),Fiber optic,1,17,Weekly,1
3792-EIRVX,1,70.29,72.18,One year,Bank transfer (automatic),Fiber optic,2,39,Rarely,0
9309-BKAVD,12,103.94,1187.86,One year,Credit card (automatic),Fiber optic,1,16,Weekly,0
2294-VEAWL,7,19.26,136.51,Month-to-month,Credit card (automatic),No,1,57,Rarely,1
9236-LQHRL,27,22.6,617.29,One year,Mailed check,No,3,9,Weekly,0
9287-HKAHP,15,77.63,1120.59,Month-to-month,Bank transfer (automatic),Fiber optic,2,9,Weekly,1
6386-DDRLD,64,22.21,1457.01,Two year,Credit card (automatic),No,1,28,Daily,0
2489-TUAFJ,29,24.44,699.89,Month-to-month,Credit card (automatic),No,1,37,Rarely,1
2402-TBUID,69,52.3,3653.36,Two year,Credit card (automatic),DSL,2,16,Daily,0
3562-WCDYN,27,77.41,2041.68,One year,Bank transfer (automatic),Fiber optic,2,18,Weekly,0
6196-MRQPA,47,85.25,3877.38,Month-to-month,Bank transfer (automatic),Fiber optic,3,10,Daily,0
2382-OHUND,6,19.8,117.56,Month-to-month,Mailed check,No,1,63,Rarely,1
5100-XHHYU,1,19.88,19.3,Month-to-month,Electronic check,No,2,0,Daily,0
2039-WRXCP,33,103.82,3592.83,One year,Mailed check,Fiber optic,0,6,Daily,1
5862-HKGFL,59,104.16,6284.86,One year,Electronic check,Fiber optic,3,8,Daily,0
1190-XQJLN,5,95.66,456.18,Month-to-month,Electronic check,Fiber optic,1,29,Daily,1
7380-GNSGP,36,82.23,2926.09,One year,Electronic check,Fiber optic,3,3,Daily,1
1498-SNHOU,10,95.69,996.41,Month-to-month,Mailed check,Fiber optic,2,28,Daily,1
2753-FORIK,43,116.0,5035.75,One year,Electronic check,Fiber optic,2,2,Weekly,0
2571-XJPDY,11,21.38,234.82,Month-to-month,Credit card (automatic),No,3,49,Weekly,0
8478-PTPJI,0,90.54,,Month-to-month,Credit card (automatic),Fiber optic,3,1,Daily,1
1480-SWDVV,2,61.74,121.06,Month-to-month,Bank transfer (automatic),DSL,0,15,Weekly,1
4862-CCSVK,55,47.21,2567.57,Two year,Mailed check,DSL,1,2,Daily,0
6319-QZIFZ,51,81.87,4048.89,Two year,Credit card (automatic),Fiber optic,1,22,Weekly,0
5643-HMLNG,4,103.51,422.76,Month-to-month,Electronic check,Fiber optic,3,76,Weekly,1
7125-RRFMB,0,77.84,,Month-to-month,Bank transfer (automatic),Fiber optic,3,35,Weekly,1
8227-FZNQX,38,99.32,3745.78,One year,Credit card (automatic),Fiber optic,2,2,Daily,0
4542-SUSMQ,3,21.39,66.91,Two year,Bank transfer (automatic),No,1,24,Weekly,0
8453-HXEWW,71,20.8,1462.9,Two year,Credit card (automatic),No,1,52,Weekly,0
3861-DSZOI,31,96.66,2947.64,Two year,Electronic check,Fiber optic,3,21,Weekly,1
9858-WNDGR,67,80.95,5381.72,Month-to-month,Credit card (automatic),Fiber optic,4,55,Rarely,0
5540-LFUDF,7,85.02,580.21,Month-to-month,Electronic check,Fiber optic,4,1,Weekly,1
7623-MBKXY,68,95.44,6640.84,One year,Mailed check,Fiber optic,3,5,Daily,0
8874-WIBVJ,70,69.24,4933.41,Two year,Electronic check,DSL,1,21,Weekly,0
8133-TDRPX,51,110.56,5499.1,Two year,Mailed check,Fiber optic,2,8,Rarely,0
8659-CKZKR,50,110.0,5456.14,Two year,Bank transfer (automatic),Fiber optic,2,6,Daily,0
5828-ESHOW,19,94.14,1794.36,Two year,Bank transfer (automatic),Fiber optic,1,33,Rarely,1
1391-RMEIW,2,73.6,152.61,Two year,Mailed check,Fiber optic,1,5,Daily,0
5437-FRMIS,18,47.65,843.58,Month-to-month,Credit card (automatic),DSL,2,90,Weekly,1
2633-JHNTW,54,39.02,2123.56,Two year,Mailed check,DSL,0,13,Daily,0
9001-QRUHG,68,19.89,1412.03,Two year,Electronic check,No,0,22,Weekly,0
3130-MQQDU,46,71.49,3209.96,One year,Electronic check,Fiber optic,2,4,Weekly,0
3052-JWSZQ,56,71.88,4117.18,One year,Credit card (automatic),DSL,2,1,Daily,0
3244-NEKWJ,3,96.49,293.96,Month-to-month,Credit card (automatic),Fiber optic,2,0,Daily,1
6782-BGPQZ,1,40.64,39.22,Month-to-month,Bank transfer (automatic),DSL,2,1,Daily,0
6140-YNOUB,26,99.96,2724.94,Month-to-month,Bank transfer (automatic),Fiber optic,2,21,Weekly,1
9538-PMUUR,28,76.45,2201.04,Month-to-month,Bank transfer (automatic),DSL,1,90,Rarely,1
4745-RRPFH,3,18.71,55.73,Month-to-month,Bank transfer (automatic),No,0,24,Rarely,1
3540-TQGWZ,53,44.84,2390.74,Two year,Credit card (automatic),DSL,1,5,Daily,0
1443-QFYGL,36,92.85,3296.09,One year,Mailed check,Fiber optic,2,12,Weekly,1
1063-WNGCJ,39,72.05,2743.01,Month-to-month,Bank transfer (automatic),Fiber optic,1,42,Weekly,0
4362-RSFES,3,39.98,124.69,One year,Bank transfer (automatic),DSL,0,17,Weekly,0
9331-EBMOG,8,65.79,530.79,Month-to-month,Mailed check,DSL,2,17,Weekly,1
5713-FGIAA,68,64.88,4354.24,One year,Mailed check,DSL,1,5,Daily,0
9041-JAIPA,69,76.11,5436.09,Two year,Electronic check,DSL,0,24,Rarely,0
1914-QQOQV,2,73.78,146.71,Month-to-month,Credit card (automatic),Fiber optic,2,54,Rarely,1
1839-BEIRW,61,25.23,1490.52,One year,Electronic check,No,0,4,Daily,0
8500-XPKKB,51,70.9,3490.26,Two year,Electronic check,Fiber optic,3,10,Weekly,0
1960-MNFTV,54,84.62,4770.92,One year,Bank transfer (automatic),Fiber optic,1,6,Daily,0
1467-HXCXT,41,72.36,2931.87,Month-to-month,Mailed check,Fiber optic,2,24,Weekly,0
4636-FQIUE,6,50.24,298.29,Month-to-month,Bank transfer (automatic),DSL,0,27,Weekly,0
9322-GHFIP,57,109.54,6267.28,Month-to-month,Bank transfer (automatic),Fiber optic,1,6,Daily,0
7203-QOEFX,17,19.44,333.0,Two year,Mailed check,No,1,10,Weekly,0
1891-GCLAI,4,48.29,191.85,Month-to-month,Mailed check,DSL,2,20,Rarely,1
8533-WGSMJ,23,67.12,1611.04,Month-to-month,Bank transfer (automatic),DSL,1,12,Weekly,0
8591-RPIFX,37,40.0,1454.99,One year,Electronic check,DSL,3,5,Daily,0
8205-EYMZJ,35,99.22,3338.32,One year,Bank transfer (automatic),Fiber optic,3,9,Rarely,0
9122-OPIFN,63,25.21,1666.91,One year,Bank transfer (automatic),No,2,4,Weekly,0
3158-RGTQE,22,73.37,1568.9,Two year,Credit card (automatic),Fiber optic,2,6,Daily,0
9815-YBQLQ,5,70.29,367.08,Month-to-month,Bank transfer (automatic),Fiber optic,3,45,Daily,1
3885-URQVS,61,89.69,5660.23,One year,Bank transfer (automatic),Fiber optic,1,2,Daily,0
8217-VKFGP,1,24.87,25.56,Month-to-month,Credit card (automatic),No,1,45,Rarely,0
6213-NCFZS,5,115.36,555.62,One year,Electronic check,Fiber optic,0,15,Daily,1
8014-TFBHW,71,75.85,5134.82,One year,Mailed check,DSL,4,11,Daily,0
6649-NUMMP,67,68.87,4462.4,Month-to-month,Mailed check,DSL,3,4,Weekly,0
6781-YLPXJ,68,58.62,3946.97,Two year,Bank transfer (automatic),DSL,2,8,Daily,0
6545-VNWMQ,31,24.42,779.13,One year,Electronic check,No,2,0,Weekly,0
8010-IQIPU,38,106.7,4011.1,Month-to-month,Bank transfer (automatic),Fiber optic,1,8,Weekly,0
7650-LLISP,61,47.45,2758.78,Two year,Electronic check,DSL,1,4,Daily,0
2210-NACAW,53,23.87,1210.92,Month-to-month,Electronic check,No,2,7,Weekly,0
8433-WBBUN,8,24.44,194.75,Month-to-month,Mailed check,No,3,10,Weekly,0
5824-IPGFJ,49,80.44,3755.81,Two year,Electronic check,DSL,2,4,Daily,0
3907-XTEOW,46,72.56,3423.11,Month-to-month,Mailed check,DSL,2,0,Daily,0
5627-YTDGF,6,23.99,140.27,Month-to-month,Mailed check,No,1,2,Daily,0
9701-DEIOK,12,80.47,964.41,Month-to-month,Mailed check,DSL,2,35,Rarely,1
8717-KGDZP,12,47.94,592.1,Month-to-month,Credit card (automatic),DSL,0,42,Rarely,1
8502-FVVZE,71,96.68,6900.28,Two year,Bank transfer (automatic),Fiber optic,2,9,Weekly,0
5164-QZUFX,31,113.33,3647.76,One year,Mailed check,Fiber optic,1,2,Daily,0
8056-KMOUD,54,100.63,5622.58,Two year,Credit card (automatic),Fiber optic,4,1,Daily,0
4465-OVOHB,10,81.84,791.66,Month-to-month,Electronic check,DSL,1,18,Weekly,1
7174-OSOZP,57,72.45,3932.44,Month-to-month,Bank transfer (automatic),Fiber optic,3,26,Weekly,0
6755-NBOES,23,20.1,479.14,Month-to-month,Mailed check,No,0,13,Weekly,0
3247-EXHLD,60,49.18,2996.76,Two year,Credit card (automatic),DSL,3,30,Daily,0
3397-FXHNZ,31,42.61,1376.25,Two year,Mailed check,DSL,0,10,Weekly,0
1550-QBJKH,53,100.2,5089.25,Two year,Electronic check,Fiber optic,2,7,Daily,0
2257-GNJHK,38,57.47,2290.2,Month-to-month,Electronic check,DSL,1,0,Weekly,0
4902-IFLYN,45,81.76,3857.44,Two year,Electronic check,Fiber optic,1,1,Daily,0
5300-PZPFK,56,72.48,3964.77,One year,Mailed check,DSL,1,0,Daily,0
2485-MMDCJ,35,23.57,788.54,Two year,Bank transfer (automatic),No,2,6,Weekly,0
4751-XSVEK,64,40.8,2577.79,One year,Bank transfer (automatic),DSL,1,1,Weekly,0
6436-PLKJB,7,59.22,411.82,Month-to-month,Electronic check,DSL,1,33,Rarely,1
3092-WYCKN,15,72.13,1056.94,Two year,Electronic check,DSL,4,0,Weekly,0
4043-UZKTY,61,43.76,2550.33,One year,Electronic check,DSL,0,37,Weekly,0
4307-VHVKA,69,108.56,7765.42,Two year,Mailed check,Fiber optic,1,15,Daily,0
5544-TVILJ,37,99.88,3588.88,One year,Bank transfer (automatic),Fiber optic,2,3,Daily,0
4297-DZAOA,34,23.89,842.57,Month-to-month,Mailed check,No,2,19,Daily,1
7631-RXQPV,59,82.14,4729.3,Month-to-month,Credit card (automatic),Fiber optic,5,23,Weekly,1
3947-ZWGOV,9,106.26,989.8,Month-to-month,Mailed check,Fiber optic,3,15,Rarely,1
4904-HRAWP,63,19.8,1220.3,Two year,Bank transfer (automatic),No,0,3,Daily,0
4414-TVFLW,8,78.58,603.54,Month-to-month,Credit card (automatic),DSL,1,3,Daily,1
2646-EVHON,9,79.99,743.14,Month-to-month,Bank transfer (automatic),Fiber optic,2,60,Rarely,1
7171-RVJEK,70,83.01,5681.44,One year,Bank transfer (automatic),Fiber optic,3,19,Daily,0
3118-PTTIY,27,69.86,1850.16,One year,Bank transfer (automatic),DSL,1,1,Daily,0
3671-CDAYE,6,86.18,512.32,Month-to-month,Mailed check,Fiber optic,1,18,Rarely,1
8133-PVTYB,5,20.82,105.2,Month-to-month,Credit card (automatic),No,3,12,Daily,1
9538-KNSQO,60,73.03,4441.45,Month-to-month,Bank transfer (automatic),Fiber optic,2,13,Weekly,0
7036-HCLGO,22,109.78,2312.71,Two year,Credit card (automatic),Fiber optic,2,12,Weekly,1
9246-UOPBQ,50,92.28,4823.06,Two year,Mailed check,Fiber optic,1,11,Weekly,0
8686-LDFUX,4,89.06,340.28,Month-to-month,Electronic check,Fiber optic,1,8,Weekly,0
5327-NZEHY,29,50.29,1507.39,One year,Credit card (automatic),DSL,0,2,Daily,0
7931-ERFIM,5,64.54,329.65,Month-to-month,Electronic check,DSL,2,10,Weekly,1
3954-JWZNN,37,64.74,2344.96,One year,Credit card (automatic),DSL,0,16,Weekly,0
5144-BGBWF,2,70.11,141.58,Month-to-month,Credit card (automatic),Fiber optic,3,90,Weekly,1
5818-IVSQB,3,42.94,129.46,Month-to-month,Mailed check,DSL,3,7,Weekly,1
9643-OOITY,29,99.73,2940.45,Two year,Credit card (automatic),Fiber optic,4,24,Weekly,0
8636-GIIVC,64,52.06,3411.04,Month-to-month,Credit card (automatic),DSL,1,3,Daily,0
5402-XUMPX,46,84.26,3881.72,One year,Mailed check,DSL,1,3,Daily,0
6872-UHBRD,46,82.06,3856.37,Month-to-month,Credit card (automatic),Fiber optic,5,49,Rarely,1
2821-CZMQF,47,77.37,3526.61,Month-to-month,Bank transfer (automatic),Fiber optic,4,9,Daily,0
8238-CBJAK,27,72.16,1985.84,One year,Electronic check,Fiber optic,0,6,Daily,0
5976-INPIL,50,103.3,5127.68,Month-to-month,Mailed check,Fiber optic,3,21,Weekly,1
5793-CHZZM,63,84.09,5531.32,Month-to-month,Credit card (automatic),Fiber optic,1,30,Weekly,0
7895-YNDWK,65,51.6,3473.25,One year,Bank transfer (automatic),DSL,1,6,Daily,0
6695-PQITN,1,44.08,41.88,Month-to-month,Bank transfer (automatic),DSL,1,2,Daily,0
1652-JHTGD,46,41.41,1954.49,Two year,Bank transfer (automatic),DSL,1,2,Daily,0
3593-WIQSV,63,81.17,5166.12,Two year,Bank transfer (automatic),Fiber optic,2,32,Rarely,0
2590-QSVYB,53,57.24,3098.72,Two year,Electronic check,DSL,0,11,Weekly,0
7613-TEXBG,33,102.11,3288.19,Two year,Credit card (automatic),Fiber optic,3,13,Rarely,1
1316-EPAAN,28,43.66,1259.0,Month-to-month,Bank transfer (automatic),DSL,2,13,Weekly,0
2821-ZNLRO,67,87.76,5668.63,Two year,Credit card (automatic),Fiber optic,3,12,Daily,0
6376-KPAGR,51,118.13,6264.92,Two year,Mailed check,Fiber optic,2,30,Daily,0
7252-IBDWI,46,23.61,1078.94,One year,Electronic check,No,2,22,Weekly,0
5529-ASNLX,7,25.99,174.77,Month-to-month,Electronic check,No,2,1,Daily,1
8745-IOTPF,60,19.1,1169.0,One year,Bank transfer (automatic),No,0,5,Daily,0
9269-RTDER,60,89.64,5317.51,Month-to-month,Bank transfer (automatic),Fiber optic,3,25,Weekly,0
2188-DWCZR,3,20.23,59.2,Month-to-month,Credit card (automatic),No,1,42,Weekly,0
9571-LGITT,11,82.31,920.71,Month-to-month,Credit card (automatic),DSL,2,20,Daily,1
6528-FOZGS,20,113.91,2240.26,One year,Mailed check,Fiber optic,2,17,Weekly,0
6725-EVEHL,67,97.6,6354.1,Two year,Credit card (automatic),Fiber optic,1,13,Daily,0
1855-JEQAZ,68,84.9,5832.57,Month-to-month,Credit card (automatic),Fiber optic,1,28,Weekly,0
6596-BIYEB,7,64.06,441.71,Month-to-month,Electronic check,DSL,1,71,Weekly,1
7530-TBXLW,1,112.25,107.23,Month-to-month,Electronic check,Fiber optic,1,13,Rarely,0
6226-GDZTX,67,22.8,1485.88,Two year,Bank transfer (automatic),No,0,0,Daily,0
1760-IKPLG,7,107.12,746.15,Month-to-month,Electronic check,Fiber optic,2,6,Weekly,1
5708-JPAIH,25,70.64,1779.15,Month-to-month,Electronic check,DSL,2,6,Daily,1
9422-BDMCI,45,43.49,1954.41,Two year,Mailed check,DSL,2,1,Daily,0
7510-OWCLC,3,73.86,230.86,One year,Credit card (automatic),DSL,1,3,Weekly,0
2236-LMULY,54,80.12,4257.96,Two year,Credit card (automatic),Fiber optic,4,13,Daily,0
9638-DBAJF,1,112.22,116.34,One year,Electronic check,Fiber optic,0,12,Daily,0
9628-CGZUA,70,53.24,3718.85,One year,Credit card (automatic),DSL,1,27,Rarely,0
2524-XFKIK,22,22.73,509.13,Month-to-month,Electronic check,No,2,80,Weekly,1
8207-TSPQS,46,83.86,3873.06,Two year,Credit card (automatic),Fiber optic,1,13,Rarely,0
4660-EKCSL,56,18.56,998.7,Two year,Bank transfer (automatic),No,2,11,Daily,0
6342-QOHDZ,8,24.35,193.29,Month-to-month,Electronic check,No,3,22,Weekly,1
5006-HCHXG,62,104.67,6603.24,Two year,Credit card (automatic),Fiber optic,2,13,Weekly,0
8042-ZLWQB,12,25.43,298.32,Month-to-month,Electronic check,No,2,28,Weekly,0
9968-NKFOC,72,22.79,1613.02,One year,Electronic check,No,1,8,Weekly,0
8155-SVCMR,10,47.65,486.08,Month-to-month,Electronic check,DSL,2,17,Weekly,1
9381-BKGBU,42,78.29,3365.01,Month-to-month,Mailed check,Fiber optic,2,11,Rarely,1
9513-LTPWZ,12,21.42,257.97,Month-to-month,Electronic check,No,3,11,Weekly,1
1810-PJKVL,15,86.04,1321.1,Month-to-month,Credit card (automatic),Fiber optic,2,1,Daily,0
3280-NFZQI,2,89.79,185.72,Month-to-month,Mailed check,Fiber optic,2,9,Rarely,1
7495-PKEWX,2,20.19,40.42,Month-to-month,Bank transfer (automatic),No,2,34,Rarely,0
6310-VJGBT,12,117.95,1443.08,Month-to-month,Electronic check,Fiber optic,1,6,Daily,0
1451-IXWDX,10,74.16,705.43,Month-to-month,Electronic check,Fiber optic,0,24,Weekly,1
1855-DMMYR,53,73.0,3686.87,Month-to-month,Mailed check,DSL,0,21,Weekly,0
5684-WPVWW,46,22.76,1057.71,One year,Bank transfer (automatic),No,2,27,Weekly,0
6544-KJZTX,0,22.67,,Month-to-month,Bank transfer (automatic),No,0,0,Daily,0
2509-PYSTE,71,23.1,1606.28,Month-to-month,Mailed check,No,1,1,Daily,0
2541-OTTYI,25,25.28,639.44,One year,Electronic check,No,0,76,Rarely,1
2163-HZZEJ,4,70.06,269.08,Month-to-month,Mailed check,DSL,4,5,Weekly,0
6083-YFUCE,22,83.14,1878.35,One year,Bank transfer (automatic),Fiber optic,3,6,Daily,1
1070-UPOWH,15,51.39,759.52,One year,Electronic check,DSL,1,37,Weekly,1
6151-NPTIQ,37,77.09,2872.7,Month-to-month,Bank transfer (automatic),DSL,2,28,Weekly,0
5282-LOWKR,69,22.09,1597.25,Month-to-month,Credit card (automatic),No,1,90,Rarely,0
5193-YTZPH,29,71.42,2074.61,Month-to-month,Electronic check,DSL,1,29,Weekly,0
7112-ZQGIG,66,88.23,5838.71,Two year,Electronic check,Fiber optic,0,13,Weekly,0
5703-VCTOB,69,24.04,1592.93,Two year,Mailed check,No,0,0,Daily,0
7549-PTSNI,67,21.68,1386.37,Two year,Bank transfer (automatic),No,0,4,Weekly,0
7874-EAJQA,19,61.69,1221.65,Two year,Mailed check,DSL,1,3,Weekly,1
9280-ZPHZE,46,81.71,3896.4,Month-to-month,Electronic check,DSL,0,57,Weekly,1
8192-YHJLZ,70,94.0,6784.26,Two year,Bank transfer (automatic),Fiber optic,4,13,Weekly,0
5658-GZJHQ,50,80.9,4244.91,Two year,Mailed check,Fiber optic,3,38,Weekly,0
5428-SIDKO,11,22.49,237.42,Month-to-month,Bank transfer (automatic),No,2,15,Weekly,0
3121-BCXAK,11,70.41,795.09,Month-to-month,Electronic check,Fiber optic,1,12,Rarely,1
6395-TIMCU,6,51.83,298.91,Month-to-month,Credit card (automatic),DSL,1,1,Weekly,1
2252-QWWJB,12,99.3,1207.66,Month-to-month,Electronic check,Fiber optic,1,1,Daily,0
9380-JDNDX,49,73.44,3676.99,Month-to-month,Credit card (automatic),Fiber optic,1,21,Weekly,0
8604-PGXUL,67,21.92,1497.06,One year,Electronic check,No,1,0,Daily,0
2077-DIPTG,9,66.55,584.87,Month-to-month,Electronic check,DSL,2,15,Daily,0
8072-THGLE,14,80.99,1177.32,Month-to-month,Electronic check,Fiber optic,3,6,Daily,0
2053-KJHUI,11,80.56,892.01,Month-to-month,Credit card (automatic),Fiber optic,2,90,Rarely,1
7490-SSRHV,62,102.44,6613.9,Two year,Bank transfer (automatic),Fiber optic,2,19,Weekly,0
1789-GHWIS,50,117.25,5830.05,One year,Mailed check,Fiber optic,3,1,Daily,0
5393-BPWSP,10,84.91,835.77,Two year,Credit card (automatic),Fiber optic,1,11,Weekly,0
6920-WHJBS,27,80.07,2248.06,One year,Electronic check,Fiber optic,0,24,Daily,0
7558-STTDR,60,84.26,5215.22,One year,Mailed check,DSL,2,19,Weekly,0
4767-TFMXK,46,77.39,3412.59,Month-to-month,Electronic check,DSL,2,15,Weekly,0
9293-TNRQQ,57,82.06,4648.74,One year,Mailed check,DSL,0,7,Daily,0
7968-UXHYQ,4,41.12,157.5,Month-to-month,Electronic check,DSL,1,76,Daily,1
2874-PIKQJ,4,115.28,478.19,Month-to-month,Electronic check,Fiber optic,1,10,Weekly,1
7040-HVKQA,59,77.56,4566.13,Two year,Electronic check,DSL,0,5,Daily,0
7574-CWDUX,9,52.79,463.78,Month-to-month,Bank transfer (automatic),DSL,1,50,Weekly,1
4002-MWLYG,65,23.18,1441.95,Two year,Electronic check,No,0,16,Daily,0
7643-LKUBV,53,78.35,4066.61,Two year,Electronic check,Fiber optic,2,34,Weekly,0
9084-AIPDM,1,21.63,21.34,Month-to-month,Bank transfer (automatic),No,2,49,Rarely,1
8353-ZVAPP,20,99.22,2077.75,Two year,Electronic check,Fiber optic,3,4,Daily,1
7862-BQNRH,71,44.07,3282.33,One year,Electronic check,DSL,0,6,Rarely,0
6709-GTSEF,53,116.87,6171.11,One year,Mailed check,Fiber optic,4,19,Weekly,0
3434-PVFFV,12,115.06,1437.85,Two year,Credit card (automatic),Fiber optic,5,44,Rarely,1
8156-SXUYE,58,78.9,4712.91,Two year,Credit card (automatic),DSL,0,3,Weekly,0
4277-HGBUR,6,44.91,276.72,Month-to-month,Credit card (automatic),DSL,0,10,Weekly,0
5789-CFEKL,64,69.78,4362.67,Two year,Bank transfer (automatic),DSL,0,23,Daily,0
3829-HYFOL,71,79.96,5814.84,One year,Electronic check,DSL,1,11,Weekly,0
3816-KVZAM,6,45.33,285.34,Month-to-month,Bank transfer (automatic),DSL,2,35,Rarely,1
2418-DLQKI,67,68.78,4764.91,One year,Credit card (automatic),DSL,0,24,Weekly,0
9650-IHIJR,67,79.9,5375.86,Two year,Electronic check,Fiber optic,0,1,Daily,0
2329-CBNRG,68,70.73,4569.6,Two year,Credit card (automatic),DSL,1,25,Daily,0
1776-FQJTD,11,101.4,1101.65,Month-to-month,Credit card (automatic),Fiber optic,3,17,Weekly,1
9424-DOKSN,55,79.09,4416.98,Two year,Bank transfer (automatic),DSL,1,0,Daily,0
5994-JEETF,55,93.56,4959.8,Two year,Mailed check,Fiber optic,2,25,Weekly,0
4940-NVXGC,12,106.8,1269.51,Month-to-month,Bank transfer (automatic),Fiber optic,5,44,Weekly,1
7636-URIPE,6,79.3,485.81,Month-to-month,Credit card (automatic),Fiber optic,3,0,Daily,1
4449-SSHMI,51,68.56,3633.4,Two year,Electronic check,DSL,2,6,Daily,0
2151-ADYLD,47,79.33,3803.62,Month-to-month,Electronic check,DSL,2,42,Weekly,1
7566-BJZKZ,18,72.26,1315.07,Month-to-month,Bank transfer (automatic),DSL,1,90,Weekly,1
2583-MTUAA,66,79.42,5098.06,Month-to-month,Mailed check,DSL,1,4,Daily,0
5976-XYDQY,9,100.54,920.33,Month-to-month,Electronic check,Fiber optic,2,0,Daily,1
9540-YHVQY,66,96.74,6600.95,One year,Mailed check,Fiber optic,1,18,Weekly,0
9424-DPAJA,14,114.38,1591.37,One year,Bank transfer (automatic),Fiber optic,0,27,Daily,1
4246-LVRIL,5,20.93,108.72,Month-to-month,Electronic check,No,1,16,Weekly,0
8021-JTGCN,71,24.11,1684.21,Two year,Mailed check,No,1,7,Daily,0
6513-VMFBY,66,70.88,4740.13,One year,Mailed check,DSL,0,8,Weekly,0
5313-TEBDJ,3,109.49,339.68,One year,Electronic check,Fiber optic,4,6,Daily,1
2259-VEVAT,67,61.89,4307.42,One year,Electronic check,DSL,2,11,Weekly,0
4386-HYMHG,68,93.94,6367.72,Two year,Electronic check,Fiber optic,1,14,Weekly,0
6866-VKJTN,58,71.66,4139.93,Month-to-month,Electronic check,Fiber optic,1,85,Weekly,1
9878-RLBAB,6,115.17,721.8,Month-to-month,Electronic check,Fiber optic,3,16,Daily,1
1044-ONTXE,4,88.78,353.93,Month-to-month,Bank transfer (automatic),Fiber optic,2,6,Weekly,1
7459-YYQNE,52,96.77,4782.14,Two year,Credit card (automatic),Fiber optic,0,11,Daily,0
8616-EAQLE,49,48.12,2354.28,One year,Electronic check,DSL,2,34,Rarely,0
9559-DBQRQ,10,99.89,1009.31,One year,Credit card (automatic),Fiber optic,1,47,Rarely,1
4813-CBCTT,42,21.1,907.8,Month-to-month,Mailed check,No,3,49,Weekly,0
2066-HBIVD,6,98.38,565.44,Month-to-month,Bank transfer (automatic),Fiber optic,1,10,Rarely,1
3438-UMDYN,18,72.83,1320.81,One year,Mailed check,DSL,0,7,Daily,0
8653-RCJQQ,27,99.58,2718.53,Month-to-month,Credit card (automatic),Fiber optic,0,4,Daily,1
8900-BPYUF,0,71.49,,Month-to-month,Bank transfer (automatic),Fiber optic,3,4,Daily,0
6733-XRBDX,41,109.09,4370.86,Month-to-month,Bank transfer (automatic),Fiber optic,3,51,Rarely,1
2104-FCLNO,40,64.8,2661.11,One year,Mailed check,DSL,1,8,Weekly,0
2097-RZTAC,17,81.56,1426.66,One year,Credit card (automatic),Fiber optic,0,4,Daily,1
5303-AKJYJ,67,53.89,3479.63,Two year,Credit card (automatic),DSL,1,70,Rarely,0
6293-AWGXU,5,109.34,561.58,Month-to-month,Electronic check,Fiber optic,3,34,Weekly,1
1291-WVDQK,3,115.41,350.26,Month-to-month,Electronic check,Fiber optic,0,38,Weekly,1
7174-QTNIX,38,24.6,928.87,One year,Credit card (automatic),No,0,13,Weekly,0
5900-RXGVI,31,25.15,801.41,One year,Bank transfer (automatic),No,2,41,Weekly,0
1110-LWJGX,11,93.76,992.94,Month-to-month,Electronic check,Fiber optic,3,28,Rarely,1
1861-ZIHFA,52,21.63,1108.71,Two year,Electronic check,No,2,5,Weekly,0
5088-OGWEQ,11,76.67,876.5,Month-to-month,Bank transfer (automatic),DSL,0,61,Weekly,0
7502-NPCMQ,10,89.14,859.6,Month-to-month,Credit card (automatic),Fiber optic,2,4,Daily,1
8427-IWNJA,63,104.23,6847.46,Two year,Electronic check,Fiber optic,2,3,Daily,0
4881-EMKWU,60,99.73,6061.12,Two year,Electronic check,Fiber optic,2,1,Daily,0
3657-EPLCR,45,19.65,840.63,Two year,Electronic check,No,0,27,Rarely,0
9713-NCMTI,5,53.2,256.84,Two year,Credit card (automatic),DSL,1,26,Weekly,1
5126-JCFZQ,7,48.77,326.1,One year,Credit card (automatic),DSL,1,7,Daily,1
3838-EMFLD,5,19.44,99.85,Month-to-month,Bank transfer (automatic),No,1,90,Rarely,1
4980-QOQLH,38,58.33,2162.07,One year,Mailed check,DSL,0,6,Daily,0
1108-GFLLR,53,48.13,2568.67,One year,Mailed check,DSL,2,6,Daily,0
3717-BHWXY,37,19.04,729.18,Month-to-month,Bank transfer (automatic),No,0,10,Weekly,0
5639-HDFDY,28,20.05,583.98,One year,Credit card (automatic),No,0,8,Weekly,0
9265-WVSIM,67,67.47,4674.62,Two year,Bank transfer (automatic),DSL,1,16,Rarely,0
7643-VVNVJ,1,76.19,76.21,Month-to-month,Bank transfer (automatic),DSL,3,2,Daily,1
8030-KVJTL,4,92.45,356.58,One year,Credit card (automatic),Fiber optic,2,20,Weekly,0
5903-HFPMJ,57,67.03,3762.45,Two year,Electronic check,DSL,1,2,Daily,0
1995-TACZR,8,68.92,542.26,Month-to-month,Bank transfer (automatic),DSL,0,63,Rarely,1
4517-OAPLP,5,68.97,361.77,Month-to-month,Credit card (automatic),DSL,1,29,Weekly,1
9972-BOPHB,7,25.9,186.86,One year,Electronic check,No,1,31,Weekly,0
1397-ZSQTR,17,99.54,1662.16,Month-to-month,Mailed check,Fiber optic,2,6,Weekly,1
8911-DLXHZ,21,64.13,1334.96,Month-to-month,Mailed check,DSL,1,11,Weekly,0
7159-BIJQE,36,112.04,3941.34,One year,Credit card (automatic),Fiber optic,3,17,Rarely,1
3554-FRHWW,46,67.56,3077.75,Two year,Bank transfer (automatic),DSL,2,10,Rarely,0
8001-HOIIR,18,21.94,378.34,One year,Bank transfer (automatic),No,2,14,Rarely,0
8531-HDGYG,6,73.15,453.6,Month-to-month,Bank transfer (automatic),DSL,1,6,Daily,0
1388-JQCGE,54,49.31,2671.37,Two year,Mailed check,DSL,0,16,Weekly,0
1957-YYTGQ,70,102.62,7258.87,Two year,Electronic check,Fiber optic,0,4,Daily,0
6991-RWETF,31,74.29,2233.16,One year,Electronic check,DSL,0,14,Weekly,0
9990-OWBDV,5,68.37,340.2,Month-to-month,Electronic check,DSL,0,19,Daily,0
1215-ARNJW,70,19.91,1388.45,One year,Credit card (automatic),No,1,4,Daily,0
6990-WIADC,2,22.36,42.92,Month-to-month,Credit card (automatic),No,2,18,Rarely,1
2228-ZPRGW,4,24.57,93.67,Month-to-month,Electronic check,No,2,17,Rarely,1
6850-STMSO,63,89.53,5706.92,One year,Electronic check,Fiber optic,1,16,Rarely,0
6609-JPIYS,4,81.68,329.06,Month-to-month,Mailed check,DSL,1,7,Daily,0
1813-TSLYF,9,18.86,172.22,Month-to-month,Bank transfer (automatic),No,0,6,Daily,0
7125-OBHOM,20,102.26,2126.2,One year,Electronic check,Fiber optic,1,3,Daily,0
9072-YPKLP,34,81.29,2901.6,Month-to-month,Electronic check,Fiber optic,3,32,Daily,1
8770-UHPOA,33,101.46,3461.76,Month-to-month,Bank transfer (automatic),Fiber optic,6,90,Weekly,1
1260-XOGQR,9,116.04,994.56,Month-to-month,Bank transfer (automatic),Fiber optic,5,12,Daily,1
3213-XAKEO,67,97.89,6432.03,Two year,Mailed check,Fiber optic,2,41,Rarely,0
3167-NMZNK,3,21.78,67.15,Month-to-month,Electronic check,No,1,49,Rarely,0
5079-BHXLX,66,24.94,1712.08,One year,Mailed check,No,1,14,Weekly,0
2287-NOLOB,7,21.98,160.2,Month-to-month,Bank transfer (automatic),No,0,48,Weekly,1
8688-BMPOL,11,22.73,254.31,Month-to-month,Electronic check,No,1,10,Weekly,0
7990-HSPBL,47,84.89,4128.26,Month-to-month,Electronic check,Fiber optic,3,10,Weekly,0
8274-SUHYQ,5,64.27,310.43,Month-to-month,Mailed check,DSL,2,20,Weekly,0
2783-LQWFD,27,104.72,2797.06,Month-to-month,Bank transfer (automatic),Fiber optic,4,15,Weekly,1
1131-LCVZP,4,94.7,363.02,Month-to-month,Electronic check,Fiber optic,3,6,Weekly,1
9194-ZBQLH,27,48.7,1287.3,Month-to-month,Mailed check,DSL,0,90,Weekly,0
3599-IOQEP,8,70.95,583.28,Month-to-month,Electronic check,Fiber optic,3,52,Weekly,1
6905-YAWPI,33,80.57,2575.4,One year,Credit card (automatic),Fiber optic,0,10,Rarely,1
9184-TQTCB,11,111.24,1253.3,Month-to-month,Credit card (automatic),Fiber optic,1,34,Rarely,1
1325-QHGKS,9,116.52,1076.82,Month-to-month,Mailed check,Fiber optic,2,54,Rarely,1
1049-EZKDB,1,22.72,23.58,Two year,Mailed check,No,1,3,Daily,0
1048-WCKRN,58,77.14,4683.17,Month-to-month,Bank transfer (automatic),DSL,0,20,Daily,0
2406-GCSMB,58,18.85,1120.32,Two year,Credit card (automatic),No,0,3,Daily,0
1464-EOEKD,8,78.27,637.15,Month-to-month,Bank transfer (automatic),DSL,0,0,Daily,1
8379-UQUBJ,11,83.93,949.42,Month-to-month,Electronic check,Fiber optic,4,2,Daily,1
6452-GQVFU,5,19.82,96.02,Month-to-month,Mailed check,No,2,30,Weekly,1
9819-PVCZL,10,20.58,210.71,Month-to-month,Electronic check,No,3,42,Rarely,1
8212-HEZWD,14,61.91,902.22,One year,Electronic check,DSL,1,14,Weekly,0
9667-LTPEJ,39,22.91,889.31,One year,Bank transfer (automatic),No,0,29,Weekly,0
3146-JHYFS,72,18.55,1271.76,Two year,Bank transfer (automatic),No,0,8,Weekly,0
3589-XUUED,70,54.78,3772.0,Month-to-month,Mailed check,DSL,1,0,Daily,0
8643-UTTKN,5,104.17,499.84,Month-to-month,Mailed check,Fiber optic,3,46,Weekly,1
3203-AHNDD,3,106.39,323.2,One year,Mailed check,Fiber optic,3,9,Weekly,0
1515-BFZSY,0,49.78,,Month-to-month,Credit card (automatic),DSL,1,19,Weekly,1
7021-GPXJR,8,81.95,628.81,Month-to-month,Electronic check,Fiber optic,5,15,Rarely,1
8207-SVZPP,33,102.96,3373.03,Two year,Electronic check,Fiber optic,3,2,Daily,0
9712-WRJQO,1,99.56,101.28,Two year,Credit card (automatic),Fiber optic,2,9,Weekly,0
9349-FNQXP,7,94.11,685.61,Month-to-month,Bank transfer (automatic),Fiber optic,3,73,Weekly,1
2081-EZPHT,6,64.14,374.08,Month-to-month,Electronic check,DSL,1,24,Weekly,1
7948-KJVWN,43,94.22,4062.82,Month-to-month,Credit card (automatic),Fiber optic,1,43,Rarely,1
8614-JWETP,7,21.55,143.57,Month-to-month,Bank transfer (automatic),No,1,38,Weekly,1
7282-WKVAT,58,108.21,6207.25,Two year,Credit card (automatic),Fiber optic,2,12,Weekly,0
8377-BQFZU,35,113.1,3897.18,Month-to-month,Bank transfer (automatic),Fiber optic,2,4,Daily,0
8540-CXGOC,7,101.03,684.38,Month-to-month,Credit card (automatic),Fiber optic,1,36,Weekly,1
5018-CGNOW,29,51.41,1437.7,Two year,Bank transfer (automatic),DSL,0,2,Daily,0
1361-ETAHE,46,83.82,3805.28,Month-to-month,Bank transfer (automatic),DSL,0,19,Weekly,0
5105-DPXRW,31,74.28,2201.63,Two year,Credit card (automatic),Fiber optic,1,35,Rarely,0
2815-PBIVB,39,82.79,3360.02,Month-to-month,Electronic check,DSL,2,49,Rarely,1
2023-CVBYT,3,64.58,202.53,Month-to-month,Electronic check,DSL,2,68,Rarely,1
2124-RNCKV,6,104.44,649.39,Two year,Electronic check,Fiber optic,2,29,Weekly,1
7275-XLVUB,9,21.68,185.44,Month-to-month,Electronic check,No,2,17,Daily,0
5540-QQOUX,36,55.43,1964.52,One year,Mailed check,DSL,2,13,Weekly,0
5858-OIZZR,23,80.83,1847.3,Month-to-month,Electronic check,Fiber optic,3,9,Weekly,1
7705-QCKFN,23,75.44,1705.47,One year,Bank transfer (automatic),Fiber optic,2,15,Weekly,0
5933-VFZDC,71,20.85,1524.77,One year,Credit card (automatic),No,2,11,Weekly,0
6669-ZCTTI,41,50.71,2115.55,Two year,Mailed check,DSL,2,13,Weekly,0
1774-BIBRX,72,22.5,1570.61,Two year,Mailed check,No,2,4,Daily,0
8659-ZUUWU,31,24.93,740.88,Month-to-month,Credit card (automatic),No,3,14,Daily,0
5038-QZIKX,23,42.85,995.4,Month-to-month,Electronic check,DSL,4,65,Rarely,1
2396-IHDHP,44,73.36,3338.7,One year,Mailed check,DSL,3,13,Rarely,0
8319-XDRTX,12,82.98,1009.11,Two year,Credit card (automatic),Fiber optic,5,51,Rarely,1
7610-TEMYX,12,68.49,800.94,Month-to-month,Electronic check,DSL,0,13,Weekly,0
1477-PZRBX,34,67.85,2320.14,Two year,Credit card (automatic),DSL,0,4,Weekly,0
2737-EJGSA,11,24.03,265.14,One year,Mailed check,No,1,16,Weekly,0
1141-QWUHX,11,70.74,800.47,Month-to-month,Mailed check,Fiber optic,5,26,Weekly,1
3436-JRNBA,60,70.07,4173.01,One year,Credit card (automatic),Fiber optic,4,5,Daily,0
1899-EYYKZ,39,78.18,3116.43,One year,Credit card (automatic),Fiber optic,1,11,Weekly,0
7388-BZGAT,0,117.55,,Month-to-month,Electronic check,Fiber optic,6,29,Daily,1
5702-JHTIT,10,86.57,824.48,Month-to-month,Mailed check,Fiber optic,2,90,Rarely,1
9820-FCIPF,70,23.19,1667.09,One year,Electronic check,No,1,47,Weekly,1
7744-DTMLG,54,20.81,1178.4,Two year,Mailed check,No,1,10,Weekly,0
6503-ABRCG,21,93.66,2062.53,Two year,Electronic check,Fiber optic,1,3,Weekly,0
5583-XITIY,2,91.24,187.06,Month-to-month,Electronic check,Fiber optic,1,8,Weekly,1
1490-VMRKY,12,79.12,965.38,Month-to-month,Bank transfer (automatic),Fiber optic,3,33,Rarely,1
1631-JVQQJ,10,87.37,862.72,Month-to-month,Credit card (automatic),Fiber optic,2,5,Daily,1
6546-VTVUE,52,47.77,2589.51,Month-to-month,Credit card (automatic),DSL,0,5,Weekly,0
1039-WVGZN,33,83.56,2752.15,Month-to-month,Electronic check,Fiber optic,3,2,Daily,0
1381-IFJAR,63,90.24,5814.27,One year,Credit card (automatic),Fiber optic,2,0,Daily,0
2972-SROJS,7,75.6,532.74,Month-to-month,Electronic check,DSL,2,30,Rarely,1
8956-WCJZW,59,48.04,2946.86,Two year,Credit card (automatic),DSL,0,3,Daily,0
5129-ZEMDW,22,48.0,1076.0,Month-to-month,Bank transfer (automatic),DSL,3,67,Daily,1
7385-NGCTV,33,50.38,1630.42,Month-to-month,Mailed check,DSL,1,18,Weekly,0
4703-WZVUV,42,108.28,4736.9,Two year,Credit card (automatic),Fiber optic,4,45,Rarely,1
2557-ZMTVD,25,81.99,1983.53,Month-to-month,Electronic check,Fiber optic,1,8,Rarely,1
4340-RIDEC,67,109.74,7141.4,Two year,Credit card (automatic),Fiber optic,3,11,Weekly,0
1825-XUCQR,45,85.65,3799.95,One year,Bank transfer (automatic),Fiber optic,2,6,Daily,0
7931-NPXNR,57,84.69,4763.47,Two year,Electronic check,Fiber optic,2,9,Weekly,0
2651-OKXKU,20,21.34,440.6,One year,Electronic check,No,0,20,Weekly,0
4387-PRTTO,10,91.73,911.55,Two year,Mailed check,Fiber optic,2,4,Daily,0
9819-QNISW,3,90.36,281.19,Month-to-month,Electronic check,Fiber optic,1,16,Rarely,1
6327-SUVJB,4,89.13,350.52,Month-to-month,Credit card (automatic),Fiber optic,4,90,Weekly,1
5126-ITVNU,60,84.9,5036.42,Two year,Electronic check,DSL,0,21,Weekly,0
5886-BQRNS,11,103.62,1169.78,Month-to-month,Mailed check,Fiber optic,5,48,Rarely,1
8055-MNPUG,2,112.76,219.82,Month-to-month,Mailed check,Fiber optic,3,2,Daily,1
3290-HKFIJ,3,80.11,231.29,Month-to-month,Mailed check,DSL,2,17,Weekly,0
6727-IKNSH,70,58.64,3956.48,Two year,Electronic check,DSL,1,18,Weekly,0
8853-VMSCE,65,107.6,6806.94,Two year,Mailed check,Fiber optic,1,0,Daily,0
6151-LJMEM,56,92.83,5250.75,Two year,Credit card (automatic),Fiber optic,3,43,Rarely,0
5018-RSGIN,6,22.96,131.43,Month-to-month,Electronic check,No,0,13,Weekly,0
2306-NUKRW,36,105.62,3864.5,Two year,Electronic check,Fiber optic,0,1,Weekly,0
3234-HVIIQ,5,65.76,337.51,Month-to-month,Credit card (automatic),DSL,1,38,Rarely,0
9513-QOGCX,64,94.6,6204.19,One year,Credit card (automatic),Fiber optic,1,51,Rarely,0
5870-WXNWM,6,70.57,429.02,Month-to-month,Mailed check,Fiber optic,0,48,Rarely,1
3711-BFHJY,65,117.03,7561.06,One year,Credit card (automatic),Fiber optic,3,21,Weekly,0
4764-IPHQO,57,71.84,4292.33,Month-to-month,Credit card (automatic),Fiber optic,2,72,Weekly,1
6201-DMCXS,57,44.53,2434.25,Two year,Electronic check,DSL,3,27,Weekly,1
5837-YWFSC,59,18.82,1138.94,Month-to-month,Electronic check,No,1,15,Weekly,1
7297-YURZW,3,100.37,297.55,Month-to-month,Mailed check,Fiber optic,4,49,Weekly,1
3317-WCAYG,11,52.92,601.09,Month-to-month,Bank transfer (automatic),DSL,1,54,Rarely,0
6842-LBQVV,23,80.11,1866.33,One year,Credit card (automatic),DSL,1,3,Weekly,0
4983-PRNLO,3,22.95,66.36,One year,Mailed check,No,0,13,Weekly,0
9464-YGMPO,52,107.9,5801.41,One year,Electronic check,Fiber optic,0,10,Rarely,0
2421-AHQST,22,45.68,962.38,One year,Electronic check,DSL,1,21,Weekly,0
2335-ZRPIJ,54,89.92,5006.56,Two year,Credit card (automatic),Fiber optic,0,2,Daily,0
5154-VMSDD,58,23.18,1353.47,One year,Bank transfer (automatic),No,4,17,Weekly,0
5574-FFPQO,2,79.11,152.69,Month-to-month,Electronic check,Fiber optic,1,0,Daily,1
7217-HODME,5,88.53,446.85,One year,Bank transfer (automatic),Fiber optic,3,14,Weekly,1
4635-BECMO,31,73.71,2297.54,One year,Bank transfer (automatic),DSL,0,8,Weekly,0
9222-PLEAS,10,70.38,690.89,One year,Mailed check,DSL,0,7,Weekly,0
5267-ZHFIF,52,25.26,1354.56,Two year,Credit card (automatic),No,1,7,Daily,0
2163-FMUSY,48,64.68,2988.54,Month-to-month,Electronic check,DSL,0,18,Rarely,0
2072-JMJBK,65,48.52,3040.19,Two year,Bank transfer (automatic),DSL,1,18,Weekly,0
9759-GMETV,25,79.42,1934.3,One year,Electronic check,DSL,0,1,Daily,0
2206-YCDZW,49,83.25,4228.38,Two year,Mailed check,DSL,0,28,Daily,0
9529-PINNW,30,93.55,2712.79,One year,Credit card (automatic),Fiber optic,1,19,Weekly,0
3502-NASUH,70,19.13,1380.15,Two year,Bank transfer (automatic),No,3,50,Rarely,0
1840-DDVLN,67,50.63,3485.03,One year,Bank transfer (automatic),DSL,0,27,Weekly,0
3742-YBFVO,62,73.6,4613.12,Two year,Bank transfer (automatic),DSL,1,10,Daily,0
6531-ASDUU,0,70.01,,Month-to-month,Bank transfer (automatic),Fiber optic,1,44,Rarely,1
4850-VMGWO,62,20.71,1265.57,Two year,Credit card (automatic),No,0,7,Weekly,0
8069-QDQPH,5,21.27,103.33,Month-to-month,Credit card (automatic),No,2,25,Rarely,0
6498-TDSYO,14,24.41,348.4,Month-to-month,Bank transfer (automatic),No,2,12,Weekly,1
4606-CONOH,26,59.1,1530.72,Two year,Electronic check,DSL,1,1,Weekly,0
6711-QGOPQ,11,95.49,1026.63,Month-to-month,Electronic check,Fiber optic,3,2,Daily,1
9742-UWUUW,12,102.57,1209.25,Month-to-month,Mailed check,Fiber optic,3,3,Weekly,1
4705-GHNMS,8,75.11,579.22,Month-to-month,Mailed check,DSL,2,40,Rarely,1
2380-ADTVH,66,86.4,5442.68,Two year,Credit card (automatic),Fiber optic,0,9,Daily,0
4678-IOMEN,45,78.33,3503.1,Two year,Mailed check,Fiber optic,3,9,Daily,0
8560-VSVQW,68,78.83,5615.71,One year,Mailed check,Fiber optic,1,26,Daily,0
2958-GBCZQ,49,46.37,2372.92,Two year,Mailed check,DSL,1,15,Weekly,0
9541-GWIPG,39,44.26,1663.21,One year,Electronic check,DSL,0,0,Daily,0
6294-CGFOA,59,91.38,5419.16,One year,Mailed check,Fiber optic,1,17,Weekly,0
6413-GOKQR,47,47.42,2194.87,One year,Mailed check,DSL,2,18,Weekly,0
3853-ZVFSQ,0,75.0,,Month-to-month,Bank transfer (automatic),DSL,2,5,Daily,0
9283-PUDJV,56,70.0,3734.64,One year,Credit card (automatic),Fiber optic,0,1,Daily,0
1324-XAMGE,61,82.86,5076.47,One year,Bank transfer (automatic),DSL,1,4,Daily,0
3687-BNRNJ,1,39.61,39.46,Month-to-month,Bank transfer (automatic),DSL,2,15,Rarely,0
4765-UQXJG,62,53.97,3366.64,One year,Bank transfer (automatic),DSL,1,10,Rarely,0
5295-LNLVB,3,73.69,213.38,Two year,Credit card (automatic),DSL,2,15,Weekly,0
5266-NLFQU,70,79.11,5603.44,One year,Bank transfer (automatic),DSL,0,26,Weekly,0
2331-OCBKR,24,74.23,1745.24,One year,Electronic check,Fiber optic,2,9,Weekly,0
3030-IIWAC,10,24.51,245.3,Month-to-month,Mailed check,No,2,90,Rarely,1
1857-EZMEI,60,73.57,4577.08,Two year,Electronic check,DSL,1,25,Weekly,0
6151-ZSFGB,38,92.3,3364.92,One year,Electronic check,Fiber optic,4,11,Daily,1
4157-UDHJQ,3,67.84,201.44,Two year,Credit card (automatic),DSL,0,1,Daily,0
6091-PUHKK,71,55.89,3987.37,One year,Mailed check,DSL,0,12,Weekly,0
6306-BTNMZ,67,20.84,1384.06,Two year,Electronic check,No,5,1,Daily,0
7317-EZRFR,45,18.75,842.03,Month-to-month,Mailed check,No,1,15,Daily,0
5922-TJIVE,69,39.31,2772.21,Month-to-month,Electronic check,DSL,1,8,Weekly,0
6830-ARXND,2,95.52,194.29,Month-to-month,Electronic check,Fiber optic,5,15,Weekly,1
6283-OGVPI,11,70.56,774.4,Month-to-month,Bank transfer (automatic),Fiber optic,3,30,Daily,1
6871-QRRJO,33,19.42,625.29,Month-to-month,Electronic check,No,3,22,Rarely,0
6549-BKJNY,5,74.68,364.37,Month-to-month,Electronic check,Fiber optic,1,36,Weekly,1
3845-YMQCM,26,100.7,2687.35,One year,Bank transfer (automatic),Fiber optic,3,8,Weekly,0
3216-RRZMX,48,23.52,1123.35,One year,Credit card (automatic),No,0,31,Daily,0
8086-ZOCJT,56,106.58,5866.57,Two year,Electronic check,Fiber optic,2,30,Weekly,0
4083-PYVBW,20,25.8,525.55,One year,Mailed check,No,1,14,Daily,0
5941-JVNLB,41,117.52,4819.66,Two year,Electronic check,Fiber optic,1,10,Weekly,0
2772-DPOOE,63,20.06,1256.36,Two year,Electronic check,No,2,2,Daily,0
4882-NBDMQ,48,21.14,978.05,Two year,Mailed check,No,0,34,Rarely,0
5766-RZWJU,0,97.23,,Month-to-month,Credit card (automatic),Fiber optic,2,14,Weekly,1
6633-CWKTZ,26,72.14,1937.65,Two year,Electronic check,Fiber optic,2,6,Weekly,0
5736-SXAEQ,10,19.94,206.12,Two year,Electronic check,No,1,34,Weekly,0
4245-ODSBZ,1,111.4,107.92,Month-to-month,Bank transfer (automatic),Fiber optic,2,7,Weekly,1
9654-ELVNT,11,57.77,635.74,Month-to-month,Credit card (automatic),DSL,2,8,Daily,1
5614-SYMZN,29,61.29,1856.98,Two year,Mailed check,DSL,2,25,Daily,0
8273-XTDQW,72,72.88,5471.82,One year,Mailed check,DSL,1,20,Weekly,0
7629-DVCWU,50,76.2,3634.3,Two year,Electronic check,DSL,1,2,Daily,0
6024-DSDOY,41,78.79,3071.09,One year,Credit card (automatic),DSL,0,7,Weekly,0
8976-FEKJB,16,113.4,1816.44,Two year,Credit card (automatic),Fiber optic,1,8,Rarely,0
2154-LGDHA,7,84.28,572.97,Month-to-month,Credit card (automatic),Fiber optic,0,8,Weekly,0
9288-XZJWL,6,68.86,401.19,Month-to-month,Electronic check,DSL,1,45,Weekly,1
8651-XEHTF,10,44.12,439.65,Month-to-month,Electronic check,DSL,0,7,Daily,0
5532-VLKLU,55,83.57,4388.19,Month-to-month,Electronic check,DSL,2,52,Weekly,1
7599-ATUVZ,10,82.98,843.86,Month-to-month,Electronic check,Fiber optic,6,16,Weekly,1
5681-UNMKV,53,88.93,4643.0,Two year,Mailed check,Fiber optic,5,26,Weekly,0
3418-KOCIG,10,25.48,243.92,One year,Mailed check,No,2,8,Weekly,0
8198-LNSLD,34,100.56,3538.47,Two year,Credit card (automatic),Fiber optic,1,24,Daily,0
3213-OBWUF,56,83.98,4714.38,Two year,Bank transfer (automatic),Fiber optic,3,7,Daily,0
3829-GAJAY,56,42.97,2506.19,Two year,Electronic check,DSL,1,21,Daily,0
5673-DROGV,12,93.7,1068.67,Month-to-month,Electronic check,Fiber optic,6,1,Weekly,1
8535-CXTQW,55,98.65,5471.74,One year,Credit card (automatic),Fiber optic,3,8,Daily,0
4454-KHEYK,12,23.51,281.27,Month-to-month,Credit card (automatic),No,1,4,Daily,0
5446-VIYWI,70,77.99,5698.1,Two year,Electronic check,Fiber optic,1,6,Daily,0
1374-MUFAH,1,23.79,23.02,Two year,Credit card (automatic),No,1,0,Daily,0
2042-PDIXB,41,21.22,874.0,Month-to-month,Mailed check,No,2,8,Daily,0
1503-BLAAE,72,25.58,1781.4,Two year,Bank transfer (automatic),No,1,8,Weekly,0
1648-CVDNS,58,101.69,6109.8,Two year,Bank transfer (automatic),Fiber optic,0,2,Daily,0
8815-QRJXB,55,81.23,4393.92,Month-to-month,Bank transfer (automatic),DSL,1,0,Daily,0
8577-CWBEE,2,71.46,142.21,One year,Electronic check,Fiber optic,2,5,Daily,1
8396-ADORC,72,25.28,1854.31,One year,Mailed check,No,0,2,Weekly,0
1500-YCRUN,8,25.08,196.04,Month-to-month,Electronic check,No,1,8,Weekly,1
1698-MCGWJ,5,22.33,107.42,Two year,Mailed check,No,2,22,Daily,0
3525-ASRBB,1,117.36,116.73,Month-to-month,Electronic check,Fiber optic,2,14,Daily,1
6087-DBQDP,0,24.12,,Month-to-month,Bank transfer (automatic),No,2,77,Rarely,0
4006-EZSJL,4,118.26,466.16,Month-to-month,Electronic check,Fiber optic,2,6,Daily,1
5387-BBNAQ,19,106.68,1927.13,One year,Electronic check,Fiber optic,0,15,Weekly,0
2556-JDNOT,11,114.39,1293.43,Month-to-month,Electronic check,Fiber optic,1,42,Rarely,1
7576-FOVHV,29,48.07,1427.46,One year,Bank transfer (automatic),DSL,0,3,Daily,0
3824-SLWZG,0,79.55,,Month-to-month,Mailed check,Fiber optic,5,17,Daily,1
1598-ZADBJ,71,62.36,4388.24,Month-to-month,Mailed check,DSL,1,60,Rarely,0
7683-YPQCN,9,105.37,947.91,One year,Mailed check,Fiber optic,3,9,Weekly,0
9124-JMGFY,7,82.85,589.45,Month-to-month,Electronic check,Fiber optic,1,90,Rarely,1
1132-OKBTM,17,58.18,1034.1,Two year,Credit card (automatic),DSL,0,10,Weekly,0
4929-KRDNW,53,78.36,4062.74,Month-to-month,Mailed check,Fiber optic,2,48,Weekly,0
8443-MAFBN,65,81.57,5433.29,Two year,Bank transfer (automatic),DSL,1,19,Weekly,0
7354-JDREI,8,73.24,592.66,Two year,Credit card (automatic),DSL,1,1,Daily,0
8708-ZBGIN,66,40.77,2727.09,Month-to-month,Electronic check,DSL,1,24,Rarely,0
4736-GZAYN,36,40.03,1382.52,One year,Bank transfer (automatic),DSL,0,18,Weekly,0
4349-ADCHI,49,25.95,1305.1,Two year,Electronic check,No,0,22,Daily,0
7381-QISHG,5,89.21,442.07,Month-to-month,Credit card (automatic),Fiber optic,3,69,Rarely,1
2382-HIVGH,12,99.21,1170.22,One year,Electronic check,Fiber optic,1,5,Daily,0
3154-YQEWE,11,115.97,1267.05,Month-to-month,Electronic check,Fiber optic,1,13,Daily,1
6406-ELRET,70,116.36,8448.14,Two year,Electronic check,Fiber optic,1,11,Daily,0
7015-EUCMQ,8,19.22,156.11,Month-to-month,Credit card (automatic),No,1,8,Rarely,0
2076-GPRQK,4,100.82,383.49,Month-to-month,Electronic check,Fiber optic,4,7,Weekly,1
5574-UTITX,36,84.67,2967.19,One year,Credit card (automatic),DSL,0,36,Rarely,0
4283-VTTUH,61,19.85,1234.43,One year,Credit card (automatic),No,0,16,Weekly,0
5515-SFJYH,20,102.15,2119.73,One year,Credit card (automatic),Fiber optic,2,24,Weekly,1
9624-VKFCO,60,24.31,1464.15,Month-to-month,Electronic check,No,2,19,Weekly,0
1689-LNBGA,9,19.07,173.21,One year,Bank transfer (automatic),No,0,1,Daily,0
9958-HYDRA,63,88.77,5470.08,One year,Mailed check,Fiber optic,1,1,Weekly,0
5045-OXIFO,4,20.04,77.27,Month-to-month,Mailed check,No,2,15,Weekly,0
7948-HXWQQ,2,41.61,82.7,One year,Electronic check,DSL,0,21,Rarely,1
4819-PTLZI,26,74.82,1952.76,Two year,Credit card (automatic),Fiber optic,1,40,Rarely,0
3798-ASRZK,9,86.58,784.25,Month-to-month,Electronic check,Fiber optic,1,88,Rarely,1
7934-LOKUL,46,22.84,1018.1,Month-to-month,Credit card (automatic),No,6,12,Weekly,0
7188-ULFZN,23,116.25,2560.68,Two year,Electronic check,Fiber optic,1,10,Daily,1
2296-SPJZJ,4,82.04,322.77,Month-to-month,Credit card (automatic),DSL,2,46,Weekly,1
7347-ZLAAZ,8,79.13,652.21,Month-to-month,Credit card (automatic),DSL,0,90,Weekly,1
7776-NKVQR,6,107.41,629.82,One year,Electronic check,Fiber optic,3,67,Weekly,1
4490-RFCSA,3,71.97,219.88,Month-to-month,Bank transfer (automatic),Fiber optic,3,6,Daily,1
9329-SDGSQ,58,89.67,5075.87,Month-to-month,Electronic check,Fiber optic,1,18,Daily,0
6767-UPBVF,16,107.8,1679.08,One year,Electronic check,Fiber optic,1,7,Rarely,1
4002-DWFNM,7,116.92,794.8,Month-to-month,Bank transfer (automatic),Fiber optic,4,18,Weekly,1
1096-UBCKM,10,60.26,598.3,Month-to-month,Bank transfer (automatic),DSL,5,45,Weekly,1
7073-UPDZL,72,71.26,5012.05,Two year,Bank transfer (automatic),DSL,1,7,Daily,0
2881-ZZBNK,62,25.97,1587.99,Two year,Credit card (automatic),No,0,6,Daily,0
7807-MIOME,65,100.22,6564.23,Two year,Bank transfer (automatic),Fiber optic,2,12,Daily,0
5725-HDVRK,2,107.77,222.69,Month-to-month,Mailed check,Fiber optic,2,58,Rarely,1
5200-KCHYA,17,116.87,2039.66,One year,Credit card (automatic),Fiber optic,1,2,Weekly,1
2473-DVNAM,8,71.66,569.69,One year,Credit card (automatic),DSL,1,17,Weekly,1
7402-TIJQP,69,45.07,3048.38,One year,Mailed check,DSL,0,9,Weekly,0
2492-XGHER,44,25.84,1154.78,One year,Credit card (automatic),No,0,11,Weekly,0
4759-NJSJF,55,75.98,4151.01,Month-to-month,Credit card (automatic),DSL,0,90,Weekly,0
8525-OLKLX,1,51.17,52.49,Month-to-month,Bank transfer (automatic),DSL,1,22,Weekly,0
9282-FHOBD,56,117.89,6839.07,Month-to-month,Credit card (automatic),Fiber optic,4,37,Weekly,1
9901-ONQCW,8,19.1,149.54,Month-to-month,Electronic check,No,2,39,Rarely,1
9621-MEIFL,48,115.58,5484.04,One year,Electronic check,Fiber optic,1,20,Weekly,0
6003-MLLXY,6,110.79,633.42,Month-to-month,Electronic check,Fiber optic,0,16,Weekly,1
2804-MZVVF,53,20.56,1081.99,Two year,Electronic check,No,0,11,Weekly,0
8550-LJCBQ,10,24.95,247.96,Month-to-month,Bank transfer (automatic),No,1,6,Daily,0
8213-KVRCV,38,72.93,2886.81,Month-to-month,Electronic check,Fiber optic,6,29,Weekly,1
9911-MOZQA,60,82.8,4921.3,Two year,Mailed check,DSL,3,21,Weekly,0
6857-ELAEU,46,99.33,4535.19,Month-to-month,Mailed check,Fiber optic,4,49,Weekly,1
2274-DENCG,2,22.41,44.05,Month-to-month,Electronic check,No,0,8,Weekly,0
5525-YQZJQ,8,118.07,907.1,Month-to-month,Credit card (automatic),Fiber optic,2,38,Rarely,1
5033-GJEVE,8,18.7,151.15,Month-to-month,Credit card (automatic),No,4,19,Daily,0
8585-FMLIJ,14,94.85,1289.56,Two year,Electronic check,Fiber optic,0,7,Daily,1
4532-HXPXZ,9,72.82,656.74,Month-to-month,Bank transfer (automatic),DSL,0,14,Weekly,1
3957-QVCYM,12,75.44,929.6,Month-to-month,Bank transfer (automatic),Fiber optic,1,6,Weekly,0
1720-SGCXL,5,18.61,95.22,Month-to-month,Bank transfer (automatic),No,3,17,Weekly,1
8518-DRBLS,3,67.3,194.01,Month-to-month,Electronic check,DSL,2,46,Rarely,1
7797-SLJVE,5,86.39,428.53,One year,Electronic check,Fiber optic,0,10,Weekly,0
1371-BEUMA,54,93.37,5193.1,Two year,Electronic check,Fiber optic,1,41,Rarely,0
4903-EAVLB,1,100.18,95.24,Month-to-month,Bank transfer (automatic),Fiber optic,2,5,Daily,1
5316-FQPVA,68,88.73,5820.97,One year,Mailed check,Fiber optic,1,24,Daily,0
5223-BAKSR,51,80.41,4067.11,Two year,Bank transfer (automatic),Fiber optic,0,1,Daily,0
9269-FRRET,37,20.29,751.2,Month-to-month,Mailed check,No,2,27,Weekly,0
2355-KBKUS,58,47.62,2768.1,Two year,Bank transfer (automatic),DSL,1,34,Rarely,0
3756-GTKLC,46,104.73,5006.04,Month-to-month,Bank transfer (automatic),Fiber optic,2,46,Rarely,1
2628-ZVFOU,43,45.18,1991.14,Two year,Electronic check,DSL,2,56,Rarely,0
3196-NFZGI,2,83.72,174.99,One year,Bank transfer (automatic),DSL,1,3,Daily,0
9163-JXNSX,39,39.22,1600.8,Month-to-month,Electronic check,DSL,1,9,Rarely,0
9465-YWXYZ,4,52.97,202.36,Month-to-month,Electronic check,DSL,0,25,Daily,1
1401-QDCUI,25,108.93,2614.43,Two year,Credit card (automatic),Fiber optic,0,9,Weekly,0
6688-UYQTH,7,74.37,536.52,Month-to-month,Bank transfer (automatic),Fiber optic,2,17,Weekly,1
3095-LZVFY,37,66.05,2550.11,Month-to-month,Bank transfer (automatic),DSL,2,50,Rarely,1
2732-MVNPE,39,20.68,821.25,Month-to-month,Mailed check,No,1,17,Daily,0
3628-ISVCB,9,116.82,999.8,Month-to-month,Bank transfer (automatic),Fiber optic,1,11,Daily,1
2749-SLWBJ,10,20.14,193.25,Month-to-month,Electronic check,No,3,8,Weekly,0
5411-ASWEI,50,19.03,995.89,One year,Electronic check,No,0,39,Rarely,0
9959-VBYXD,9,99.77,861.09,Month-to-month,Mailed check,Fiber optic,1,13,Daily,1
6277-DRANB,1,88.24,91.78,Month-to-month,Bank transfer (automatic),Fiber optic,3,22,Weekly,1
7508-NJSWM,9,25.28,224.65,Month-to-month,Electronic check,No,1,14,Weekly,0
5439-QPZGG,51,114.38,6084.49,Two year,Electronic check,Fiber optic,3,18,Weekly,1
1125-JTWHC,53,108.56,5579.79,Two year,Electronic check,Fiber optic,1,19,Daily,0
1756-PPJEW,42,44.92,1975.75,One year,Mailed check,DSL,0,38,Weekly,0
3419-WTPGK,64,69.27,4442.57,Two year,Electronic check,DSL,2,4,Daily,0
3192-BGLLC,47,19.19,926.07,Month-to-month,Bank transfer (automatic),No,1,28,Rarely,0
8564-YGNMM,58,40.16,2261.85,Month-to-month,Electronic check,DSL,1,3,Weekly,0
8591-VTWJG,26,48.07,1203.96,One year,Bank transfer (automatic),DSL,2,31,Rarely,0
8686-LOILD,54,93.98,4939.51,Month-to-month,Electronic check,Fiber optic,0,59,Rarely,0
6737-PSNWZ,44,21.88,986.53,Month-to-month,Electronic check,No,1,20,Weekly,0
6005-XCWIL,8,24.32,184.84,One year,Electronic check,No,0,4,Daily,1
6841-KHWQZ,5,95.39,486.0,One year,Electronic check,Fiber optic,2,28,Weekly,0
4660-YKSNM,10,82.81,795.17,Month-to-month,Credit card (automatic),Fiber optic,3,90,Rarely,1
7031-TRXUQ,24,76.78,1872.72,One year,Electronic check,Fiber optic,2,41,Rarely,1
8149-XCTKL,62,65.21,3963.03,Two year,Credit card (automatic),DSL,0,32,Rarely,0
7865-UHWMJ,63,70.04,4589.42,Month-to-month,Electronic check,DSL,1,43,Daily,0
6523-IKYCN,63,20.1,1242.77,One year,Electronic check,No,1,25,Weekly,0
1522-VMOJD,37,23.24,895.19,One year,Electronic check,No,2,63,Rarely,0
7523-QXNLD,72,78.57,5695.43,One year,Mailed check,DSL,1,2,Rarely,0
4299-YWXJQ,57,81.75,4528.34,One year,Credit card (automatic),Fiber optic,0,26,Daily,0
7692-LGFJO,3,24.65,76.55,Month-to-month,Bank transfer (automatic),No,2,24,Daily,1
5855-DSLWH,40,116.09,4550.89,One year,Bank transfer (automatic),Fiber optic,2,0,Daily,0
8929-BIZIS,36,82.08,2987.69,Month-to-month,Mailed check,DSL,1,29,Rarely,1
4045-VHQFJ,1,45.49,45.69,One year,Electronic check,DSL,2,4,Daily,0
9381-HRWGH,6,72.37,446.64,Month-to-month,Bank transfer (automatic),Fiber optic,1,9,Weekly,1
8599-VMNSD,2,105.24,205.34,Month-to-month,Bank transfer (automatic),Fiber optic,1,33,Rarely,1
3979-WJRLT,5,88.53,426.07,Month-to-month,Electronic check,Fiber optic,2,4,Daily,0
5342-PEEWN,9,78.62,736.79,Month-to-month,Mailed check,Fiber optic,3,11,Weekly,1
5781-HDDXZ,54,91.68,4857.77,Two year,Bank transfer (automatic),Fiber optic,1,9,Weekly,0
7916-KFKDO,0,63.96,,Month-to-month,Mailed check,DSL,1,12,Weekly,1
7201-QZIFD,61,46.44,2937.92,Two year,Mailed check,DSL,0,4,Weekly,0
8667-JPBTL,12,40.74,468.39,Month-to-month,Credit card (automatic),DSL,0,68,Weekly,1
4328-UMEAO,60,107.92,6340.5,One year,Mailed check,Fiber optic,2,10,Weekly,0
5542-OVWEI,64,92.12,5650.16,Two year,Electronic check,Fiber optic,3,12,Weekly,0
4877-FCACN,60,50.24,3141.48,Month-to-month,Credit card (automatic),DSL,1,47,Weekly,0
9185-DFDSQ,34,25.66,910.88,One year,Credit card (automatic),No,2,17,Weekly,0
3744-ZCFLQ,45,106.81,5001.18,Two year,Electronic check,Fiber optic,3,4,Weekly,0
6283-DFKAK,2,89.53,176.64,Month-to-month,Mailed check,Fiber optic,1,24,Weekly,1
2081-TNLMY,37,20.55,758.8,Two year,Electronic check,No,0,2,Daily,0
8651-NNYEC,54,72.54,4079.28,Two year,Mailed check,DSL,1,31,Daily,0
4457-LIFDW,9,72.32,675.94,Month-to-month,Electronic check,DSL,4,6,Daily,1
4064-PRDIQ,9,79.66,681.91,Month-to-month,Credit card (automatic),DSL,1,47,Rarely,1
6245-NSRKU,63,18.6,1134.19,Two year,Credit card (automatic),No,2,38,Weekly,0
5488-GCXAH,4,100.54,398.47,Month-to-month,Electronic check,Fiber optic,4,33,Rarely,1
8630-CGKDM,50,51.96,2663.12,Two year,Credit card (automatic),DSL,0,10,Daily,0
5782-YDYKP,6,83.83,497.11,Month-to-month,Electronic check,DSL,1,36,Weekly,1
5652-LICPX,7,40.14,272.72,One year,Electronic check,DSL,0,36,Rarely,0
1944-NPQKD,10,93.64,967.17,Month-to-month,Credit card (automatic),Fiber optic,2,5,Daily,1
1197-NWIWW,29,104.47,2981.45,One year,Mailed check,Fiber optic,4,36,Rarely,1
4586-GOTMS,52,106.44,5320.89,Month-to-month,Electronic check,Fiber optic,2,31,Weekly,1
9982-XQVUV,57,68.12,3934.7,One year,Electronic check,DSL,1,31,Weekly,0
9255-WFADG,10,22.04,228.44,One year,Electronic check,No,1,30,Weekly,0
6660-RNMAR,0,25.32,,Month-to-month,Credit card (automatic),No,2,3,Daily,0
6676-JTCHB,52,97.97,5347.31,Two year,Electronic check,Fiber optic,0,11,Daily,0
4523-HYMLH,8,95.28,790.75,Month-to-month,Electronic check,Fiber optic,3,32,Rarely,1
2597-GRZTT,7,24.93,170.05,Month-to-month,Credit card (automatic),No,1,4,Daily,0
1076-MCSVN,30,91.5,2698.13,Month-to-month,Mailed check,Fiber optic,5,12,Weekly,1
4049-CSXFE,71,66.96,4609.52,One year,Credit card (automatic),DSL,0,0,Daily,0
3847-TISSG,1,85.96,86.46,One year,Mailed check,Fiber optic,3,13,Weekly,0
2724-BOKWJ,7,48.76,346.51,Month-to-month,Mailed check,DSL,3,23,Weekly,1
3332-GWTQY,70,60.18,4317.76,One year,Credit card (automatic),DSL,0,16,Weekly,0
1223-UWUKB,50,21.02,1054.12,Two year,Credit card (automatic),No,1,1,Daily,0
6471-PTZRO,26,18.78,469.85,Two year,Electronic check,No,0,23,Weekly,0
9346-OCABX,71,93.6,6479.71,Two year,Bank transfer (automatic),Fiber optic,2,20,Weekly,0
7216-UGLMG,56,23.42,1307.37,Two year,Mailed check,No,2,22,Weekly,0
5033-KJSTC,25,18.89,461.36,Two year,Electronic check,No,2,20,Weekly,0
4781-MZWUT,49,97.51,4563.31,Two year,Electronic check,Fiber optic,2,1,Daily,0
3767-AZTXX,28,20.83,605.96,Two year,Mailed check,No,2,5,Daily,0
2281-GARLA,12,18.81,226.2,Month-to-month,Electronic check,No,2,21,Rarely,0
6385-HZJGR,59,43.46,2588.57,Two year,Credit card (automatic),DSL,3,18,Daily,0
6098-RIWPE,58,23.87,1329.41,Two year,Electronic check,No,0,26,Rarely,0
1065-IWCAR,0,22.54,,Month-to-month,Mailed check,No,2,7,Daily,0
4739-LGMEJ,19,82.97,1633.57,One year,Bank transfer (automatic),DSL,3,6,Daily,0
3501-GPRXB,52,103.06,5300.48,Month-to-month,Mailed check,Fiber optic,2,33,Weekly,1
2532-IGPNW,3,83.28,242.3,Month-to-month,Mailed check,DSL,6,35,Weekly,1
7326-XUFBX,68,83.83,5868.28,One year,Bank transfer (automatic),Fiber optic,2,10,Daily,0
5731-YGBRP,11,98.25,1088.77,Month-to-month,Electronic check,Fiber optic,4,56,Weekly,1
6703-XOTUA,40,64.7,2673.81,Month-to-month,Mailed check,DSL,3,6,Daily,1
7420-DUEFT,64,95.4,6094.55,One year,Credit card (automatic),Fiber optic,4,13,Weekly,0
9835-FDAMQ,57,113.52,6723.82,Two year,Credit card (automatic),Fiber optic,2,40,Rarely,1
8224-TXQTF,65,63.27,4201.45,One year,Electronic check,DSL,1,7,Weekly,0
6582-IHBZG,65,82.79,5301.85,Two year,Credit card (automatic),Fiber optic,1,18,Rarely,0
8910-LJBXF,20,23.76,487.31,Two year,Credit card (automatic),No,1,5,Daily,0
5297-CIDZE,44,51.18,2211.75,Month-to-month,Electronic check,DSL,1,13,Daily,0
9861-HHAAN,10,74.04,735.18,Month-to-month,Credit card (automatic),Fiber optic,4,18,Weekly,1
7852-GCHHL,45,66.08,2943.75,Month-to-month,Mailed check,DSL,1,38,Rarely,1
6857-ZHSTB,15,45.32,674.25,Two year,Credit card (automatic),DSL,0,21,Rarely,0
9129-NLNEM,23,104.64,2461.03,Month-to-month,Mailed check,Fiber optic,6,37,Rarely,1
5635-DYPAN,31,59.16,1787.32,Month-to-month,Electronic check,DSL,1,24,Weekly,0
7485-YTHXE,3,112.01,330.09,Month-to-month,Electronic check,Fiber optic,4,3,Rarely,1
3562-GEXSN,4,57.62,230.76,Month-to-month,Mailed check,DSL,1,5,Daily,0
9667-RGBVZ,5,89.22,436.14,Month-to-month,Electronic check,Fiber optic,1,4,Weekly,1
6609-ABOBS,32,58.73,1810.38,One year,Bank transfer (automatic),DSL,2,11,Rarely,0
8037-YHHWJ,5,23.85,121.67,Month-to-month,Electronic check,No,1,20,Weekly,1
5146-GCVYC,68,77.53,5323.39,One year,Electronic check,Fiber optic,1,22,Weekly,0
8800-UEDJL,0,54.7,,Month-to-month,Bank transfer (automatic),DSL,2,34,Weekly,1
1667-WSDPW,68,51.32,3574.41,Two year,Bank transfer (automatic),DSL,0,7,Daily,0
2026-RFDLM,9,88.82,805.14,Month-to-month,Electronic check,Fiber optic,2,1,Rarely,0
5563-JCDNY,56,25.34,1385.93,Two year,Electronic check,No,2,19,Weekly,0
7590-PLYRS,56,100.62,5465.45,Two year,Bank transfer (automatic),Fiber optic,2,11,Daily,0
8282-OTNQQ,68,94.41,6434.9,One year,Electronic check,Fiber optic,0,28,Weekly,0
4960-TXHSA,58,76.26,4405.7,Month-to-month,Electronic check,Fiber optic,2,9,Daily,0
6846-NXQGP,54,65.51,3503.93,Two year,Credit card (automatic),DSL,2,8,Weekly,0
5977-JLFQF,8,108.74,864.84,Month-to-month,Electronic check,Fiber optic,0,7,Daily,1
9652-LYTKZ,28,55.6,1511.99,Month-to-month,Credit card (automatic),DSL,0,15,Weekly,1
6886-AYJVY,5,25.27,125.35,Month-to-month,Mailed check,No,2,38,Weekly,1
4751-PPTGE,57,21.14,1149.45,Two year,Credit card (automatic),No,1,14,Daily,0
9727-IMTGO,64,46.38,2986.28,One year,Mailed check,DSL,0,5,Daily,0
1965-AAZWW,7,77.08,542.63,Month-to-month,Bank transfer (automatic),DSL,2,24,Weekly,0
9860-INRGT,20,97.43,1981.12,Month-to-month,Credit card (automatic),Fiber optic,1,19,Weekly,1
2385-SKLHU,6,95.06,582.55,Month-to-month,Electronic check,Fiber optic,2,21,Weekly,1
3593-ZZUJU,31,114.9,3623.86,Month-to-month,Electronic check,Fiber optic,2,56,Weekly,1
8392-GXGKC,43,110.0,4873.69,Month-to-month,Mailed check,Fiber optic,2,32,Weekly,0
7603-CKOAW,44,84.67,3588.78,Two year,Bank transfer (automatic),DSL,1,29,Weekly,0
9732-CZHJE,54,103.55,5807.63,One year,Bank transfer (automatic),Fiber optic,3,18,Weekly,0
7749-VTCCP,4,65.66,259.71,One year,Credit card (automatic),DSL,2,15,Weekly,0
6732-WCFOC,48,96.13,4691.17,Two year,Electronic check,Fiber optic,0,13,Daily,0
4118-HAMSK,66,87.27,5541.27,One year,Electronic check,Fiber optic,0,0,Daily,0
1042-GLNEC,7,47.32,322.11,Month-to-month,Electronic check,DSL,2,9,Rarely,1
2114-EZSDH,16,24.69,412.06,Two year,Electronic check,No,0,12,Daily,0
3679-KEWYG,11,70.32,745.48,Month-to-month,Electronic check,Fiber optic,3,21,Rarely,1
1368-AGPVI,31,113.06,3492.68,One year,Electronic check,Fiber optic,1,23,Daily,0
5573-HGAAL,51,20.47,1001.64,One year,Electronic check,No,0,1,Daily,0
7995-QAFXZ,6,81.61,469.75,Month-to-month,Electronic check,Fiber optic,3,46,Rarely,1
9668-QNPJF,11,18.55,214.13,One year,Mailed check,No,1,0,Weekly,0
5406-JSRRP,38,21.2,816.76,One year,Bank transfer (automatic),No,3,9,Weekly,0
8874-BQWQP,5,74.31,376.61,Month-to-month,Credit card (automatic),Fiber optic,2,60,Rarely,1
9868-FULGM,6,47.49,278.41,Month-to-month,Electronic check,DSL,3,10,Rarely,1
8737-DYSIU,21,70.66,1432.24,One year,Bank transfer (automatic),DSL,0,2,Daily,0
5184-BKQAS,32,90.14,2917.32,One year,Mailed check,Fiber optic,2,2,Daily,0
3927-VPFTI,59,39.5,2272.06,Two year,Credit card (automatic),DSL,0,10,Weekly,0
9800-TQCCA,21,53.58,1099.42,Month-to-month,Bank transfer (automatic),DSL,1,32,Rarely,0
3176-BHAYX,47,39.28,1831.46,Month-to-month,Electronic check,DSL,3,21,Weekly,0
4703-EITRP,14,81.1,1104.18,Month-to-month,Electronic check,DSL,1,90,Daily,1
1666-ZQRNN,2,111.73,233.28,Month-to-month,Bank transfer (automatic),Fiber optic,3,43,Weekly,1
8142-HNXJD,30,55.25,1670.43,Two year,Bank transfer (automatic),DSL,2,31,Rarely,0
6847-PUYOU,49,50.06,2347.11,One year,Electronic check,DSL,0,1,Daily,0
1763-GLKIS,69,75.19,5179.06,One year,Bank transfer (automatic),Fiber optic,0,2,Daily,0
2997-WIDVW,0,23.79,,Two year,Electronic check,No,1,1,Daily,0
5998-YGSSU,38,75.84,2841.18,Month-to-month,Credit card (automatic),Fiber optic,0,26,Weekly,0
5863-UYMBE,33,23.52,805.19,Two year,Credit card (automatic),No,3,27,Weekly,0
8217-XVAJG,2,50.88,101.97,Two year,Credit card (automatic),DSL,2,8,Weekly,0
3394-IQNML,51,105.37,5233.54,Two year,Credit card (automatic),Fiber optic,1,11,Daily,0
9321-QRBDI,1,89.07,89.44,Month-to-month,Credit card (automatic),Fiber optic,4,19,Daily,1
4999-LZXQA,50,76.64,3917.44,Two year,Electronic check,Fiber optic,2,4,Daily,0
8402-CLPRD,23,83.45,1882.64,Month-to-month,Mailed check,Fiber optic,1,42,Rarely,1
3145-XMPBV,12,23.68,294.75,Month-to-month,Electronic check,No,1,20,Weekly,1
1332-OFIJA,56,70.51,3773.62,Month-to-month,Mailed check,DSL,3,22,Weekly,1
1495-YUXJO,8,98.97,775.74,Month-to-month,Electronic check,Fiber optic,3,77,Rarely,1
4353-LMPLU,50,85.68,4467.18,Two year,Bank transfer (automatic),Fiber optic,0,11,Weekly,0
9577-BFXWV,69,100.81,6794.14,Two year,Electronic check,Fiber optic,2,2,Daily,0
1438-JLAHS,13,72.05,896.92,Month-to-month,Credit card (automatic),Fiber optic,1,18,Daily,1
4320-IMDMS,5,66.8,318.8,Month-to-month,Credit card (automatic),DSL,1,90,Weekly,1
1983-OOXGH,35,74.94,2689.43,One year,Credit card (automatic),DSL,2,2,Weekly,0
9383-QMZBD,20,76.7,1508.87,Month-to-month,Electronic check,Fiber optic,1,1,Daily,0
7077-ILXML,38,109.6,4275.05,Month-to-month,Credit card (automatic),Fiber optic,1,8,Weekly,0
7863-ELNPP,19,80.63,1555.17,One year,Electronic check,DSL,2,2,Daily,0
7418-LEDEQ,30,25.69,790.02,Two year,Electronic check,No,0,16,Daily,0
6912-WWICQ,54,71.46,4019.9,Month-to-month,Bank transfer (automatic),Fiber optic,3,50,Weekly,1
7962-AQJVQ,69,80.2,5707.87,Two year,Electronic check,DSL,0,11,Weekly,0
1073-TKVNQ,71,41.92,2872.55,Two year,Credit card (automatic),DSL,0,24,Daily,0
8788-JLVKA,1,21.35,22.22,Month-to-month,Credit card (automatic),No,4,2,Daily,1
7658-JKKBD,28,22.61,622.68,Month-to-month,Mailed check,No,2,37,Rarely,1
7654-ILAKI,38,20.16,789.41,One year,Mailed check,No,2,1,Daily,0
4540-AGHDT,61,86.71,5300.58,One year,Credit card (automatic),Fiber optic,0,3,Daily,0
8207-BPRUO,64,25.31,1567.25,One year,Bank transfer (automatic),No,3,6,Weekly,0
4435-OTWFU,62,47.05,2972.48,Two year,Electronic check,DSL,0,3,Weekly,0
1440-MCPZD,7,63.78,454.0,Month-to-month,Mailed check,DSL,0,7,Daily,1
9169-AXPFU,48,77.04,3848.75,Month-to-month,Mailed check,DSL,1,9,Weekly,0
3110-KIHPD,49,81.69,3966.95,One year,Credit card (automatic),Fiber optic,3,27,Weekly,1
1916-JHBTA,5,82.01,419.66,Month-to-month,Credit card (automatic),DSL,0,4,Daily,0
6596-YCJCJ,3,117.54,353.25,One year,Mailed check,Fiber optic,3,16,Daily,0
3102-PCNUL,10,51.24,514.98,Month-to-month,Electronic check,DSL,0,41,Rarely,1
8722-CREAL,32,92.94,2927.4,One year,Bank transfer (automatic),Fiber optic,3,7,Rarely,1
4993-HAUPX,13,18.58,238.19,One year,Mailed check,No,0,23,Weekly,1
1040-MLVCJ,10,116.6,1201.29,Month-to-month,Mailed check,Fiber optic,2,3,Weekly,1
9564-UHXHK,30,76.66,2330.74,Month-to-month,Credit card (automatic),Fiber optic,1,14,Weekly,0
5631-XGZBG,60,58.68,3586.41,Two year,Credit card (automatic),DSL,0,11,Weekly,0
3366-PPXYR,65,69.94,4742.07,Two year,Mailed check,DSL,1,9,Rarely,0
7094-RIUQA,70,101.55,7243.33,Two year,Credit card (automatic),Fiber optic,0,28,Weekly,0
5774-VJMMV,57,69.02,4026.37,Month-to-month,Electronic check,DSL,0,76,Rarely,0
1266-GKBJC,22,70.83,1600.79,Month-to-month,Electronic check,Fiber optic,3,25,Daily,1
7836-PXMXZ,69,24.01,1644.93,One year,Bank transfer (automatic),No,0,0,Daily,0
4611-BNNKV,41,73.32,2994.15,Month-to-month,Mailed check,DSL,1,54,Weekly,0
7297-KBOFJ,51,64.09,3425.13,Two year,Bank transfer (automatic),DSL,1,8,Weekly,0
9059-NSHJB,60,72.64,4384.42,Month-to-month,Electronic check,DSL,2,18,Weekly,0
6494-JPQHB,49,18.5,895.25,One year,Mailed check,No,0,9,Rarely,0
7043-PRCNC,28,46.65,1248.5,One year,Bank transfer (automatic),DSL,0,30,Rarely,0
3291-LQSST,12,73.6,858.05,Month-to-month,Mailed check,Fiber optic,1,6,Daily,0
3138-GWJJU,7,85.17,612.76,Month-to-month,Electronic check,Fiber optic,2,49,Rarely,1
4734-IBSRP,1,79.87,83.28,Month-to-month,Mailed check,Fiber optic,3,13,Weekly,1
8674-DQFON,8,79.02,650.15,One year,Bank transfer (automatic),Fiber optic,2,15,Weekly,0
5717-UZECO,42,58.3,2521.05,Month-to-month,Mailed check,DSL,2,56,Rarely,0
4131-YEMKI,12,23.18,288.62,Month-to-month,Bank transfer (automatic),No,1,21,Daily,0
8015-RHMVJ,66,64.0,4200.69,Two year,Mailed check,DSL,0,8,Daily,0
8679-AXHUT,41,110.59,4370.65,Month-to-month,Electronic check,Fiber optic,1,5,Daily,0
9121-NCYRL,72,21.45,1562.85,One year,Electronic check,No,0,1,Rarely,0
3690-WUTEQ,25,57.76,1503.09,One year,Electronic check,DSL,0,0,Daily,0
7386-HCICC,8,70.52,561.07,Month-to-month,Mailed check,Fiber optic,2,14,Weekly,1
6312-SNKEU,12,106.87,1323.06,Month-to-month,Credit card (automatic),Fiber optic,3,36,Rarely,1
5040-QPEDD,54,66.7,3737.08,One year,Credit card (automatic),DSL,1,18,Weekly,0
4572-AZJRZ,10,76.1,729.04,Month-to-month,Mailed check,Fiber optic,2,89,Rarely,1
2030-YIMMA,51,47.82,2421.04,One year,Bank transfer (automatic),DSL,1,1,Daily,0
3473-TOJOT,0,78.3,,Month-to-month,Credit card (automatic),Fiber optic,5,70,Rarely,1
5946-AQWSQ,11,89.77,980.84,Month-to-month,Credit card (automatic),Fiber optic,0,11,Daily,0
8978-CTTMP,1,71.84,70.14,Month-to-month,Credit card (automatic),Fiber optic,0,60,Rarely,1
8796-QDGUZ,43,107.77,4629.0,Two year,Electronic check,Fiber optic,0,28,Weekly,0
2688-HKXEG,11,85.43,960.7,Month-to-month,Bank transfer (automatic),Fiber optic,3,30,Weekly,1
7113-BGQJZ,50,81.26,4135.98,One year,Bank transfer (automatic),DSL,2,53,Rarely,1
1763-XXSSN,3,51.49,161.11,Month-to-month,Electronic check,DSL,4,19,Weekly,1
7074-ZCSDI,0,55.85,,Month-to-month,Mailed check,DSL,3,9,Weekly,1
4077-GPUCP,9,25.41,234.51,Month-to-month,Electronic check,No,1,2,Weekly,1
5048-FCKPF,53,78.17,4055.8,One year,Mailed check,Fiber optic,1,33,Rarely,0
7458-KYJZV,21,77.9,1559.22,Month-to-month,Mailed check,DSL,1,46,Weekly,1
4823-JOSMK,26,77.35,2013.74,Month-to-month,Electronic check,Fiber optic,1,13,Weekly,0
8266-IDAIU,20,94.03,1933.03,One year,Mailed check,Fiber optic,1,4,Daily,0
5801-GEIPF,65,112.39,7231.1,One year,Electronic check,Fiber optic,0,2,Daily,0
9987-FCIFV,9,77.75,721.75,One year,Credit card (automatic),Fiber optic,1,31,Weekly,0
6743-XJCCI,72,40.72,2967.13,Month-to-month,Electronic check,DSL,0,7,Weekly,0
3666-MNHJH,72,50.01,3540.23,One year,Mailed check,DSL,0,2,Daily,0
7976-NSBMQ,10,20.47,201.47,Month-to-month,Mailed check,No,1,9,Weekly,0
4671-RONRJ,6,89.74,548.28,Month-to-month,Mailed check,Fiber optic,1,20,Daily,0
5806-OILDJ,45,106.07,4809.51,One year,Mailed check,Fiber optic,2,7,Daily,0
2231-DFKNY,0,41.21,,Month-to-month,Credit card (automatic),DSL,2,0,Daily,1
2073-AXISR,1,22.79,22.91,Month-to-month,Bank transfer (automatic),No,2,61,Rarely,1
6173-ZCZBW,14,72.36,966.8,One year,Electronic check,DSL,0,9,Weekly,0
2680-QMKCU,11,109.15,1206.3,Month-to-month,Credit card (automatic),Fiber optic,3,79,Rarely,1
9977-SYSYX,50,116.88,6093.89,One year,Mailed check,Fiber optic,3,8,Daily,0
8700-LSGUP,42,76.97,3100.78,Month-to-month,Electronic check,DSL,1,90,Weekly,1
7307-LQHQM,14,43.75,611.51,Month-to-month,Mailed check,DSL,0,76,Weekly,1
7611-IZBTF,13,78.53,1048.94,Month-to-month,Electronic check,Fiber optic,7,28,Rarely,1
6356-FECDV,30,104.95,3126.09,Two year,Mailed check,Fiber optic,0,10,Weekly,0
1542-YPAWP,41,20.09,812.14,One year,Mailed check,No,2,2,Daily,0
4530-NYKJU,70,81.98,5783.07,Month-to-month,Electronic check,Fiber optic,2,62,Rarely,0
5461-NSSVI,13,24.87,334.77,Month-to-month,Bank transfer (automatic),No,1,21,Weekly,1
9236-BMQVG,47,92.39,4501.57,Month-to-month,Electronic check,Fiber optic,5,22,Rarely,1
2975-TVVVZ,56,89.25,4883.34,One year,Bank transfer (automatic),Fiber optic,4,13,Daily,0
5471-RJLTG,21,22.02,484.02,Two year,Credit card (automatic),No,1,64,Weekly,1
4096-PORKT,9,20.43,177.67,Month-to-month,Electronic check,No,3,42,Rarely,1
2209-BTVXX,0,43.03,,One year,Electronic check,DSL,0,1,Daily,0
1927-JBQCH,24,117.39,2873.76,Two year,Electronic check,Fiber optic,2,16,Weekly,0
4288-SPPTE,69,52.43,3750.41,Two year,Mailed check,DSL,0,10,Daily,0
1741-UPKMN,67,22.34,1449.7,One year,Credit card (automatic),No,2,1,Weekly,0
1604-OIFEI,52,72.84,3721.46,One year,Electronic check,Fiber optic,6,19,Rarely,0
4157-GNXCI,0,77.24,,One year,Electronic check,Fiber optic,2,12,Weekly,0
2817-BZSGK,49,19.27,940.46,Two year,Bank transfer (automatic),No,2,17,Weekly,0
5992-SYOHS,13,41.35,538.45,One year,Bank transfer (automatic),DSL,0,5,Daily,0
1159-RQBSA,69,101.57,7071.77,Month-to-month,Electronic check,Fiber optic,1,34,Weekly,0
3716-XWOQB,55,70.82,3773.3,One year,Electronic check,Fiber optic,1,2,Daily,1
5079-WHGSY,32,60.02,1877.75,Month-to-month,Electronic check,DSL,1,30,Daily,0
9667-MNOHP,28,69.59,1998.23,Month-to-month,Electronic check,DSL,2,49,Weekly,1
6710-YJUUW,18,87.61,1515.45,One year,Mailed check,Fiber optic,0,42,Rarely,0
8925-SXSZS,12,45.91,523.6,One year,Electronic check,DSL,0,19,Weekly,0
4089-VXZPS,17,20.18,339.27,One year,Electronic check,No,1,8,Daily,0
5046-ZJDWQ,10,46.07,464.35,Month-to-month,Credit card (automatic),DSL,2,67,Rarely,1
4783-LSAMG,8,52.59,437.19,Month-to-month,Electronic check,DSL,3,11,Weekly,1
8985-HZODJ,56,55.39,2958.95,Two year,Credit card (automatic),DSL,0,18,Weekly,0
9631-GXHJI,36,89.24,3159.37,Month-to-month,Mailed check,Fiber optic,5,14,Weekly,1
9660-EUOLK,68,80.82,5691.71,Two year,Mailed check,Fiber optic,2,3,Daily,0
7766-RCYOF,24,20.26,496.59,Month-to-month,Credit card (automatic),No,3,12,Daily,0
5527-NWENP,70,68.41,4852.42,Two year,Bank transfer (automatic),DSL,2,8,Weekly,0
5867-VOTUX,65,40.06,2476.27,Month-to-month,Electronic check,DSL,4,34,Weekly,0
9823-JSGVY,66,59.31,3900.67,Two year,Credit card (automatic),DSL,0,4,Weekly,0
3560-HOVAS,13,115.07,1567.44,One year,Mailed check,Fiber optic,3,0,Daily,0
4120-VWFTU,64,74.03,4818.59,One year,Bank transfer (automatic),DSL,5,2,Daily,0
9072-ASQZB,16,54.31,896.36,Month-to-month,Electronic check,DSL,4,3,Daily,1
4476-ZOHKT,71,96.6,6867.89,Month-to-month,Electronic check,Fiber optic,1,83,Rarely,1
3115-ZIZQE,27,25.86,688.55,One year,Credit card (automatic),No,0,6,Daily,0
6043-PUBCA,12,71.95,847.93,Month-to-month,Mailed check,DSL,2,68,Rarely,1
3927-OBYDB,39,98.6,3959.49,One year,Mailed check,Fiber optic,0,8,Daily,0
9016-GTXGN,37,97.12,3579.54,Two year,Bank transfer (automatic),Fiber optic,1,5,Daily,0
9180-UUDVW,12,80.14,944.6,Month-to-month,Mailed check,DSL,3,82,Rarely,1
3753-TNKXW,23,79.45,1855.8,Two year,Bank transfer (automatic),Fiber optic,2,7,Daily,0
5765-NTKTC,4,65.62,275.56,Month-to-month,Electronic check,DSL,1,9,Weekly,1
9854-XNPEN,52,86.98,4491.46,One year,Credit card (automatic),Fiber optic,3,7,Daily,0
7680-AXTLV,23,92.71,2060.69,Month-to-month,Electronic check,Fiber optic,0,85,Rarely,1
2940-VDBGA,8,71.94,583.69,One year,Mailed check,Fiber optic,3,10,Rarely,1
6316-ONNBX,59,108.47,6336.14,Two year,Credit card (automatic),Fiber optic,2,6,Daily,0
6578-ZPAKS,32,78.94,2548.74,Two year,Bank transfer (automatic),Fiber optic,3,2,Daily,0
6880-TGVZN,50,64.88,3405.24,Two year,Mailed check,DSL,0,79,Rarely,1
1225-JNANA,42,114.78,4800.53,Month-to-month,Credit card (automatic),Fiber optic,1,58,Rarely,1
3694-AONZN,4,20.43,80.11,Month-to-month,Electronic check,No,0,66,Rarely,1
8690-ZUIYM,8,85.9,720.24,Month-to-month,Mailed check,Fiber optic,0,2,Daily,1
3172-PCFNH,56,89.7,5107.24,Month-to-month,Credit card (automatic),Fiber optic,4,2,Daily,0
3696-PCGRP,62,96.38,5859.35,Two year,Bank transfer (automatic),Fiber optic,2,4,Daily,0
3902-ZXVAP,52,20.23,1032.72,Two year,Mailed check,No,1,14,Daily,0
2596-FGFLD,4,105.81,427.68,Month-to-month,Credit card (automatic),Fiber optic,3,6,Daily,1
2398-NENQE,67,100.54,6644.0,Two year,Bank transfer (automatic),Fiber optic,3,23,Daily,0
4122-CUTGX,38,19.2,749.51,One year,Credit card (automatic),No,1,79,Rarely,1
8867-FYCRA,48,22.32,1038.47,Month-to-month,Bank transfer (automatic),No,1,11,Daily,0
1013-FKCLG,9,21.2,184.9,Month-to-month,Electronic check,No,2,35,Rarely,1
3548-CZZZE,58,55.13,3112.07,Two year,Credit card (automatic),DSL,2,4,Daily,0
1545-JIIKN,52,117.68,6348.14,Two year,Credit card (automatic),Fiber optic,3,6,Weekly,0
6052-MHZZI,5,57.65,276.47,Month-to-month,Mailed check,DSL,2,22,Weekly,1
3255-FNJZL,58,71.16,4169.0,One year,Electronic check,Fiber optic,2,38,Rarely,0
8126-BDBJI,38,87.21,3434.5,Month-to-month,Credit card (automatic),Fiber optic,2,80,Rarely,1
6264-WXDYP,1,66.58,64.43,Month-to-month,Bank transfer (automatic),DSL,2,23,Weekly,1
8053-HKLEW,8,95.6,796.84,Month-to-month,Electronic check,Fiber optic,2,38,Rarely,1
6713-ABHDB,55,42.55,2389.67,Two year,Mailed check,DSL,2,14,Weekly,0
4945-JJDVW,4,19.76,76.91,Month-to-month,Credit card (automatic),No,1,90,Weekly,1
8747-SNYJL,4,107.31,449.86,Month-to-month,Bank transfer (automatic),Fiber optic,2,2,Daily,1
5285-ASCRU,49,39.33,1991.22,One year,Bank transfer (automatic),DSL,0,4,Daily,0
9548-FPHKN,25,81.18,1939.57,Month-to-month,Bank transfer (automatic),Fiber optic,2,11,Weekly,0
9951-GUKMV,56,117.56,6797.51,Two year,Mailed check,Fiber optic,0,8,Weekly,0
6300-FLZKD,20,101.8,2051.62,One year,Bank transfer (automatic),Fiber optic,3,34,Weekly,0
7070-HYTVG,19,81.91,1616.94,Two year,Electronic check,Fiber optic,3,9,Weekly,0
3300-VKUWF,50,19.96,1006.96,Two year,Electronic check,No,3,15,Weekly,0
8330-YQTTE,3,58.16,179.64,Month-to-month,Credit card (automatic),DSL,1,30,Daily,0
7043-TFHDE,5,68.7,354.93,Month-to-month,Electronic check,DSL,1,38,Weekly,1
9122-ZIKMS,16,46.87,772.15,One year,Mailed check,DSL,2,2,Weekly,0
3402-ONVMT,51,73.41,3578.71,Two year,Electronic check,DSL,2,48,Rarely,0
8087-XRAGQ,16,72.03,1171.56,Month-to-month,Credit card (automatic),Fiber optic,3,2,Weekly,1
5232-MHICG,72,47.92,3587.15,Two year,Electronic check,DSL,2,13,Weekly,0
2666-UAVIV,65,98.63,6690.54,Two year,Bank transfer (automatic),Fiber optic,4,9,Daily,0
2540-GVOWB,27,104.25,2889.93,Month-to-month,Mailed check,Fiber optic,1,16,Weekly,1
6058-UHJBY,26,102.6,2616.95,Month-to-month,Mailed check,Fiber optic,1,28,Daily,0
3874-QZOEI,5,20.46,105.97,Month-to-month,Electronic check,No,5,25,Daily,0
1916-LDYYO,36,88.7,3041.7,Month-to-month,Credit card (automatic),Fiber optic,1,14,Weekly,1
4843-PSRBN,6,40.73,251.0,Month-to-month,Electronic check,DSL,1,5,Daily,0
6875-UUPXP,30,70.02,2097.55,Month-to-month,Mailed check,Fiber optic,8,25,Daily,1
3870-JLRXF,9,58.16,543.33,Month-to-month,Electronic check,DSL,1,8,Weekly,1
9597-HQTKQ,67,96.35,6456.58,Two year,Bank transfer (automatic),Fiber optic,1,6,Daily,0
8015-AHYOW,1,109.82,108.97,Month-to-month,Electronic check,Fiber optic,3,30,Weekly,1
5614-FHZZW,30,25.72,798.19,One year,Bank transfer (automatic),No,1,28,Weekly,0
9410-IULVW,4,66.56,261.7,Month-to-month,Mailed check,DSL,1,13,Rarely,1
4896-LHZLL,2,76.56,152.93,Month-to-month,Bank transfer (automatic),DSL,2,3,Rarely,1
2256-RYDZK,6,45.0,279.28,Month-to-month,Electronic check,DSL,0,16,Weekly,0
1322-AIMRO,63,109.61,6569.1,Two year,Bank transfer (automatic),Fiber optic,1,17,Weekly,0
9441-DMGHS,22,20.4,442.07,Month-to-month,Electronic check,No,3,5,Daily,0
9637-UEPKI,39,89.87,3621.57,Month-to-month,Credit card (automatic),Fiber optic,3,5,Daily,0
7652-SGTKC,68,71.03,5013.36,Month-to-month,Credit card (automatic),Fiber optic,0,21,Weekly,0
1926-UWOSD,6,60.53,350.84,One year,Electronic check,DSL,1,5,Daily,0
3642-IJTJS,67,101.59,6768.82,Month-to-month,Mailed check,Fiber optic,2,14,Weekly,0
1369-HPFOC,0,50.59,,Month-to-month,Credit card (automatic),DSL,2,23,Weekly,1
1461-TAZVP,63,76.2,5029.05,Two year,Electronic check,DSL,1,17,Weekly,0
3214-XVDTJ,67,114.92,7749.14,Two year,Electronic check,Fiber optic,2,8,Daily,0
6148-WWYLF,62,65.25,4004.79,Two year,Mailed check,DSL,2,19,Weekly,0
1589-DEZPJ,8,50.23,416.8,Month-to-month,Electronic check,DSL,0,34,Weekly,1
9860-LEOLU,25,71.44,1823.2,One year,Bank transfer (automatic),DSL,2,6,Daily,0
5095-AYBKI,61,52.55,3273.73,Month-to-month,Credit card (automatic),DSL,1,17,Daily,0
3374-SRFMN,39,77.9,3072.08,Month-to-month,Mailed check,Fiber optic,1,20,Weekly,0
5644-MAENG,7,52.12,361.81,Month-to-month,Credit card (automatic),DSL,3,48,Rarely,1
8110-OETEQ,33,91.29,2891.64,One year,Electronic check,Fiber optic,4,10,Weekly,0
3812-VJDAJ,7,80.95,574.25,Month-to-month,Credit card (automatic),Fiber optic,7,90,Rarely,1
1427-DWZZX,13,86.36,1113.1,One year,Electronic check,Fiber optic,1,60,Rarely,0
1458-PILGV,6,57.2,341.57,Month-to-month,Credit card (automatic),DSL,2,30,Weekly,1
8667-LKRJJ,17,106.56,1888.32,Month-to-month,Credit card (automatic),Fiber optic,2,1,Daily,1
2004-FBAKZ,16,111.6,1825.07,Month-to-month,Mailed check,Fiber optic,5,81,Rarely,1
6719-GQIHE,12,110.01,1357.31,Month-to-month,Electronic check,Fiber optic,4,25,Weekly,1
4460-ORJNM,10,79.37,814.35,Month-to-month,Electronic check,Fiber optic,1,2,Daily,0
7996-HROBM,52,24.57,1269.02,One year,Mailed check,No,1,0,Weekly,0
1544-KUHYP,18,101.07,1829.98,One year,Credit card (automatic),Fiber optic,1,38,Weekly,0
9079-DKWGS,23,20.28,468.47,Month-to-month,Bank transfer (automatic),No,2,42,Rarely,1
7283-USCJJ,55,88.24,4727.41,One year,Bank transfer (automatic),Fiber optic,2,35,Weekly,0
5043-IWAOZ,46,21.09,983.01,Month-to-month,Bank transfer (automatic),No,1,43,Weekly,1
2862-WPZKP,35,21.76,752.05,Month-to-month,Mailed check,No,3,17,Weekly,1
9793-OBBXE,36,77.86,2678.01,One year,Bank transfer (automatic),DSL,0,10,Daily,0
3718-JQONZ,0,89.96,,Month-to-month,Electronic check,Fiber optic,2,18,Weekly,1
5414-UYRZP,14,41.51,576.27,Two year,Bank transfer (automatic),DSL,1,67,Rarely,0
4546-OVWBX,0,24.03,,Month-to-month,Bank transfer (automatic),No,0,90,Rarely,1
3074-RXSYH,69,108.17,7558.78,One year,Bank transfer (automatic),Fiber optic,1,5,Daily,0
4749-EFGFL,45,97.76,4378.78,Two year,Electronic check,Fiber optic,2,5,Daily,0
2363-FENUD,7,60.86,446.36,Month-to-month,Mailed check,DSL,2,30,Daily,1
1014-NRSCT,22,24.29,510.34,One year,Electronic check,No,1,20,Weekly,0
3609-AGIWE,9,18.67,173.35,Month-to-month,Electronic check,No,2,28,Daily,0
2008-UZYHC,19,98.33,1778.81,One year,Credit card (automatic),Fiber optic,0,14,Rarely,1
4732-FTFQJ,63,82.79,5050.37,Month-to-month,Mailed check,DSL,0,40,Rarely,0
8764-TPPUY,68,108.52,7138.8,Two year,Electronic check,Fiber optic,1,1,Daily,0
2462-JNQVM,61,51.67,3101.64,One year,Credit card (automatic),DSL,0,7,Daily,0
1011-JWYOC,25,25.38,658.33,One year,Electronic check,No,1,12,Weekly,0
1999-HMSRV,47,48.31,2212.41,Two year,Mailed check,DSL,0,2,Daily,0
5572-AMSZD,0,96.53,,Month-to-month,Mailed check,Fiber optic,2,27,Weekly,1
3473-WAFWU,15,67.75,1014.06,Two year,Mailed check,DSL,1,2,Weekly,0
5405-ZPQNN,26,18.76,474.9,One year,Electronic check,No,3,6,Weekly,0
1263-NHWJP,5,76.17,379.45,Month-to-month,Electronic check,Fiber optic,2,11,Rarely,1
3997-RNPBI,10,22.58,233.57,Month-to-month,Electronic check,No,1,1,Daily,0
4690-LKXXS,3,47.32,144.78,Month-to-month,Electronic check,DSL,2,82,Weekly,1
4881-JBTWM,7,90.33,625.43,One year,Electronic check,Fiber optic,0,11,Weekly,1
5959-VYOFA,3,71.47,209.46,Month-to-month,Credit card (automatic),DSL,0,27,Weekly,1
8024-TODBZ,39,100.33,3918.96,One year,Electronic check,Fiber optic,1,15,Daily,0
5204-IIQJX,18,79.22,1386.71,Two year,Electronic check,DSL,0,46,Rarely,1
8569-RJGWP,41,114.68,4539.99,One year,Bank transfer (automatic),Fiber optic,2,12,Weekly,1
5767-XIAXG,11,114.94,1206.61,Two year,Electronic check,Fiber optic,1,8,Weekly,0
3342-VSGTC,18,57.05,976.64,One year,Mailed check,DSL,0,46,Rarely,0
3060-KJRNP,67,19.41,1361.95,One year,Mailed check,No,3,9,Daily,0
3902-MTESB,2,23.5,46.35,One year,Credit card (automatic),No,1,0,Daily,0
6376-CSEUD,7,114.57,764.88,Month-to-month,Electronic check,Fiber optic,0,22,Daily,0
3182-DYEXJ,43,107.31,4651.83,Month-to-month,Electronic check,Fiber optic,1,40,Weekly,1
9226-UYDIO,12,71.06,850.16,Month-to-month,Electronic check,DSL,2,6,Daily,0
5318-WEEJF,4,108.93,438.96,Month-to-month,Mailed check,Fiber optic,4,7,Daily,1
8768-GDVUD,14,21.57,303.24,One year,Electronic check,No,0,0,Daily,0
7148-NQQZQ,46,62.08,2741.46,One year,Bank transfer (automatic),DSL,0,2,Daily,0
3999-RACQX,59,20.0,1209.32,Two year,Credit card (automatic),No,0,22,Daily,0
3054-KQFLT,70,102.57,7091.07,Month-to-month,Mailed check,Fiber optic,3,90,Rarely,1
7694-RCWYM,15,55.01,866.09,Month-to-month,Mailed check,DSL,1,53,Rarely,1
3976-INULA,43,51.3,2225.96,Month-to-month,Mailed check,DSL,0,42,Weekly,0
3221-BVUUD,48,82.16,3939.86,One year,Electronic check,Fiber optic,2,9,Weekly,0
9372-EKGKO,17,22.33,374.35,Two year,Credit card (automatic),No,0,4,Daily,0
5343-HDKSQ,71,96.19,6855.95,Two year,Electronic check,Fiber optic,1,13,Daily,0
1437-IIPEV,54,110.07,5927.86,One year,Credit card (automatic),Fiber optic,4,15,Daily,0
5452-WAZAL,7,25.37,178.05,Month-to-month,Credit card (automatic),No,2,5,Daily,0
5146-RIFBS,11,53.22,612.95,Month-to-month,Electronic check,DSL,1,22,Weekly,1
8774-AMKZY,10,86.09,852.76,One year,Credit card (automatic),Fiber optic,2,9,Weekly,1
7403-VSOJE,60,83.64,4908.46,Two year,Credit card (automatic),Fiber optic,1,39,Rarely,1
2722-ZKLDH,3,84.65,252.05,Month-to-month,Bank transfer (automatic),Fiber optic,0,3,Daily,0
2353-QLPFC,34,72.51,2354.92,One year,Credit card (automatic),DSL,0,9,Daily,0
6431-XLJHR,31,100.51,3102.18,Month-to-month,Mailed check,Fiber optic,1,35,Rarely,1
1426-OKYXF,53,42.58,2351.69,Two year,Bank transfer (automatic),DSL,1,0,Daily,0
3870-QZMAD,71,97.77,6734.15,Two year,Mailed check,Fiber optic,1,10,Daily,0
2243-RXDOM,7,24.86,166.87,One year,Credit card (automatic),No,1,11,Rarely,0
1185-HQWGB,6,41.77,238.49,Month-to-month,Mailed check,DSL,1,32,Rarely,1
9268-JISNA,34,113.92,3929.13,Two year,Electronic check,Fiber optic,0,5,Daily,0
1808-ITMOG,60,20.43,1258.29,Month-to-month,Bank transfer (automatic),No,1,5,Daily,0
1083-IDCAQ,62,54.08,3410.41,Two year,Bank transfer (automatic),DSL,1,9,Daily,0
9395-EOYSO,30,57.38,1745.63,Two year,Credit card (automatic),DSL,0,54,Weekly,0
2694-DMXJV,58,19.57,1171.02,Month-to-month,Electronic check,No,2,40,Rarely,0
8348-SGDAH,41,74.78,3174.34,One year,Bank transfer (automatic),Fiber optic,4,11,Daily,1
1281-IROMS,8,50.07,394.0,Month-to-month,Mailed check,DSL,2,1,Daily,1
2381-USXJV,60,39.25,2373.75,Two year,Bank transfer (automatic),DSL,0,10,Weekly,0
1995-KEDCY,30,65.55,1997.58,Month-to-month,Mailed check,DSL,1,40,Rarely,0
7355-EVULX,65,76.52,4894.94,Two year,Electronic check,Fiber optic,1,6,Weekly,0
6580-XYMHB,17,19.2,330.85,Two year,Electronic check,No,2,10,Weekly,0
5279-VWNBV,27,97.32,2669.53,One year,Electronic check,Fiber optic,3,3,Daily,0
3174-HORDB,0,66.26,,Month-to-month,Bank transfer (automatic),DSL,1,90,Weekly,1
1799-CYYLL,41,23.45,921.54,One year,Electronic check,No,2,33,Rarely,0
6122-KJOJQ,5,94.43,483.24,Month-to-month,Credit card (automatic),Fiber optic,2,68,Rarely,1
3076-JQYFB,50,79.68,3814.87,Two year,Mailed check,DSL,1,15,Weekly,0
6311-NDGUK,7,19.44,136.18,Month-to-month,Electronic check,No,1,40,Weekly,1
7186-OUDMA,9,108.14,928.93,Month-to-month,Credit card (automatic),Fiber optic,1,9,Daily,0
8644-MFXGF,2,89.94,185.78,Month-to-month,Electronic check,Fiber optic,3,2,Daily,1
5445-ADFFT,15,25.28,381.27,One year,Electronic check,No,1,5,Daily,0
1042-XWYXL,29,49.79,1401.14,One year,Electronic check,DSL,2,3,Daily,0
3525-KQIPZ,52,115.97,6249.13,Two year,Mailed check,Fiber optic,2,21,Weekly,0
8679-FUYNJ,38,25.0,913.89,Month-to-month,Electronic check,No,2,19,Weekly,0
5798-GEITN,31,46.97,1515.41,Month-to-month,Credit card (automatic),DSL,2,41,Rarely,1
6571-FOVAA,28,21.76,638.04,Month-to-month,Mailed check,No,0,44,Rarely,0
5119-YTOXP,2,50.18,101.94,Month-to-month,Electronic check,DSL,1,3,Daily,1
2464-NFVTH,42,19.57,849.75,Month-to-month,Bank transfer (automatic),No,2,14,Weekly,0
9069-TSCEP,57,88.82,5226.65,Two year,Credit card (automatic),Fiber optic,2,39,Weekly,0
7955-QRJVL,41,95.96,3916.11,Month-to-month,Credit card (automatic),Fiber optic,5,19,Daily,0
9955-FCWSL,49,89.48,4218.84,Two year,Electronic check,Fiber optic,0,8,Weekly,0
8698-FCDCN,5,54.26,259.99,Month-to-month,Credit card (automatic),DSL,1,63,Weekly,1
3619-FDHSM,64,54.08,3323.99,Month-to-month,Mailed check,DSL,0,5,Daily,0
3288-DTMER,59,77.81,4596.78,Month-to-month,Mailed check,Fiber optic,2,6,Daily,0
3236-ZOEIP,72,20.17,1384.78,One year,Mailed check,No,1,5,Daily,0
9268-ZYYVO,36,63.35,2276.06,Month-to-month,Bank transfer (automatic),DSL,3,37,Rarely,1
6011-QTSQD,5,77.71,380.27,Month-to-month,Mailed check,Fiber optic,2,2,Daily,1
5089-WALLZ,50,77.16,4001.47,Two year,Bank transfer (automatic),DSL,0,12,Daily,0
9713-CMJCF,21,105.7,2128.81,Month-to-month,Electronic check,Fiber optic,7,3,Weekly,1
6430-KXKWT,37,117.96,4443.12,Two year,Electronic check,Fiber optic,5,22,Daily,1
9183-VWSTE,5,85.36,408.93,Month-to-month,Credit card (automatic),Fiber optic,8,12,Daily,0
9860-SBTRT,11,78.85,869.76,Month-to-month,Mailed check,Fiber optic,4,39,Rarely,1
1714-QJJPM,71,42.47,2965.36,Month-to-month,Bank transfer (automatic),DSL,2,38,Weekly,0
4253-IMNGQ,6,55.1,332.23,Month-to-month,Electronic check,DSL,2,15,Weekly,0
7606-IGKCP,26,114.67,2854.2,One year,Electronic check,Fiber optic,1,14,Weekly,1
8317-TYHON,0,98.67,,Month-to-month,Electronic check,Fiber optic,7,22,Daily,1
2336-TQUWC,14,83.09,1164.28,Month-to-month,Bank transfer (automatic),DSL,2,24,Daily,1
3865-JQOME,59,81.04,4945.65,Two year,Electronic check,DSL,1,32,Weekly,0
5933-OTAPX,55,56.47,2967.98,Two year,Bank transfer (automatic),DSL,1,22,Weekly,0
8192-OYJAR,17,59.14,967.5,Two year,Electronic check,DSL,0,9,Weekly,0
2016-FAEYU,7,84.52,620.05,Month-to-month,Electronic check,Fiber optic,2,17,Weekly,1
6406-HPIEZ,5,24.06,120.15,Month-to-month,Bank transfer (automatic),No,0,90,Rarely,1
3667-VJJVL,5,65.19,332.81,Month-to-month,Mailed check,DSL,1,90,Weekly,1
2946-JKLNB,44,41.92,1806.06,Two year,Credit card (automatic),DSL,0,2,Daily,0
5638-MLHJL,55,114.56,6382.78,Month-to-month,Bank transfer (automatic),Fiber optic,4,10,Weekly,1
4725-JXNNG,10,108.1,1072.71,Month-to-month,Electronic check,Fiber optic,3,45,Rarely,1
6720-XAOET,36,115.25,4286.65,One year,Electronic check,Fiber optic,0,21,Weekly,0
3858-JHBUK,36,82.1,2936.14,One year,Bank transfer (automatic),Fiber optic,1,23,Rarely,0
8408-GVAME,38,73.64,2847.76,Month-to-month,Mailed check,DSL,2,0,Daily,0
1702-DAEYL,34,23.25,777.24,One year,Electronic check,No,0,23,Weekly,1
8756-ZGTCC,46,75.97,3391.42,Month-to-month,Bank transfer (automatic),Fiber optic,2,21,Weekly,0
1268-AXRTY,3,82.59,240.78,Month-to-month,Bank transfer (automatic),Fiber optic,3,4,Daily,1
7622-ISNOR,20,79.3,1596.45,One year,Electronic check,Fiber optic,2,1,Daily,0
4117-MABNO,17,19.65,333.75,Month-to-month,Bank transfer (automatic),No,1,14,Rarely,1
4449-TOEJL,64,23.37,,One year,Electronic check,No,1,11,Weekly,0
1171-ZNQTJ,11,78.84,897.44,Month-to-month,Bank transfer (automatic),DSL,3,19,Daily,1
7318-ZRWTQ,42,84.44,3382.22,Month-to-month,Electronic check,DSL,0,16,Weekly,0
2489-APDPS,59,48.89,2970.79,Two year,Bank transfer (automatic),DSL,1,23,Weekly,0
6931-OIBRS,16,23.56,390.53,Two year,Mailed check,No,1,36,Rarely,0
7525-MSUNB,10,42.6,434.99,Month-to-month,Electronic check,DSL,0,32,Rarely,1
8606-WMRXJ,56,81.59,4651.11,Two year,Electronic check,Fiber optic,2,34,Weekly,0
7372-QAXBO,12,111.1,1391.68,One year,Credit card (automatic),Fiber optic,2,11,Weekly,1
3713-JAMYE,54,115.66,6489.04,Two year,Credit card (automatic),Fiber optic,2,5,Weekly,0
7646-HEDFO,8,117.08,924.21,Month-to-month,Mailed check,Fiber optic,4,9,Weekly,1
8432-URUSJ,48,92.53,4505.15,Month-to-month,Bank transfer (automatic),Fiber optic,2,33,Weekly,0
3854-XESCT,2,72.85,146.21,One year,Credit card (automatic),DSL,0,11,Rarely,0
2117-CFKSB,33,55.98,1774.7,Month-to-month,Electronic check,DSL,0,40,Weekly,0
9009-GITYP,62,71.25,4298.26,Month-to-month,Mailed check,DSL,3,30,Daily,0
2331-NIVCD,39,19.64,766.33,One year,Mailed check,No,1,32,Rarely,0
6343-FGMYQ,8,19.42,154.62,Month-to-month,Electronic check,No,1,79,Rarely,1
3126-JFQGZ,2,25.88,52.14,Month-to-month,Electronic check,No,0,7,Weekly,0
2134-MOXHM,11,53.33,604.06,Month-to-month,Credit card (automatic),DSL,1,18,Weekly,1
7986-NHBHC,2,80.27,165.41,Month-to-month,Bank transfer (automatic),DSL,0,30,Weekly,1
2293-RAIWO,13,71.1,903.22,Two year,Bank transfer (automatic),Fiber optic,2,10,Weekly,0
7031-RRHQF,42,77.25,3168.39,Two year,Bank transfer (automatic),DSL,0,8,Daily,0
7237-QRWXA,63,25.53,1626.97,Two year,Mailed check,No,0,13,Daily,0
1541-HOIQW,53,70.75,3704.32,One year,Credit card (automatic),Fiber optic,4,33,Weekly,0
2556-GXWXB,60,21.42,1344.32,Two year,Bank transfer (automatic),No,1,8,Daily,0
8148-HDDBL,45,24.56,1120.06,Month-to-month,Mailed check,No,2,20,Weekly,0
5565-CHZWY,18,70.22,1233.37,One year,Electronic check,Fiber optic,2,6,Daily,0
2092-ARQDX,43,53.02,2189.93,Month-to-month,Electronic check,DSL,1,15,Weekly,0
9924-KZCQD,9,20.44,188.08,Month-to-month,Credit card (automatic),No,2,34,Weekly,1
3384-YPBFJ,11,76.49,826.3,Month-to-month,Bank transfer (automatic),Fiber optic,1,22,Weekly,1
1036-AAYZN,49,19.16,909.86,Two year,Mailed check,No,2,4,Daily,0
9316-XRASA,60,50.45,2952.07,One year,Electronic check,DSL,0,47,Weekly,0
1149-VJDGR,6,79.7,487.5,Month-to-month,Bank transfer (automatic),Fiber optic,2,3,Weekly,1
5979-WOEXU,41,117.26,4883.67,Month-to-month,Mailed check,Fiber optic,3,18,Daily,1
9936-KOZJA,7,40.02,268.96,Month-to-month,Bank transfer (automatic),DSL,1,14,Daily,1
6199-DPZTQ,47,76.28,3644.25,Two year,Bank transfer (automatic),Fiber optic,1,2,Daily,0
6261-ILAJQ,6,76.13,462.1,Month-to-month,Credit card (automatic),DSL,1,13,Daily,0
4493-XXVAV,63,106.98,6942.11,Month-to-month,Electronic check,Fiber optic,0,68,Rarely,1
2142-FQYXR,33,92.71,2933.09,Month-to-month,Bank transfer (automatic),Fiber optic,2,25,Weekly,1
6153-HNSNK,21,56.72,1164.0,One year,Credit card (automatic),DSL,2,7,Daily,0
9074-KPAZC,55,86.8,4918.91,Two year,Electronic check,Fiber optic,0,4,Daily,0
1819-ZANKO,67,83.78,5579.4,Two year,Bank transfer (automatic),DSL,1,2,Daily,0
8922-LXAZR,57,112.05,6648.02,Two year,Electronic check,Fiber optic,2,6,Daily,0
4735-UDBKI,40,51.04,2080.81,Month-to-month,Bank transfer (automatic),DSL,3,28,Weekly,0
5825-UXLTB,10,92.36,882.43,One year,Bank transfer (automatic),Fiber optic,1,1,Daily,0
2488-TCRJK,47,106.18,4966.14,Two year,Credit card (automatic),Fiber optic,0,0,Weekly,0
6595-HKWVI,72,24.69,1741.58,Two year,Credit card (automatic),No,2,18,Weekly,0
2640-HNRES,48,75.92,3739.24,Month-to-month,Credit card (automatic),Fiber optic,2,0,Daily,1
3458-YVOII,23,116.36,2582.58,One year,Bank transfer (automatic),Fiber optic,2,1,Daily,1
7493-TLCRD,46,109.74,5241.18,One year,Bank transfer (automatic),Fiber optic,1,11,Weekly,0
1454-ZKIBE,5,94.42,482.94,Month-to-month,Bank transfer (automatic),Fiber optic,3,0,Daily,1
5024-YNXYB,8,94.28,760.72,Month-to-month,Bank transfer (automatic),Fiber optic,2,42,Rarely,1
6350-JVMNO,8,94.59,761.35,Month-to-month,Credit card (automatic),Fiber optic,4,43,Rarely,1
2188-SYXQP,12,109.57,1374.26,Month-to-month,Electronic check,Fiber optic,3,3,Weekly,1
3652-JDSAS,22,96.5,2200.21,Month-to-month,Bank transfer (automatic),Fiber optic,3,13,Weekly,1
4091-MUYOO,5,24.59,128.14,One year,Electronic check,No,2,18,Weekly,0
6971-MJCAS,18,78.72,1462.62,Month-to-month,Electronic check,DSL,2,74,Weekly,1
9789-XBIPS,46,71.31,3231.29,Month-to-month,Credit card (automatic),DSL,1,24,Weekly,0
8525-TSCGM,1,72.27,69.88,Month-to-month,Bank transfer (automatic),Fiber optic,0,8,Weekly,1
2707-BIKZI,32,91.72,2875.78,One year,Mailed check,Fiber optic,2,6,Daily,0
1163-ZSRVV,11,50.76,584.14,Month-to-month,Mailed check,DSL,0,1,Daily,1
1467-FKNZB,7,41.0,300.31,Month-to-month,Electronic check,DSL,2,40,Weekly,1
6360-MFFTF,55,23.36,1246.74,One year,Bank transfer (automatic),No,1,13,Rarely,0
2406-UZUED,7,62.59,426.14,Month-to-month,Electronic check,DSL,0,5,Daily,0
3081-LOUKE,10,72.96,741.12,Month-to-month,Bank transfer (automatic),Fiber optic,4,4,Daily,1
8625-ZXRSY,43,67.6,2922.35,Month-to-month,Mailed check,DSL,3,20,Daily,0
8864-MDPLU,9,47.74,432.43,Month-to-month,Bank transfer (automatic),DSL,2,38,Weekly,0
8550-UMJKQ,43,82.11,3674.45,Month-to-month,Electronic check,DSL,0,24,Weekly,1
3282-QNNZG,68,71.07,4860.33,One year,Mailed check,DSL,0,23,Weekly,0
6576-EUYPK,26,70.18,1839.34,One year,Mailed check,Fiber optic,3,7,Daily,1
6496-JMBNH,43,79.08,3455.3,Two year,Bank transfer (automatic),DSL,1,19,Weekly,0
2667-GOZFX,66,73.16,4833.64,Two year,Credit card (automatic),Fiber optic,2,42,Weekly,0
5981-NZJZR,1,39.53,39.85,Month-to-month,Bank transfer (automatic),DSL,1,11,Daily,1
5726-ROLNW,18,21.46,395.81,One year,Credit card (automatic),No,1,14,Weekly,0
4565-UASVT,11,46.16,528.85,Month-to-month,Bank transfer (automatic),DSL,0,2,Daily,0
7764-MIRRJ,2,76.62,159.86,Month-to-month,Electronic check,DSL,2,5,Daily,0
7097-KJBAC,49,115.82,5770.46,One year,Mailed check,Fiber optic,2,16,Weekly,0
5793-LNKYF,72,24.38,1714.76,Two year,Bank transfer (automatic),No,0,54,Weekly,0
7531-KGHPI,11,87.86,1001.94,Month-to-month,Mailed check,Fiber optic,4,1,Daily,0
7867-IRVFC,14,84.17,1201.24,Two year,Credit card (automatic),Fiber optic,3,26,Weekly,1
6101-GPYEB,12,21.07,249.49,Month-to-month,Mailed check,No,4,37,Weekly,1
3408-NZOYQ,56,74.2,4208.15,One year,Mailed check,Fiber optic,2,8,Weekly,0
7825-ALUNF,7,113.82,790.58,Month-to-month,Electronic check,Fiber optic,3,24,Weekly,1
7457-ERMOJ,49,81.84,4143.88,One year,Electronic check,Fiber optic,2,8,Weekly,0
9849-IRALJ,6,50.51,298.11,Month-to-month,Electronic check,DSL,1,90,Weekly,1
2347-USLGG,7,71.93,500.47,One year,Electronic check,DSL,0,74,Rarely,1
4773-FHTBA,62,67.42,4302.49,One year,Bank transfer (automatic),DSL,2,53,Rarely,0
9317-OFVTT,53,83.11,4272.87,One year,Electronic check,DSL,0,8,Rarely,0
5630-LLLFO,1,25.86,26.03,Month-to-month,Electronic check,No,1,6,Daily,0
9482-WGBOK,20,21.63,430.39,One year,Bank transfer (automatic),No,0,28,Weekly,0
1112-UWYKX,54,81.36,4335.17,Two year,Credit card (automatic),DSL,0,49,Rarely,0
1316-DJGYP,16,82.94,1275.29,Month-to-month,Electronic check,DSL,4,27,Weekly,1
8163-JDURW,42,111.52,4455.1,Month-to-month,Mailed check,Fiber optic,0,7,Daily,0
4225-LDIQG,36,115.23,4195.44,One year,Electronic check,Fiber optic,2,14,Weekly,1
5681-BVNKO,54,23.0,1249.47,One year,Credit card (automatic),No,0,0,Daily,0
4851-TALGC,44,19.36,888.99,Month-to-month,Mailed check,No,0,65,Rarely,0
4671-ALONU,5,111.69,547.35,Month-to-month,Bank transfer (automatic),Fiber optic,3,40,Rarely,1
9454-LPVRX,38,53.15,1926.91,One year,Mailed check,DSL,1,5,Daily,0
1846-FUSPA,50,25.44,1267.33,Two year,Credit card (automatic),No,2,5,Weekly,0
7949-OWQAH,36,95.18,3269.53,Two year,Mailed check,Fiber optic,1,4,Daily,0
9006-OVLWU,11,93.75,1006.38,Month-to-month,Credit card (automatic),Fiber optic,1,12,Weekly,1
6916-GFXPW,47,110.32,5272.28,One year,Mailed check,Fiber optic,1,14,Weekly,0
4554-XLBXP,24,88.83,2122.77,One year,Bank transfer (automatic),Fiber optic,3,7,Daily,0
2439-DNAHJ,49,43.89,2113.44,One year,Electronic check,DSL,3,5,Weekly,0
7142-LOVJT,4,108.01,444.97,Month-to-month,Electronic check,Fiber optic,3,85,Daily,1
5218-YTGRH,71,52.37,3657.48,One year,Mailed check,DSL,1,7,Weekly,0
2344-MQHAV,37,77.91,2784.68,One year,Electronic check,DSL,0,39,Weekly,0
4236-SDJGZ,2,114.42,223.79,Two year,Electronic check,Fiber optic,2,2,Daily,1
9652-YRLBG,13,57.03,774.93,One year,Electronic check,DSL,0,29,Daily,0
3388-CUCRY,4,23.53,91.77,Two year,Electronic check,No,3,4,Weekly,0
2605-IRWLL,62,18.63,1139.17,One year,Bank transfer (automatic),No,3,42,Rarely,0
7137-FLWRF,65,24.46,1538.22,Month-to-month,Electronic check,No,2,35,Rarely,0
2795-NSCTF,7,60.13,427.13,Two year,Credit card (automatic),DSL,0,4,Daily,0
9278-HKNXF,42,20.48,840.97,Month-to-month,Electronic check,No,3,11,Rarely,1
8729-GJWZL,49,79.26,3770.94,Two year,Credit card (automatic),DSL,0,10,Weekly,0
9850-SXWRO,8,89.85,725.05,Month-to-month,Mailed check,Fiber optic,2,16,Weekly,1
9212-ZGJSA,72,76.88,5681.8,Two year,Bank transfer (automatic),DSL,2,6,Daily,0
3193-NWEUK,12,21.65,262.18,Month-to-month,Bank transfer (automatic),No,0,12,Daily,0
2909-WQETB,11,82.68,909.34,One year,Electronic check,DSL,1,6,Daily,0
4083-GXWBJ,31,102.51,3328.25,Month-to-month,Mailed check,Fiber optic,1,4,Daily,1
5227-CHZFQ,4,102.36,400.64,Month-to-month,Electronic check,Fiber optic,0,41,Weekly,1
8919-UWJSM,63,76.0,4774.98,Two year,Credit card (automatic),Fiber optic,3,10,Daily,0
7600-CFTRN,16,24.11,373.85,Month-to-month,Credit card (automatic),No,1,33,Weekly,1
6799-URIHY,63,62.93,3965.77,One year,Mailed check,DSL,0,10,Daily,0
8904-ZAUDW,46,72.04,3309.06,One year,Mailed check,DSL,1,12,Weekly,0
6812-PRSPG,19,112.07,2187.17,Month-to-month,Electronic check,Fiber optic,2,90,Rarely,1
4411-UOOIA,67,104.1,6944.73,One year,Electronic check,Fiber optic,6,12,Daily,0
4716-OIRJZ,25,61.96,1493.71,Month-to-month,Electronic check,DSL,1,58,Weekly,1
5652-RLSQQ,53,24.89,1378.49,Two year,Bank transfer (automatic),No,0,5,Daily,0
1798-PYILG,20,72.96,1425.32,Month-to-month,Bank transfer (automatic),DSL,0,37,Rarely,0
7674-OZPFX,10,107.09,1043.58,One year,Mailed check,Fiber optic,1,11,Rarely,1
6874-ULDKU,22,80.93,1851.99,One year,Mailed check,DSL,1,33,Weekly,0
7579-PEEZL,38,76.7,2961.97,Month-to-month,Electronic check,Fiber optic,5,23,Weekly,1
5804-RJCKS,1,94.2,97.84,Month-to-month,Bank transfer (automatic),Fiber optic,2,13,Weekly,1
8045-IPLIG,14,76.01,1041.56,One year,Electronic check,Fiber optic,2,31,Rarely,1
9546-GGSIT,26,73.48,1824.97,One year,Electronic check,DSL,1,3,Daily,1
6128-IIYWK,5,90.95,451.72,Month-to-month,Electronic check,Fiber optic,4,90,Rarely,1
4999-GSBLP,62,72.14,4358.68,Two year,Mailed check,DSL,1,9,Daily,0
1941-RCAHD,61,44.6,2783.19,Month-to-month,Bank transfer (automatic),DSL,0,39,Rarely,0
8007-NXHLF,9,67.53,590.46,Month-to-month,Electronic check,DSL,1,21,Weekly,0
9134-BSGOR,68,19.35,1260.29,Month-to-month,Electronic check,No,0,57,Rarely,0
7294-VEPXM,68,55.25,3746.82,Two year,Bank transfer (automatic),DSL,0,17,Weekly,0
8789-BGUUI,52,95.98,4882.18,One year,Bank transfer (automatic),Fiber optic,1,16,Rarely,0
8749-FHGTV,4,70.81,276.29,Month-to-month,Electronic check,DSL,2,12,Weekly,1
8182-BTTPW,5,94.3,462.76,Month-to-month,Credit card (automatic),Fiber optic,3,45,Weekly,1
5525-BSDXM,14,105.44,1447.55,Month-to-month,Bank transfer (automatic),Fiber optic,3,4,Daily,0
1898-CTTMI,64,47.0,2990.55,Month-to-month,Credit card (automatic),DSL,4,61,Weekly,0
1029-AXEVP,43,23.31,1010.04,Month-to-month,Credit card (automatic),No,1,72,Rarely,0
2839-RSWAZ,23,21.39,493.87,One year,Bank transfer (automatic),No,1,10,Weekly,0
4878-BZGVC,56,46.09,2605.62,Two year,Electronic check,DSL,2,0,Daily,0
7691-LOYDA,50,111.39,5362.73,One year,Bank transfer (automatic),Fiber optic,1,53,Daily,0
5101-QBUAZ,45,25.82,1110.77,One year,Mailed check,No,2,0,Daily,0
1208-NYDHL,54,20.3,1143.53,One year,Electronic check,No,0,16,Daily,0
2892-ACITS,67,46.25,3012.91,Two year,Electronic check,DSL,0,11,Weekly,0
9812-CBRJU,3,24.23,75.09,Month-to-month,Electronic check,No,3,47,Rarely,1
9891-HJFGS,59,84.57,4773.11,Two year,Mailed check,DSL,0,25,Weekly,0
4393-MRCNL,12,90.3,1102.66,Month-to-month,Bank transfer (automatic),Fiber optic,3,9,Weekly,0
8244-XLCSD,7,108.36,766.35,Month-to-month,Credit card (automatic),Fiber optic,1,61,Weekly,1
7473-XJURM,56,77.14,4303.7,Two year,Bank transfer (automatic),Fiber optic,0,4,Daily,0
9380-PEBTY,18,20.21,359.19,One year,Electronic check,No,0,26,Weekly,0
8987-WHJJS,18,45.48,848.47,Month-to-month,Credit card (automatic),DSL,1,11,Weekly,0
6658-QUYKR,48,69.64,3410.61,Month-to-month,Credit card (automatic),DSL,2,2,Daily,0
4551-NYJEJ,10,98.49,999.36,Month-to-month,Mailed check,Fiber optic,3,24,Rarely,1
6639-QYVAN,1,102.1,106.47,Month-to-month,Credit card (automatic),Fiber optic,1,15,Daily,0
3871-EJYZD,8,78.19,598.45,Month-to-month,Bank transfer (automatic),Fiber optic,3,6,Daily,1
4132-DSKLW,26,19.11,509.24,One year,Electronic check,No,0,8,Weekly,0
6478-XXUZS,3,95.9,301.16,Month-to-month,Electronic check,Fiber optic,2,29,Daily,0
6142-XOBVY,2,95.7,200.42,Month-to-month,Bank transfer (automatic),Fiber optic,1,24,Weekly,1
6228-ILOQR,58,58.39,3276.04,Two year,Credit card (automatic),DSL,1,54,Rarely,0
4461-KWVYO,9,70.42,653.42,Month-to-month,Electronic check,DSL,3,2,Daily,1
4681-CVCFH,30,21.64,620.56,One year,Credit card (automatic),No,1,9,Weekly,0
1091-ESLFA,12,111.54,1364.19,Month-to-month,Electronic check,Fiber optic,3,8,Rarely,1
6415-FSUHB,27,107.72,2949.53,Month-to-month,Mailed check,Fiber optic,2,17,Daily,1
6181-OUBUE,36,54.45,1951.52,One year,Mailed check,DSL,0,28,Rarely,0
9417-GQBHD,19,113.37,2120.53,One year,Electronic check,Fiber optic,1,38,Weekly,1
5538-FUFBF,4,61.63,240.09,Month-to-month,Electronic check,DSL,0,3,Daily,0
5208-CQZES,5,21.98,108.24,Month-to-month,Electronic check,No,0,44,Weekly,1
1609-JBRFN,1,72.17,69.28,Month-to-month,Mailed check,DSL,0,48,Weekly,1
2770-NPDGT,11,82.99,894.84,Month-to-month,Electronic check,DSL,2,34,Rarely,0
4041-YAKWH,18,71.62,1290.16,Month-to-month,Bank transfer (automatic),Fiber optic,2,8,Daily,0
4394-LXZRS,1,47.06,47.13,Month-to-month,Mailed check,DSL,2,44,Weekly,1
4263-PHXAB,12,24.54,296.75,Month-to-month,Mailed check,No,2,9,Daily,0
4546-PVVRJ,0,91.43,,Month-to-month,Electronic check,Fiber optic,0,26,Daily,1
7919-JLGKC,61,111.65,6549.54,One year,Bank transfer (automatic),Fiber optic,1,21,Weekly,1
2179-IYSDH,41,55.17,2341.16,Month-to-month,Credit card (automatic),DSL,5,3,Weekly,1
3990-GHRXS,30,117.31,3472.09,Month-to-month,Bank transfer (automatic),Fiber optic,5,19,Weekly,1
2465-MEDVR,18,48.93,853.55,One year,Mailed check,DSL,0,24,Daily,0
3769-NPWVC,46,116.02,5165.81,One year,Electronic check,Fiber optic,2,24,Weekly,0
7160-KBKQF,2,24.42,50.33,Month-to-month,Credit card (automatic),No,2,90,Weekly,0
1420-DMNSA,39,83.81,3261.4,One year,Mailed check,DSL,3,3,Daily,0
4054-GURXV,19,19.71,365.41,Two year,Electronic check,No,1,69,Weekly,1
1213-VNYKX,10,21.15,220.62,Month-to-month,Bank transfer (automatic),No,0,8,Weekly,0
9593-KLRKD,2,19.98,40.3,One year,Electronic check,No,2,20,Weekly,1
7544-XLYKZ,72,110.24,8043.86,One year,Electronic check,Fiber optic,2,1,Daily,0
3192-PTTFV,60,20.51,1199.58,Two year,Bank transfer (automatic),No,1,39,Rarely,0
2783-YRYVR,4,95.5,378.17,Month-to-month,Electronic check,Fiber optic,4,29,Weekly,1
1890-MWEOV,61,79.37,4748.12,Two year,Electronic check,Fiber optic,0,1,Daily,0
5255-YGCIW,4,104.31,406.64,Month-to-month,Bank transfer (automatic),Fiber optic,3,90,Rarely,1
7780-NBDII,3,73.18,228.3,Month-to-month,Electronic check,DSL,1,37,Weekly,1
6257-DMMFG,5,44.3,213.27,Month-to-month,Electronic check,DSL,3,18,Daily,0
8928-RYZOB,54,103.27,5347.56,Two year,Electronic check,Fiber optic,1,21,Daily,0
4094-XYHKA,1,46.61,46.05,Month-to-month,Mailed check,DSL,2,19,Rarely,1
3502-UUASK,70,116.28,8267.98,Two year,Credit card (automatic),Fiber optic,2,0,Daily,0
5301-OFVKV,27,25.1,665.21,Month-to-month,Mailed check,No,2,11,Weekly,0
2818-DPIZO,22,79.78,1702.92,Two year,Credit card (automatic),Fiber optic,2,19,Weekly,0
9779-SCRCJ,5,86.49,413.19,Month-to-month,Credit card (automatic),Fiber optic,1,70,Rarely,1
2671-FAPGN,12,98.9,1226.28,Month-to-month,Credit card (automatic),Fiber optic,0,28,Weekly,1
5309-TESHI,60,76.11,4674.55,One year,Mailed check,DSL,1,28,Weekly,0
5697-PQRFP,15,82.39,1253.75,One year,Bank transfer (automatic),DSL,4,6,Daily,0
1513-GHYCK,39,58.28,2325.9,One year,Bank transfer (automatic),DSL,1,14,Weekly,0
5215-LGUMS,11,22.17,252.2,Month-to-month,Electronic check,No,1,9,Weekly,1
5091-KXSIZ,51,19.67,979.69,Two year,Electronic check,No,0,1,Daily,0
3334-WPAPR,64,86.95,5726.6,Two year,Credit card (automatic),Fiber optic,1,3,Daily,0
2151-JDOUI,42,118.11,4763.71,Month-to-month,Mailed check,Fiber optic,3,28,Weekly,1
1406-LASWU,25,25.53,665.91,One year,Credit card (automatic),No,0,8,Weekly,0
1077-LBMYC,6,58.03,350.44,Month-to-month,Electronic check,DSL,3,29,Daily,0
5332-FVOEA,7,49.27,353.98,Month-to-month,Electronic check,DSL,0,32,Weekly,1
1808-KPVWL,4,97.79,390.65,Month-to-month,Electronic check,Fiber optic,1,29,Weekly,1
9633-KYUFR,71,90.53,6363.55,Two year,Bank transfer (automatic),Fiber optic,0,6,Daily,0
3202-SGZHO,11,24.14,271.01,Month-to-month,Electronic check,No,1,5,Daily,0
6872-MRXKJ,9,23.22,205.42,Month-to-month,Credit card (automatic),No,0,90,Weekly,1
7060-TYXTS,3,23.46,71.08,Month-to-month,Bank transfer (automatic),No,2,7,Daily,1
5459-TYAPA,3,88.15,251.26,Month-to-month,Electronic check,Fiber optic,1,0,Daily,1
8951-PKHXS,31,23.13,741.27,One year,Electronic check,No,1,9,Weekly,0
1996-OWCQE,69,103.45,6900.29,Two year,Mailed check,Fiber optic,2,11,Daily,0
3106-GEOQT,21,101.43,2154.23,One year,Credit card (automatic),Fiber optic,2,4,Daily,0
3271-LYJEA,40,103.73,4296.6,Month-to-month,Credit card (automatic),Fiber optic,2,79,Rarely,1
2218-DLKWD,38,25.18,974.11,Month-to-month,Mailed check,No,1,84,Weekly,0
3652-GZALF,29,51.34,1484.95,Month-to-month,Bank transfer (automatic),DSL,2,28,Daily,1
3813-NZFJL,64,77.58,4967.35,Two year,Credit card (automatic),Fiber optic,0,26,Daily,0
7882-UZCMT,57,71.68,4060.92,One year,Mailed check,Fiber optic,3,0,Weekly,0
3714-AUGNZ,53,103.95,5252.94,Two year,Electronic check,Fiber optic,1,14,Weekly,0
8889-QZPFS,48,86.27,4254.46,One year,Electronic check,Fiber optic,1,1,Daily,0
7953-PIBQP,48,94.54,4744.99,Month-to-month,Mailed check,Fiber optic,2,90,Rarely,1
9113-UDOVX,41,73.56,3082.46,Month-to-month,Electronic check,Fiber optic,2,34,Rarely,0
1946-YFEOM,24,114.96,2869.05,Month-to-month,Credit card (automatic),Fiber optic,4,35,Rarely,1
9860-GCDIT,68,66.07,4659.66,One year,Mailed check,DSL,1,1,Rarely,0
6525-BCGWZ,1,76.05,74.95,Month-to-month,Bank transfer (automatic),Fiber optic,2,47,Rarely,1
9840-LBAWL,8,57.69,455.2,Month-to-month,Credit card (automatic),DSL,1,21,Weekly,0
4193-CVNJL,55,20.85,1142.1,Two year,Mailed check,No,0,3,Daily,0
9576-FYUFT,34,25.0,815.28,Month-to-month,Credit card (automatic),No,2,81,Rarely,1
6296-ELTAS,0,79.31,,Month-to-month,Bank transfer (automatic),DSL,2,8,Rarely,1
1646-FSMAT,22,75.36,1575.43,One year,Electronic check,DSL,3,5,Daily,0
4690-GYVFP,10,56.85,570.14,Two year,Electronic check,DSL,1,47,Rarely,1
2240-JPOHQ,12,115.74,1394.25,One year,Electronic check,Fiber optic,3,7,Daily,1
9470-GXYES,36,51.66,1781.23,Two year,Credit card (automatic),DSL,1,4,Daily,0
3739-YDTYF,21,102.08,2074.53,Month-to-month,Credit card (automatic),Fiber optic,1,2,Weekly,0
3001-PUIGK,16,95.39,1563.1,Two year,Mailed check,Fiber optic,0,1,Daily,0
5975-ISJJY,1,91.23,91.52,Month-to-month,Mailed check,Fiber optic,0,64,Rarely,1
4826-PYSXF,22,79.14,1789.6,Month-to-month,Electronic check,Fiber optic,5,4,Daily,0
1872-YYBJK,2,81.64,158.39,Month-to-month,Bank transfer (automatic),Fiber optic,1,31,Rarely,1
8347-KUSFP,23,109.86,2544.92,One year,Electronic check,Fiber optic,0,7,Weekly,0
8611-ZLYQY,27,102.43,2693.6,One year,Electronic check,Fiber optic,3,3,Daily,0
7685-XAUEV,5,115.16,602.3,Month-to-month,Credit card (automatic),Fiber optic,1,10,Weekly,1
6550-VGBKH,52,103.04,5585.42,Two year,Electronic check,Fiber optic,1,3,Weekly,0
4622-OCBLU,26,41.8,1067.89,Month-to-month,Mailed check,DSL,3,41,Rarely,0
5880-IIEHH,2,44.35,85.64,Month-to-month,Mailed check,DSL,3,1,Daily,1
5688-GIHRI,24,105.09,2433.26,One year,Electronic check,Fiber optic,2,64,Daily,1
2487-TPQPX,0,82.17,,Month-to-month,Bank transfer (automatic),Fiber optic,2,10,Weekly,0
1736-GZFDV,1,82.06,83.14,Month-to-month,Credit card (automatic),Fiber optic,3,30,Daily,1
3279-XCPNF,60,21.55,1251.53,One year,Bank transfer (automatic),No,4,15,Daily,0
5088-NRONX,33,73.28,2341.81,Two year,Electronic check,DSL,3,13,Weekly,0
2442-FQIZG,69,100.98,6899.84,Two year,Credit card (automatic),Fiber optic,1,32,Weekly,0
1959-WQFTG,28,79.42,2289.09,One year,Electronic check,Fiber optic,3,2,Daily,1
8666-GIRKO,61,80.23,4714.69,Two year,Credit card (automatic),DSL,0,26,Weekly,0
4374-OFGHF,68,117.15,7692.86,Two year,Credit card (automatic),Fiber optic,2,28,Weekly,0
6257-XJKRU,9,108.41,934.27,Month-to-month,Credit card (automatic),Fiber optic,1,13,Daily,1
5715-ROZXF,4,79.36,303.59,Month-to-month,Bank transfer (automatic),Fiber optic,1,3,Daily,1
7615-EKVZS,17,75.51,1240.56,One year,Credit card (automatic),DSL,3,5,Weekly,0
7657-RGPEO,5,62.99,324.26,Two year,Credit card (automatic),DSL,1,24,Weekly,0
3663-FBZXR,29,40.31,1225.71,Month-to-month,Credit card (automatic),DSL,2,7,Weekly,0
8630-QGOTO,4,23.51,91.27,Two year,Mailed check,No,0,6,Daily,0
4340-HKVGY,65,83.94,5282.62,Two year,Electronic check,DSL,0,13,Rarely,0
8516-TXNFA,4,58.85,227.52,Month-to-month,Credit card (automatic),DSL,0,1,Daily,0
4643-NKCYZ,70,73.07,4881.56,Two year,Electronic check,Fiber optic,1,6,Weekly,0
1998-JRKMQ,43,20.23,899.53,Month-to-month,Bank transfer (automatic),No,1,13,Rarely,0
7839-KUERZ,9,64.69,582.8,Month-to-month,Bank transfer (automatic),DSL,2,8,Daily,1
1271-WBCQY,67,108.37,7137.5,One year,Mailed check,Fiber optic,3,1,Weekly,0
7950-VXDNS,43,47.53,1984.39,One year,Electronic check,DSL,0,15,Weekly,0
1388-QUFLL,56,49.09,2659.59,Two year,Electronic check,DSL,2,32,Weekly,0
2861-YFIAD,51,25.42,1245.87,Two year,Electronic check,No,1,2,Daily,0
6429-ZWGSP,10,112.76,1146.34,Month-to-month,Credit card (automatic),Fiber optic,2,22,Weekly,1
9472-XHZJS,0,114.41,,One year,Mailed check,Fiber optic,2,5,Daily,1
4675-KRIVQ,2,47.09,90.67,One year,Electronic check,DSL,1,9,Weekly,0
2085-HYSLD,3,115.24,335.74,Month-to-month,Electronic check,Fiber optic,3,7,Daily,1
3095-ZTRVP,50,54.64,2818.96,One year,Electronic check,DSL,1,7,Daily,0
9064-GGCBS,52,95.07,4960.71,Two year,Mailed check,Fiber optic,0,16,Weekly,0
7539-WEODK,11,92.14,980.88,Month-to-month,Electronic check,Fiber optic,4,21,Daily,1
1903-UVYIY,60,117.43,7152.65,Two year,Electronic check,Fiber optic,1,0,Daily,0
4463-UIICX,62,82.74,5305.32,Month-to-month,Credit card (automatic),Fiber optic,5,1,Daily,1
3380-FGKDU,11,83.06,898.01,One year,Bank transfer (automatic),DSL,0,18,Rarely,1
2600-SEEAY,7,116.52,836.98,Month-to-month,Electronic check,Fiber optic,2,14,Weekly,1
8617-LRDGO,50,25.38,1312.22,Two year,Bank transfer (automatic),No,0,45,Rarely,0
6558-FPYHP,68,21.18,1418.29,Two year,Electronic check,No,0,22,Daily,0
2615-XXACZ,11,56.25,645.0,Month-to-month,Electronic check,DSL,2,29,Weekly,1
6855-YINOR,43,48.39,2060.54,Month-to-month,Electronic check,DSL,1,16,Daily,0
4721-TJXBA,11,93.06,983.4,Month-to-month,Bank transfer (automatic),Fiber optic,2,45,Rarely,0
1553-YEZHJ,33,82.06,2777.65,Month-to-month,Electronic check,Fiber optic,4,29,Weekly,1
5048-AYJEM,38,23.2,852.85,One year,Bank transfer (automatic),No,0,23,Weekly,0
2666-EUBMK,7,112.08,761.51,Month-to-month,Mailed check,Fiber optic,3,67,Rarely,1
3207-ABNKD,70,116.06,8250.56,One year,Electronic check,Fiber optic,3,22,Daily,1
8910-DUSPV,44,59.13,2603.5,One year,Mailed check,DSL,3,11,Weekly,0
7391-BRTFN,72,21.74,1499.45,Two year,Mailed check,No,1,18,Weekly,0
2206-TPGRT,13,62.67,839.18,One year,Credit card (automatic),DSL,0,8,Weekly,0
8661-AONJB,33,25.34,796.11,Month-to-month,Bank transfer (automatic),No,2,10,Rarely,0
6168-CTVKY,2,19.09,37.0,Two year,Electronic check,No,2,7,Daily,1
8870-YRPZP,2,53.09,107.52,One year,Credit card (automatic),DSL,2,3,Daily,0
7722-YZFRT,55,79.56,4493.69,Two year,Mailed check,Fiber optic,1,28,Weekly,0
4053-VJWMK,38,74.66,2824.49,One year,Electronic check,DSL,2,16,Daily,0
5813-EIZSS,6,56.4,336.78,Month-to-month,Electronic check,DSL,2,1,Daily,1
5777-XGRJW,52,116.77,6339.12,Two year,Bank transfer (automatic),Fiber optic,2,18,Daily,0
7478-KWTUY,55,25.84,1393.15,Two year,Electronic check,No,0,17,Weekly,0
3235-UINMB,2,112.72,226.53,Two year,Credit card (automatic),Fiber optic,3,1,Daily,0
3997-PLKCN,6,62.41,379.88,Month-to-month,Electronic check,DSL,2,40,Rarely,1
3202-PCQED,42,115.15,5043.1,Month-to-month,Mailed check,Fiber optic,3,61,Rarely,1
3664-KKXBJ,10,88.28,906.15,One year,Mailed check,Fiber optic,4,8,Weekly,1
2451-TGZTY,48,57.07,2634.82,Two year,Credit card (automatic),DSL,0,12,Daily,0
1328-YCLTA,47,60.75,2931.02,One year,Electronic check,DSL,0,5,Daily,0
9459-LRUKW,6,71.07,431.61,Month-to-month,Bank transfer (automatic),DSL,2,23,Rarely,1
1668-RBHYA,27,73.08,2027.32,One year,Mailed check,Fiber optic,4,8,Daily,1
8991-CIZSD,11,95.99,1013.44,Month-to-month,Mailed check,Fiber optic,4,14,Daily,1
1027-KYFOM,25,116.84,3043.86,Month-to-month,Electronic check,Fiber optic,3,29,Weekly,1
7995-TTVDL,11,42.1,476.7,Month-to-month,Electronic check,DSL,2,7,Daily,1
3955-RKRQJ,69,19.15,1367.29,One year,Credit card (automatic),No,1,19,Daily,0
5658-CZVXH,70,115.77,8412.58,Two year,Bank transfer (automatic),Fiber optic,1,22,Daily,0
3539-IIAEI,68,77.24,5040.06,Month-to-month,Electronic check,DSL,2,5,Weekly,0
5414-ZFNOJ,7,18.5,133.36,Month-to-month,Mailed check,No,1,1,Weekly,0
5063-XCWTH,26,91.89,2436.95,Month-to-month,Electronic check,Fiber optic,7,13,Weekly,1
5767-TLZAA,69,85.01,5971.57,One year,Electronic check,Fiber optic,0,14,Daily,0
4539-OYBUY,1,46.71,46.16,Two year,Mailed check,DSL,0,9,Daily,0
5828-MWTFW,5,41.4,202.11,Month-to-month,Electronic check,DSL,2,13,Rarely,1
8428-SAORU,51,82.12,4233.74,Month-to-month,Mailed check,Fiber optic,3,1,Daily,0
4910-UMHEC,49,23.4,1122.04,Two year,Electronic check,No,0,11,Weekly,0
4252-QYCSP,67,84.74,5914.43,One year,Mailed check,Fiber optic,3,46,Rarely,0
2185-EFHRH,25,53.15,1343.15,One year,Mailed check,DSL,2,20,Weekly,0
4237-VJCCK,41,82.73,3344.06,Month-to-month,Electronic check,Fiber optic,0,1,Rarely,0
2130-KTMEF,17,74.71,1209.26,Two year,Bank transfer (automatic),Fiber optic,1,5,Daily,1
2642-OIRXJ,31,66.28,1984.87,Month-to-month,Mailed check,DSL,1,35,Rarely,0
9569-OVFNH,4,23.99,93.95,One year,Bank transfer (automatic),No,0,13,Weekly,0
1804-QTDEA,72,117.53,8176.19,Two year,Credit card (automatic),Fiber optic,2,2,Daily,0
5337-ABSXK,24,80.99,1952.58,Month-to-month,Electronic check,Fiber optic,2,14,Weekly,0
8507-WSUTF,33,46.49,1568.11,Two year,Mailed check,DSL,1,2,Weekly,0
9577-NNQUC,70,71.53,5199.38,One year,Bank transfer (automatic),DSL,1,3,Daily,0
2320-RVDKX,63,85.67,5475.39,Two year,Mailed check,Fiber optic,0,16,Daily,0
2472-AEUES,5,94.67,477.06,Month-to-month,Mailed check,Fiber optic,1,38,Weekly,1
4352-XMMLJ,20,104.36,2032.87,Month-to-month,Bank transfer (automatic),Fiber optic,3,1,Daily,1
5989-JOXZW,16,90.35,1499.63,Month-to-month,Electronic check,Fiber optic,3,48,Rarely,1
9637-DHTOI,10,88.01,863.9,One year,Mailed check,Fiber optic,3,25,Daily,1
2869-IDIKK,11,91.32,1024.92,Month-to-month,Electronic check,Fiber optic,1,54,Weekly,1
2479-OHFXK,28,60.02,1722.16,Two year,Electronic check,DSL,2,10,Weekly,0
3278-GQOOF,66,70.04,4412.2,One year,Credit card (automatic),Fiber optic,3,3,Daily,0
8868-SEVLK,54,79.15,4338.54,One year,Credit card (automatic),Fiber optic,3,2,Weekly,0
1270-KKRMD,3,99.55,311.53,Month-to-month,Credit card (automatic),Fiber optic,2,23,Weekly,1
4420-OGCVI,41,39.8,1663.4,One year,Bank transfer (automatic),DSL,0,11,Daily,0
2070-PEIKD,8,20.57,164.18,Two year,Electronic check,No,0,1,Daily,0
2413-ZIPOL,72,59.26,4225.13,One year,Mailed check,DSL,1,6,Daily,0
9250-POCRC,69,21.81,1452.2,Two year,Credit card (automatic),No,0,40,Rarely,0
1014-LJLBS,68,18.86,1247.2,One year,Credit card (automatic),No,0,9,Daily,0
3893-KBAOR,36,112.45,4205.69,Month-to-month,Credit card (automatic),Fiber optic,5,90,Daily,0
9237-OSTWZ,10,43.16,426.86,Month-to-month,Bank transfer (automatic),DSL,2,4,Daily,0
6472-XULNQ,41,112.47,4455.58,One year,Mailed check,Fiber optic,2,17,Weekly,0
1645-ERPNV,4,84.58,334.88,Month-to-month,Mailed check,DSL,3,76,Weekly,1
5184-RYZVH,4,19.84,78.87,Month-to-month,Bank transfer (automatic),No,2,18,Weekly,1
9737-EHSWW,10,42.25,415.71,Two year,Mailed check,DSL,1,54,Rarely,0
4603-RRYRD,6,75.87,433.23,Month-to-month,Mailed check,Fiber optic,1,90,Rarely,1
5757-NJQQH,12,111.35,1318.47,One year,Bank transfer (automatic),Fiber optic,1,36,Weekly,1
5786-HCHVR,65,83.73,5658.4,Month-to-month,Credit card (automatic),DSL,1,27,Weekly,0
6943-YYWEI,60,98.69,5788.06,Two year,Electronic check,Fiber optic,0,23,Weekly,0
2684-BCGHA,55,115.94,6288.91,One year,Electronic check,Fiber optic,3,14,Weekly,0
8556-VNRQZ,3,74.41,228.04,Month-to-month,Electronic check,DSL,3,9,Rarely,1
9896-DIION,54,65.16,3397.53,Two year,Bank transfer (automatic),DSL,0,11,Weekly,0
2282-UOGOZ,18,114.34,2128.35,One year,Credit card (automatic),Fiber optic,0,1,Daily,0
8363-PPEAF,3,92.71,279.39,Month-to-month,Bank transfer (automatic),Fiber optic,6,0,Daily,0
8351-ALWLQ,23,89.96,2076.02,One year,Mailed check,Fiber optic,1,8,Weekly,1
7673-WTQUH,6,72.12,416.61,Month-to-month,Bank transfer (automatic),DSL,1,11,Weekly,0
4337-KKUKY,61,106.31,6204.47,Month-to-month,Electronic check,Fiber optic,1,9,Weekly,1
5218-EESTR,59,55.31,3376.9,Two year,Mailed check,DSL,1,25,Daily,0
8552-IAIMK,5,60.88,295.91,One year,Bank transfer (automatic),DSL,0,31,Rarely,0
2375-XWUAD,44,80.47,3517.97,Month-to-month,Credit card (automatic),Fiber optic,4,7,Daily,1
8457-LQRHC,7,75.81,531.07,Month-to-month,Bank transfer (automatic),Fiber optic,7,77,Daily,1
9285-IUZYP,12,87.06,994.97,One year,Credit card (automatic),Fiber optic,2,12,Daily,0
7136-CZDGZ,20,61.67,1258.53,One year,Mailed check,DSL,1,6,Daily,0
4072-NFNCI,50,77.63,3898.05,One year,Electronic check,Fiber optic,2,11,Weekly,0
6031-YHXOR,69,46.5,3339.72,One year,Mailed check,DSL,1,11,Weekly,0
1450-SOAXM,12,44.7,516.6,Month-to-month,Credit card (automatic),DSL,0,87,Rarely,1
9385-RORJV,45,25.07,1090.72,Month-to-month,Credit card (automatic),No,1,11,Daily,0
4081-FQPNA,5,23.71,115.69,Month-to-month,Credit card (automatic),No,1,3,Daily,1
1513-KBNRN,7,19.59,134.45,Month-to-month,Bank transfer (automatic),No,0,2,Daily,0
8149-TJHLF,10,102.07,1065.89,Month-to-month,Credit card (automatic),Fiber optic,3,23,Weekly,1
6917-UVKUA,4,61.35,247.06,Month-to-month,Mailed check,DSL,2,4,Daily,0
6603-EHKGN,9,22.74,199.96,Month-to-month,Mailed check,No,1,15,Rarely,0
1486-ULLBH,10,110.19,1070.49,Month-to-month,Bank transfer (automatic),Fiber optic,2,32,Weekly,1
7756-UVCAV,67,22.07,1481.96,Two year,Mailed check,No,0,2,Daily,0
6735-EOVUO,3,83.97,244.38,Month-to-month,Bank transfer (automatic),Fiber optic,3,2,Daily,1
8141-JUSVN,1,107.84,103.31,Month-to-month,Mailed check,Fiber optic,1,18,Weekly,1
8445-YUBHU,55,46.33,2579.73,One year,Credit card (automatic),DSL,0,16,Rarely,0
2907-DSIFO,59,81.54,4891.84,Two year,Credit card (automatic),DSL,0,11,Weekly,0
2895-YXKAX,8,115.66,885.88,Month-to-month,Credit card (automatic),Fiber optic,3,21,Weekly,0
9313-XPQNA,3,21.09,63.3,Month-to-month,Electronic check,No,1,5,Daily,0
5778-EDXBO,11,107.45,1190.43,Month-to-month,Electronic check,Fiber optic,2,45,Rarely,0
4941-JAXAW,49,81.41,4043.06,One year,Credit card (automatic),DSL,2,2,Daily,0
3584-UUEWP,10,114.58,1089.45,Month-to-month,Credit card (automatic),Fiber optic,2,73,Rarely,1
6750-KRIHH,8,44.26,364.49,Month-to-month,Electronic check,DSL,3,11,Daily,1
7784-OPGGY,69,19.76,1367.33,One year,Bank transfer (automatic),No,2,0,Weekly,0
1020-NWIHH,53,61.56,3234.15,Month-to-month,Electronic check,DSL,0,52,Rarely,0
5973-NUNHY,0,64.4,,One year,Credit card (automatic),DSL,2,10,Weekly,0
9939-OKAOQ,7,86.69,603.98,Month-to-month,Mailed check,Fiber optic,3,23,Weekly,1
3525-YFEZO,18,73.72,1373.54,Two year,Mailed check,Fiber optic,3,3,Daily,0
3527-ACMQG,1,90.83,92.54,Month-to-month,Electronic check,Fiber optic,3,17,Weekly,1
8902-JTZMK,6,83.63,491.04,One year,Electronic check,Fiber optic,2,3,Rarely,1
1558-JDBVA,51,21.86,1060.51,Two year,Credit card (automatic),No,3,6,Daily,0
4577-VGSYT,54,83.26,4440.58,Two year,Bank transfer (automatic),Fiber optic,2,3,Daily,1
5123-SGPQL,63,59.05,3604.69,Month-to-month,Electronic check,DSL,0,32,Weekly,0
8180-AXFZY,68,66.05,4539.41,Two year,Electronic check,DSL,1,9,Daily,0
2161-ATQFV,45,87.48,3992.04,One year,Bank transfer (automatic),Fiber optic,0,11,Rarely,0
4906-CGYTC,1,80.22,78.8,Month-to-month,Credit card (automatic),Fiber optic,3,1,Daily,1
2370-DGBEO,62,89.23,5733.09,Month-to-month,Mailed check,Fiber optic,2,2,Daily,0
8087-AHIZZ,5,50.98,267.19,Month-to-month,Bank transfer (automatic),DSL,1,18,Weekly,1
6689-VINNW,2,41.95,83.65,Month-to-month,Credit card (automatic),DSL,2,14,Rarely,1
5470-TXOXT,0,68.16,,Month-to-month,Mailed check,DSL,0,90,Weekly,1
4535-TRIPJ,58,100.74,5596.58,Two year,Credit card (automatic),Fiber optic,3,13,Weekly,0
2378-QGUOS,23,85.42,2039.0,Two year,Mailed check,Fiber optic,2,5,Daily,0
9295-FUUDJ,33,83.13,2645.43,One year,Electronic check,DSL,2,0,Weekly,0
6828-RWTMH,26,108.27,2851.19,One year,Credit card (automatic),Fiber optic,0,1,Daily,0
3872-XWXHL,52,25.27,1333.13,Two year,Credit card (automatic),No,1,15,Daily,0
4725-GYWEG,4,60.59,238.61,Month-to-month,Electronic check,DSL,3,5,Daily,1
7534-OKLJR,35,63.09,2119.66,Month-to-month,Bank transfer (automatic),DSL,0,15,Weekly,0
7475-XXLVS,60,103.53,6307.72,One year,Bank transfer (automatic),Fiber optic,1,5,Weekly,0
5149-FUJQS,20,66.05,1300.12,Month-to-month,Credit card (automatic),DSL,3,90,Weekly,1
3725-YYUNK,37,69.74,2490.82,One year,Bank transfer (automatic),DSL,0,3,Rarely,0
6938-LYFNR,0,21.74,,Month-to-month,Credit card (automatic),No,1,4,Weekly,0
6923-AQGHQ,55,76.44,4198.56,Two year,Bank transfer (automatic),Fiber optic,1,8,Weekly,0
6396-AELPC,34,109.38,3793.46,Two year,Mailed check,Fiber optic,1,40,Weekly,0
1655-JHNHA,60,21.41,1258.98,Two year,Electronic check,No,2,5,Daily,0
5254-NWPJM,66,66.99,4265.77,One year,Credit card (automatic),DSL,1,22,Rarely,0
6524-DGLPM,72,21.27,1460.15,Two year,Credit card (automatic),No,0,7,Daily,0
9549-ZQANP,2,22.12,43.55,Month-to-month,Electronic check,No,0,90,Weekly,1
5729-BKWJL,26,100.99,2507.63,Two year,Bank transfer (automatic),Fiber optic,1,1,Daily,0
4084-FCIUZ,5,22.84,119.8,Month-to-month,Electronic check,No,3,0,Daily,0
6001-RVQRL,11,19.56,209.42,Month-to-month,Bank transfer (automatic),No,3,15,Weekly,1
2594-BKWNT,0,49.83,,One year,Electronic check,DSL,1,4,Daily,0
1816-BFHJZ,20,47.0,970.2,Month-to-month,Credit card (automatic),DSL,2,3,Daily,0
7102-MRQKZ,23,97.93,2319.77,Month-to-month,Bank transfer (automatic),Fiber optic,0,10,Weekly,0
9874-FATQG,18,89.14,1684.22,Month-to-month,Bank transfer (automatic),Fiber optic,2,29,Daily,1
8613-WEGEE,8,81.95,638.81,Month-to-month,Electronic check,Fiber optic,3,10,Weekly,1
6252-SSQWB,2,41.03,78.35,Month-to-month,Electronic check,DSL,1,5,Daily,0
1362-QCYQT,3,74.31,227.91,Month-to-month,Mailed check,DSL,2,90,Weekly,1
9890-OJRVE,49,41.49,2095.62,Month-to-month,Electronic check,DSL,2,42,Rarely,0
5046-WSCYE,0,88.47,,Month-to-month,Electronic check,Fiber optic,2,3,Daily,1
3606-PDFQR,55,59.97,3442.12,Two year,Credit card (automatic),DSL,2,1,Weekly,0
9031-RIVBW,8,59.84,491.73,Month-to-month,Mailed check,DSL,0,90,Rarely,1
7716-HQXGK,37,19.54,716.46,One year,Mailed check,No,0,4,Weekly,0
7745-VWGNI,57,104.41,6082.17,Two year,Credit card (automatic),Fiber optic,2,0,Rarely,1
3499-NJAYQ,29,20.2,556.57,One year,Bank transfer (automatic),No,0,23,Weekly,0
9925-MCBMQ,21,67.94,1403.85,Month-to-month,Mailed check,DSL,0,48,Rarely,1
5075-GTKAN,54,88.33,4612.41,Two year,Bank transfer (automatic),Fiber optic,2,8,Weekly,0
5782-EADHN,11,95.28,1027.67,Month-to-month,Electronic check,Fiber optic,3,60,Rarely,1
7757-ZFBEI,3,21.89,63.76,Month-to-month,Electronic check,No,3,29,Weekly,1
6939-FIZJQ,59,116.33,7011.05,Two year,Electronic check,Fiber optic,2,1,Daily,0
2550-RDGKL,52,21.1,1133.3,One year,Electronic check,No,3,36,Weekly,1
3722-AQHIP,19,46.04,846.79,Month-to-month,Credit card (automatic),DSL,0,62,Rarely,1
4250-YWZKD,8,55.6,441.12,One year,Credit card (automatic),DSL,3,4,Weekly,1
9526-FIHFD,7,22.24,157.22,Month-to-month,Electronic check,No,3,3,Daily,0
7429-ERMAO,50,73.21,3530.35,One year,Credit card (automatic),Fiber optic,0,18,Rarely,1
4296-VLIHJ,50,81.25,4005.93,Two year,Credit card (automatic),DSL,3,19,Weekly,0
7611-HYZIY,4,48.14,186.7,One year,Electronic check,DSL,2,5,Daily,0
7645-WBMRK,6,115.13,695.07,One year,Mailed check,Fiber optic,1,4,Daily,1
4547-LMRHP,57,57.59,3414.61,One year,Mailed check,DSL,0,4,Daily,0
4627-GXCBA,39,96.94,3766.61,Two year,Electronic check,Fiber optic,0,5,Daily,0
9047-JPZLE,57,70.42,4082.6,Two year,Mailed check,DSL,0,16,Weekly,0
6055-JDMSA,37,41.99,1587.86,One year,Electronic check,DSL,3,24,Rarely,1
2345-UFRVU,6,90.08,567.0,Month-to-month,Bank transfer (automatic),Fiber optic,1,29,Weekly,1
7477-RSEDJ,4,51.95,210.46,Month-to-month,Electronic check,DSL,2,53,Rarely,1
6305-PQUIW,25,78.17,1892.7,Month-to-month,Mailed check,Fiber optic,1,4,Daily,1
5579-LGTDK,10,69.77,663.54,One year,Mailed check,DSL,2,0,Daily,1
7525-UUGEA,1,78.03,75.21,Month-to-month,Mailed check,Fiber optic,4,66,Rarely,1
9162-CVUNO,1,98.27,94.58,Month-to-month,Electronic check,Fiber optic,2,84,Daily,1
3973-IEARA,2,88.94,178.29,Month-to-month,Electronic check,Fiber optic,4,38,Rarely,1
4773-CUPMF,68,117.35,7931.33,One year,Bank transfer (automatic),Fiber optic,2,9,Weekly,0
2705-DMJNE,7,113.97,806.93,Month-to-month,Electronic check,Fiber optic,5,3,Daily,1
6822-GCLHF,28,39.35,1055.27,Two year,Electronic check,DSL,5,1,Weekly,0
4624-OMFSI,45,76.3,3543.49,One year,Mailed check,DSL,1,12,Weekly,0
4080-IMDKP,8,78.18,600.98,Month-to-month,Credit card (automatic),Fiber optic,1,50,Weekly,1
7268-DOBPA,42,60.64,2593.61,One year,Bank transfer (automatic),DSL,0,3,Daily,0
4673-EJPSM,51,109.38,5685.98,One year,Bank transfer (automatic),Fiber optic,1,0,Daily,0
5178-DKUCS,30,83.94,2535.31,One year,Credit card (automatic),Fiber optic,1,1,Daily,0
4960-KASAJ,17,72.76,1196.7,One year,Bank transfer (automatic),DSL,0,6,Daily,0
3326-FPBCN,50,50.08,2532.28,Month-to-month,Mailed check,DSL,2,11,Daily,0
2132-ZBLUH,67,79.16,5529.03,One year,Credit card (automatic),DSL,1,41,Rarely,0
8444-MVSHT,56,59.2,3416.37,Two year,Electronic check,DSL,1,13,Daily,0
1825-RNLYW,30,79.67,2301.65,One year,Electronic check,Fiber optic,0,90,Weekly,1
3923-ZRJCD,29,41.46,1182.03,Month-to-month,Electronic check,DSL,3,3,Daily,1
7006-YJCFA,28,99.42,2864.45,One year,Mailed check,Fiber optic,0,2,Daily,0
2181-NPJTM,12,70.41,819.3,Month-to-month,Bank transfer (automatic),DSL,0,12,Daily,0
6899-YTBHT,24,23.6,578.57,Month-to-month,Electronic check,No,2,19,Daily,1
7596-NTIAU,62,94.13,6080.21,Month-to-month,Mailed check,Fiber optic,3,9,Weekly,1
6965-UQKAS,10,21.52,210.56,Month-to-month,Bank transfer (automatic),No,2,10,Rarely,1
3744-RRETS,71,100.02,6813.24,Two year,Credit card (automatic),Fiber optic,4,8,Rarely,0
1177-WOTKS,53,40.53,2139.54,Month-to-month,Mailed check,DSL,1,14,Weekly,0
8985-SUWAU,0,81.61,,Two year,Mailed check,Fiber optic,1,7,Daily,0
3938-UONSL,1,82.39,82.46,Month-to-month,Bank transfer (automatic),Fiber optic,1,20,Daily,1
8244-KUUFV,48,107.75,5069.98,One year,Electronic check,Fiber optic,4,15,Weekly,1
2780-IDWGF,10,21.81,218.18,Two year,Mailed check,No,3,73,Rarely,0
2461-HMEEK,50,41.11,1985.17,One year,Electronic check,DSL,1,17,Weekly,0
8002-FFXPA,11,80.17,853.01,Month-to-month,Electronic check,DSL,0,24,Weekly,1
9456-CVHDR,2,88.69,175.34,Month-to-month,Mailed check,Fiber optic,0,26,Weekly,1
8744-VKTKC,1,42.54,40.79,Month-to-month,Credit card (automatic),DSL,1,77,Rarely,1
7760-UXZCO,3,21.64,68.06,Month-to-month,Mailed check,No,1,20,Daily,1
3219-QCYCG,59,116.05,6725.5,Month-to-month,Mailed check,Fiber optic,3,7,Daily,0
9217-ZORMT,6,24.51,142.65,One year,Mailed check,No,0,0,Daily,0
7009-CRBEN,0,66.3,,Month-to-month,Mailed check,DSL,2,51,Weekly,1
2549-LDUHW,65,73.92,4766.86,Two year,Bank transfer (automatic),DSL,2,11,Weekly,0
2164-AGHPK,67,95.05,6659.95,Two year,Credit card (automatic),Fiber optic,2,10,Weekly,0
8839-EOYDG,27,75.98,1959.75,Two year,Mailed check,DSL,3,8,Weekly,0
3476-MSDGG,57,24.8,1410.65,Month-to-month,Credit card (automatic),No,1,11,Weekly,0
7892-QCRLI,9,86.36,756.61,Month-to-month,Electronic check,Fiber optic,7,28,Weekly,1
2247-WVUXG,55,91.6,5140.36,One year,Electronic check,Fiber optic,2,6,Weekly,0
3524-WEIOT,60,49.42,2978.71,Month-to-month,Electronic check,DSL,3,27,Daily,0
3551-POJPM,72,103.22,7237.2,One year,Bank transfer (automatic),Fiber optic,1,4,Daily,0
3529-MPPID,42,76.65,3227.37,Month-to-month,Bank transfer (automatic),Fiber optic,5,61,Weekly,1
7071-HKEEY,68,92.89,6492.49,One year,Bank transfer (automatic),Fiber optic,3,16,Weekly,1
9228-HTDZF,42,83.46,3671.74,One year,Credit card (automatic),DSL,2,15,Daily,0
9192-KUFOU,61,92.6,5494.25,Two year,Electronic check,Fiber optic,0,22,Daily,0
7673-AAUGX,55,19.01,998.95,Two year,Bank transfer (automatic),No,1,9,Daily,0
2822-YWZVJ,9,39.84,360.92,Month-to-month,Mailed check,DSL,1,32,Weekly,0
9644-ZIPAZ,49,82.71,3975.13,Two year,Electronic check,DSL,1,27,Weekly,0
5878-PYJIN,53,104.3,5663.27,Two year,Mailed check,Fiber optic,3,3,Daily,0
5913-WOUFU,55,104.42,5897.13,Two year,Bank transfer (automatic),Fiber optic,1,11,Rarely,0
7311-TXBJC,8,56.02,434.23,Month-to-month,Credit card (automatic),DSL,2,67,Weekly,1
7921-KTQTT,58,62.05,3579.91,One year,Bank transfer (automatic),DSL,1,52,Rarely,0
9575-ZWPWB,8,97.08,739.65,Month-to-month,Bank transfer (automatic),Fiber optic,2,12,Weekly,1
6240-SNYNE,52,107.2,5700.13,One year,Credit card (automatic),Fiber optic,1,1,Daily,0
6489-SYABR,0,94.71,,One year,Bank transfer (automatic),Fiber optic,3,4,Daily,0
7709-OOCOO,41,53.11,2281.83,One year,Electronic check,DSL,1,10,Weekly,0
3295-WKJCO,1,95.83,94.28,One year,Bank transfer (automatic),Fiber optic,2,31,Rarely,1
3769-QHTYE,48,70.34,3429.3,Month-to-month,Electronic check,DSL,2,19,Daily,1
6628-OSAEK,2,72.81,146.68,One year,Electronic check,Fiber optic,3,31,Weekly,1
1577-DJDXP,53,92.97,4954.45,Month-to-month,Credit card (automatic),Fiber optic,0,5,Weekly,0
3884-IUAPR,51,86.71,4388.73,One year,Electronic check,Fiber optic,2,21,Rarely,0
7461-VFPTU,11,80.22,871.21,One year,Credit card (automatic),DSL,1,4,Daily,0
9784-EZHKE,51,56.87,2822.07,One year,Bank transfer (automatic),DSL,1,17,Weekly,0
5674-DGDTP,63,100.5,6452.59,Two year,Bank transfer (automatic),Fiber optic,2,1,Daily,0
4596-KOPEH,25,21.92,559.16,Month-to-month,Bank transfer (automatic),No,1,1,Weekly,1
4962-WAYZG,12,24.6,300.13,One year,Bank transfer (automatic),No,1,32,Weekly,0
7168-IFOFU,6,25.47,160.12,Month-to-month,Credit card (automatic),No,0,49,Weekly,1
5899-KZWKP,10,74.05,727.6,Month-to-month,Bank transfer (automatic),Fiber optic,1,17,Daily,1
1209-ABNMK,35,18.65,630.63,One year,Electronic check,No,1,21,Weekly,0
5852-CVKMK,26,104.17,2589.02,One year,Credit card (automatic),Fiber optic,4,29,Daily,1
4600-MQTOE,42,23.24,940.26,One year,Mailed check,No,0,8,Weekly,0
7306-WHABU,67,96.89,6339.08,Two year,Electronic check,Fiber optic,2,40,Rarely,0
8875-KAVHZ,0,90.89,,Month-to-month,Credit card (automatic),Fiber optic,4,90,Rarely,1
9661-WBRPE,64,73.49,4912.08,Month-to-month,Mailed check,DSL,3,4,Daily,0
6491-IMDSH,59,104.13,6036.26,Two year,Electronic check,Fiber optic,5,8,Daily,0
4262-YUQDA,58,90.21,5457.55,One year,Bank transfer (automatic),Fiber optic,1,21,Weekly,0
4995-DMUDS,29,85.76,2456.23,Month-to-month,Credit card (automatic),Fiber optic,4,50,Weekly,1
2587-BGPVU,11,116.65,1288.29,Month-to-month,Credit card (automatic),Fiber optic,1,11,Weekly,1
9422-NAHUC,62,21.54,1348.13,Two year,Electronic check,No,0,8,Daily,0
8624-SSTFG,59,20.07,1172.14,Two year,Bank transfer (automatic),No,1,11,Rarely,0
8685-FKNDO,65,116.57,7469.12,Two year,Electronic check,Fiber optic,2,2,Weekly,0
3952-GOHYI,5,104.25,529.75,Month-to-month,Mailed check,Fiber optic,2,4,Daily,1
3899-WECEK,24,97.08,2423.36,Two year,Electronic check,Fiber optic,0,27,Weekly,1
8708-XEUSI,20,107.23,2197.75,One year,Electronic check,Fiber optic,3,28,Weekly,1
5900-IYSGX,22,20.16,440.89,Month-to-month,Credit card (automatic),No,1,84,Rarely,0
7341-KCVWL,70,64.67,4656.07,Two year,Mailed check,DSL,1,33,Rarely,0
5407-SGWJG,0,20.55,,Month-to-month,Bank transfer (automatic),No,3,8,Weekly,1
4984-NGQTK,1,78.7,78.79,Two year,Mailed check,DSL,0,10,Weekly,0
6689-ULZGS,4,19.53,81.13,Month-to-month,Electronic check,No,3,14,Weekly,1
8316-NYFFW,3,80.55,241.76,Month-to-month,Bank transfer (automatic),Fiber optic,4,3,Weekly,0
4006-XTMKR,6,81.82,487.94,Month-to-month,Mailed check,Fiber optic,4,4,Daily,1
8281-THABI,3,59.13,180.35,Month-to-month,Electronic check,DSL,0,3,Daily,1
3197-RLQMG,8,45.12,358.56,Month-to-month,Electronic check,DSL,1,31,Weekly,1
4625-TSZVJ,33,64.04,2068.28,Month-to-month,Mailed check,DSL,3,2,Daily,0
9213-SJWPV,58,105.54,6130.53,Two year,Credit card (automatic),Fiber optic,0,27,Weekly,0
9589-HADNZ,4,70.39,293.89,Month-to-month,Mailed check,Fiber optic,0,10,Weekly,0
9313-QVMYY,3,79.81,239.47,Month-to-month,Bank transfer (automatic),DSL,3,38,Weekly,1
3844-FWAPL,54,111.33,6306.3,One year,Electronic check,Fiber optic,0,27,Weekly,0
8589-HYRDD,40,41.34,1706.54,Two year,Bank transfer (automatic),DSL,0,40,Rarely,0
9423-DHBGT,0,73.32,,One year,Credit card (automatic),Fiber optic,1,0,Weekly,1
9802-WUMSY,23,65.4,1479.76,Two year,Mailed check,DSL,2,1,Daily,0
1188-BXSKL,55,85.21,4754.78,One year,Mailed check,Fiber optic,4,10,Weekly,0
7704-LEFHA,10,93.79,980.55,Month-to-month,Electronic check,Fiber optic,2,8,Weekly,1
9969-NMIEZ,67,65.1,4324.2,Two year,Credit card (automatic),DSL,1,5,Rarely,0
7881-RMSJF,12,68.34,796.59,Month-to-month,Mailed check,DSL,0,19,Weekly,0
3098-RUQOA,4,105.48,406.35,Month-to-month,Electronic check,Fiber optic,3,25,Daily,0
7862-QQKGZ,0,24.93,,One year,Bank transfer (automatic),No,0,11,Daily,0
1947-JHSMO,58,66.91,3859.1,Month-to-month,Bank transfer (automatic),DSL,2,25,Weekly,0
5324-QJDEY,15,75.09,1127.95,Month-to-month,Electronic check,Fiber optic,1,40,Rarely,1
6635-NKISX,40,76.61,3060.15,Month-to-month,Mailed check,Fiber optic,2,22,Weekly,0
5107-TNMWW,50,67.23,3386.44,Month-to-month,Mailed check,DSL,1,19,Weekly,0
7297-KZVWB,44,71.6,3091.78,Two year,Mailed check,DSL,1,55,Rarely,1
3161-DHTCC,11,106.57,1169.41,Month-to-month,Credit card (automatic),Fiber optic,2,90,Weekly,1
6455-AEXSS,70,62.86,4368.25,One year,Bank transfer (automatic),DSL,0,1,Daily,0
6802-HQUNW,8,99.12,795.09,Month-to-month,Credit card (automatic),Fiber optic,0,21,Weekly,1
6703-OIQYV,37,25.81,950.17,One year,Mailed check,No,1,2,Weekly,0
3603-MPZTN,70,21.11,1499.88,Two year,Credit card (automatic),No,3,5,Weekly,0
3748-HXZBA,25,80.39,2052.05,One year,Electronic check,Fiber optic,1,18,Weekly,0
3320-CKEWX,9,83.57,744.64,Month-to-month,Electronic check,DSL,2,11,Daily,0
5155-EVDUJ,30,114.56,3516.46,One year,Mailed check,Fiber optic,2,16,Weekly,1
6273-BLVYD,3,39.33,122.86,Month-to-month,Mailed check,DSL,1,13,Weekly,0
4262-VHMCZ,10,89.49,918.93,Month-to-month,Electronic check,Fiber optic,3,2,Daily,1
4689-UQSWD,23,72.8,1720.45,Two year,Bank transfer (automatic),DSL,0,4,Daily,0
3577-GAMMA,2,47.16,96.52,One year,Electronic check,DSL,0,8,Weekly,0
2969-RAUSV,11,40.47,440.43,Month-to-month,Electronic check,DSL,4,36,Rarely,1
6916-DWOWS,17,40.68,723.02,Two year,Electronic check,DSL,2,12,Daily,0
8343-RARLW,30,97.39,2831.72,Two year,Credit card (automatic),Fiber optic,2,2,Daily,0
3616-RBXBH,13,20.23,257.55,Two year,Electronic check,No,0,30,Weekly,0
8744-FZDVF,65,82.51,5206.3,Two year,Mailed check,Fiber optic,0,1,Daily,0
6138-QCKQS,4,39.7,158.55,Two year,Bank transfer (automatic),DSL,1,6,Weekly,0
2509-WVNHG,12,105.21,1293.8,Month-to-month,Electronic check,Fiber optic,1,54,Rarely,1
4293-ZPXLM,72,110.92,7793.28,One year,Electronic check,Fiber optic,1,18,Weekly,0
1067-VSFNF,0,24.0,,Two year,Electronic check,No,1,3,Rarely,0
1352-TAVYA,54,76.61,4203.48,Two year,Credit card (automatic),Fiber optic,2,7,Daily,0
4024-QCJIN,39,83.03,3379.37,One year,Electronic check,DSL,0,16,Weekly,0
5089-XMKCX,13,116.66,1532.64,Month-to-month,Bank transfer (automatic),Fiber optic,4,21,Daily,1
8176-IMCHO,3,50.92,154.09,Month-to-month,Electronic check,DSL,1,36,Rarely,1
2208-XIOWJ,7,117.68,862.04,Two year,Credit card (automatic),Fiber optic,0,7,Daily,0
8551-HBXCF,60,21.83,1368.17,One year,Bank transfer (automatic),No,1,9,Daily,0
3110-DSJSP,8,18.81,153.4,Month-to-month,Credit card (automatic),No,0,9,Daily,0
2244-AHABM,52,65.47,3273.23,One year,Credit card (automatic),DSL,2,25,Weekly,0
7298-GCKLZ,72,95.55,6616.89,Two year,Credit card (automatic),Fiber optic,2,4,Daily,0
7968-RKMCK,55,78.48,4115.14,One year,Electronic check,DSL,0,8,Rarely,0
6443-PAXNU,8,55.36,427.27,One year,Bank transfer (automatic),DSL,2,5,Weekly,0
2041-HVJYN,69,24.25,1681.16,One year,Bank transfer (automatic),No,1,18,Rarely,0
2037-QFZFA,61,24.4,1480.29,Two year,Electronic check,No,1,3,Daily,0
4510-LVXWO,6,40.61,248.38,Month-to-month,Electronic check,DSL,1,10,Weekly,1
5054-XMMEU,62,102.65,6613.88,Two year,Mailed check,Fiber optic,2,8,Daily,0
9986-IFJPH,1,61.06,60.31,Month-to-month,Credit card (automatic),DSL,0,40,Rarely,1
3577-JIPSR,72,79.82,5959.28,Month-to-month,Credit card (automatic),Fiber optic,2,59,Weekly,0
2733-DJQFB,4,21.63,89.95,Month-to-month,Credit card (automatic),No,1,47,Rarely,1
9512-IRRDR,12,24.93,304.49,Month-to-month,Electronic check,No,1,70,Rarely,1
2385-FTODJ,55,103.45,5880.61,Two year,Bank transfer (automatic),Fiber optic,4,10,Weekly,0
1237-VLRTA,10,100.42,1046.97,Month-to-month,Electronic check,Fiber optic,3,6,Daily,1
4804-YIUMP,8,73.95,589.04,Month-to-month,Credit card (automatic),Fiber optic,1,9,Weekly,0
4609-JWDXF,12,23.5,282.09,One year,Mailed check,No,0,39,Rarely,0
6576-WAACO,48,73.89,3552.47,One year,Bank transfer (automatic),DSL,2,12,Weekly,0
8898-GPVAN,4,82.7,329.48,Month-to-month,Credit card (automatic),DSL,3,23,Daily,1
9395-TLYRA,33,108.71,3748.18,One year,Mailed check,Fiber optic,1,4,Daily,0
3606-OJDYF,38,73.88,2692.75,Month-to-month,Electronic check,Fiber optic,3,19,Weekly,1
9826-CFVPV,33,82.4,2682.01,Month-to-month,Electronic check,DSL,1,20,Daily,0
6693-MDKFO,3,108.41,338.45,Month-to-month,Electronic check,Fiber optic,0,53,Rarely,1
1626-HZJIZ,8,39.15,321.79,Two year,Bank transfer (automatic),DSL,0,12,Rarely,0
9445-NEMGS,53,23.85,1237.29,One year,Credit card (automatic),No,1,53,Rarely,0
2241-OSYSI,72,52.98,3876.95,One year,Credit card (automatic),DSL,2,32,Rarely,0
6296-FNLIV,53,23.04,1160.3,One year,Credit card (automatic),No,1,5,Daily,0
8115-XJRZA,58,20.62,1199.87,One year,Electronic check,No,0,1,Weekly,0
3244-JTMUM,72,105.41,7907.09,Two year,Electronic check,Fiber optic,2,23,Weekly,0
3435-BLKVD,48,47.59,2311.34,One year,Electronic check,DSL,0,21,Weekly,0
5285-EDOZQ,20,24.76,515.46,Two year,Bank transfer (automatic),No,1,42,Rarely,0
8962-VWPPG,69,73.54,4858.88,Month-to-month,Bank transfer (automatic),Fiber optic,4,1,Daily,0
3012-YUWZJ,8,71.17,571.28,One year,Credit card (automatic),Fiber optic,2,25,Weekly,1
6970-DWMYS,11,45.07,504.9,Two year,Electronic check,DSL,0,21,Rarely,0
5072-GJPKH,26,88.65,2197.32,Two year,Bank transfer (automatic),Fiber optic,2,5,Daily,0
2006-FQACB,19,101.85,2006.05,Month-to-month,Electronic check,Fiber optic,4,9,Weekly,1
7397-TAKDP,32,93.31,2913.21,One year,Electronic check,Fiber optic,1,10,Weekly,1
8491-AAKSC,32,22.07,732.0,Two year,Credit card (automatic),No,1,22,Rarely,0
6180-MVQTI,23,111.98,2518.8,One year,Credit card (automatic),Fiber optic,0,6,Daily,0
2587-YDPLA,53,64.73,3595.88,Month-to-month,Bank transfer (automatic),DSL,1,24,Daily,0
2401-YSFBR,3,94.62,294.86,One year,Electronic check,Fiber optic,1,0,Daily,1
4811-OBZSM,9,58.29,543.3,One year,Electronic check,DSL,0,8,Rarely,0
5557-GHLBJ,55,84.01,4707.16,Two year,Credit card (automatic),DSL,2,3,Daily,0
5969-FCDIJ,45,81.78,3643.84,Month-to-month,Bank transfer (automatic),Fiber optic,1,1,Daily,0
3192-JRNFZ,53,46.16,2436.22,Two year,Credit card (automatic),DSL,1,8,Weekly,0
5506-SMBXT,11,61.65,684.06,Month-to-month,Mailed check,DSL,1,62,Rarely,1
3655-MECHF,11,70.18,754.02,Month-to-month,Mailed check,DSL,0,11,Daily,1
7174-FKBIW,64,40.0,2497.62,Two year,Mailed check,DSL,1,2,Daily,0
8167-WARZP,4,24.93,99.57,Month-to-month,Credit card (automatic),No,2,6,Daily,0
6873-KMFKY,60,83.73,5038.31,One year,Credit card (automatic),Fiber optic,2,6,Daily,0
1011-PLDXE,5,23.34,120.17,One year,Mailed check,No,1,12,Weekly,0
9927-SHHEJ,39,19.8,791.11,Month-to-month,Credit card (automatic),No,1,4,Daily,0
1213-RKAGE,63,25.04,1597.27,Month-to-month,Credit card (automatic),No,4,18,Daily,0
9993-KXZZC,44,55.51,2480.11,Two year,Bank transfer (automatic),DSL,1,10,Rarely,0
1285-MBMOU,4,79.07,328.03,Month-to-month,Credit card (automatic),Fiber optic,3,22,Weekly,1
5647-IALLQ,48,70.96,3255.57,Two year,Electronic check,Fiber optic,1,3,Daily,0
1953-CPKTZ,6,84.98,513.48,Month-to-month,Electronic check,Fiber optic,3,80,Rarely,1
1856-FTDZM,0,56.44,,Month-to-month,Electronic check,DSL,5,14,Weekly,1
7149-TUPJT,36,40.62,1405.29,Month-to-month,Bank transfer (automatic),DSL,1,82,Rarely,1
7549-MRPMD,47,96.93,4544.62,Month-to-month,Credit card (automatic),Fiber optic,7,10,Daily,1
2064-HYNQG,36,92.05,3277.92,Month-to-month,Electronic check,Fiber optic,2,11,Weekly,0
9789-SMFDK,22,93.91,2114.35,One year,Mailed check,Fiber optic,1,9,Rarely,1
3883-OHGHH,28,45.14,1304.19,One year,Bank transfer (automatic),DSL,1,6,Weekly,1
3864-TMMEO,0,88.58,,Month-to-month,Bank transfer (automatic),Fiber optic,2,11,Rarely,1
3672-ZTLHJ,67,116.94,7897.43,Two year,Electronic check,Fiber optic,1,5,Daily,0
5150-AAUVZ,6,87.33,498.1,Two year,Electronic check,Fiber optic,2,3,Weekly,1
2600-QYKGG,56,24.45,1303.94,Month-to-month,Electronic check,No,3,7,Daily,0
4822-GTAYU,2,76.02,147.33,One year,Electronic check,Fiber optic,1,11,Weekly,0
2889-JSDLC,10,75.96,742.0,Month-to-month,Electronic check,Fiber optic,3,30,Daily,1
1462-CAUTX,65,118.45,7669.14,Two year,Mailed check,Fiber optic,3,17,Daily,0
4318-ZZZAU,28,68.82,1903.85,One year,Bank transfer (automatic),DSL,0,4,Weekly,0
7049-SEDZW,27,102.24,2664.18,One year,Bank transfer (automatic),Fiber optic,5,10,Weekly,1
7867-IBIAR,63,21.69,1311.32,One year,Bank transfer (automatic),No,0,1,Daily,0
4179-JBZVX,58,106.92,5904.7,Two year,Electronic check,Fiber optic,1,2,Daily,0
3913-ZAUUU,28,115.02,3081.79,Month-to-month,Bank transfer (automatic),Fiber optic,2,25,Daily,1
8086-GKYBQ,53,42.77,2153.61,Month-to-month,Electronic check,DSL,0,8,Daily,0
7130-UUPTX,45,78.36,3361.27,One year,Bank transfer (automatic),Fiber optic,0,0,Rarely,0
8488-TDGHI,57,78.84,4470.2,One year,Credit card (automatic),DSL,0,2,Daily,0
9154-JFRCU,3,73.84,225.41,Month-to-month,Bank transfer (automatic),Fiber optic,2,55,Rarely,1
8390-RYAHX,1,87.42,86.71,Month-to-month,Mailed check,Fiber optic,2,20,Daily,1
9427-MOATG,29,42.83,1212.58,Month-to-month,Mailed check,DSL,3,14,Weekly,0
4749-ZJEPM,9,57.77,525.94,One year,Mailed check,DSL,0,22,Weekly,0
4551-MYJKQ,52,59.57,3138.63,One year,Credit card (automatic),DSL,2,5,Weekly,0
3893-EVFGA,6,47.29,289.73,Month-to-month,Bank transfer (automatic),DSL,3,16,Daily,1
3116-IPSXU,8,73.96,578.92,Month-to-month,Electronic check,Fiber optic,1,20,Weekly,1
7738-IVFFJ,41,90.24,3868.7,Month-to-month,Credit card (automatic),Fiber optic,2,23,Daily,0
7429-OFXHK,38,62.67,2303.36,Two year,Electronic check,DSL,2,18,Weekly,0
8211-PLKZL,71,72.9,5415.8,Two year,Mailed check,DSL,0,10,Weekly,0
2506-CSSFW,0,105.21,,Month-to-month,Mailed check,Fiber optic,3,10,Daily,1
5420-KDESF,11,42.22,453.84,Month-to-month,Bank transfer (automatic),DSL,1,85,Weekly,1
2997-MTWMX,10,91.24,884.95,Month-to-month,Credit card (automatic),Fiber optic,0,84,Weekly,1
9036-HWGBS,46,24.83,1111.53,Month-to-month,Electronic check,No,1,8,Daily,0
3406-TYXCQ,9,98.95,903.56,One year,Bank transfer (automatic),Fiber optic,4,26,Weekly,1
2295-SPABR,57,111.46,6644.19,Month-to-month,Bank transfer (automatic),Fiber optic,4,90,Rarely,1
6128-WEBKI,3,116.12,361.17,Month-to-month,Bank transfer (automatic),Fiber optic,1,72,Rarely,1
8910-ZYOYF,66,86.21,5963.76,Month-to-month,Electronic check,Fiber optic,1,27,Daily,0
9240-ZLMBE,43,76.45,3228.86,Month-to-month,Mailed check,Fiber optic,2,58,Weekly,1
1864-FMECP,64,74.07,4687.28,Two year,Credit card (automatic),Fiber optic,2,17,Weekly,0
3932-WBOYK,8,76.13,624.08,Month-to-month,Electronic check,Fiber optic,5,64,Rarely,1
2381-ECYKC,5,23.62,115.15,Month-to-month,Credit card (automatic),No,5,13,Daily,1
3770-WUSCC,9,19.4,171.76,Month-to-month,Bank transfer (automatic),No,2,0,Daily,0
5804-FENKT,41,116.19,4662.08,Month-to-month,Credit card (automatic),Fiber optic,3,7,Weekly,1
3524-CSYDQ,17,23.44,394.81,One year,Electronic check,No,2,8,Weekly,0
1607-NCHUW,10,116.34,1195.04,Month-to-month,Credit card (automatic),Fiber optic,4,12,Weekly,1
5589-JCGVO,0,97.33,,Month-to-month,Electronic check,Fiber optic,1,7,Daily,1
1475-LAUMO,68,79.81,5169.85,Two year,Mailed check,Fiber optic,0,4,Daily,0
3040-VOYOI,2,78.16,148.56,Month-to-month,Mailed check,Fiber optic,1,23,Weekly,0
1004-XQTFR,2,24.26,49.2,Two year,Bank transfer (automatic),No,1,15,Daily,0
1781-OCGXO,2,70.01,138.15,Month-to-month,Electronic check,Fiber optic,3,31,Rarely,1
4926-UEFYK,4,112.45,448.5,Month-to-month,Electronic check,Fiber optic,1,3,Weekly,1
8655-XVIYU,34,71.43,2420.44,Month-to-month,Credit card (automatic),Fiber optic,3,37,Daily,0
7970-DCDTD,14,66.8,907.44,Two year,Bank transfer (automatic),DSL,5,3,Daily,0
1889-HLDIR,16,88.86,1463.07,Month-to-month,Mailed check,Fiber optic,3,25,Weekly,1
1313-ZMTNM,62,23.09,1386.72,One year,Electronic check,No,0,2,Weekly,0
4042-NYBNB,2,24.37,49.64,Month-to-month,Credit card (automatic),No,0,72,Rarely,1
6869-WPBQL,9,75.43,695.12,Month-to-month,Bank transfer (automatic),Fiber optic,3,3,Daily,0
7719-BZJAP,53,115.9,5992.5,Two year,Credit card (automatic),Fiber optic,1,3,Daily,0
8407-JREVK,7,98.9,706.78,Month-to-month,Electronic check,Fiber optic,1,26,Weekly,1
4079-KUOAP,10,56.57,549.69,Month-to-month,Electronic check,DSL,0,64,Rarely,1
2511-QIEBW,46,25.84,1191.72,One year,Bank transfer (automatic),No,0,4,Daily,0
1237-APVJF,63,76.33,4913.13,Two year,Bank transfer (automatic),DSL,0,9,Rarely,0
2321-SQAPA,1,19.72,19.02,Month-to-month,Credit card (automatic),No,1,55,Weekly,1
1586-KHVZS,56,74.29,4233.94,Month-to-month,Electronic check,Fiber optic,2,2,Daily,0
8746-TABUL,5,114.76,552.76,Two year,Bank transfer (automatic),Fiber optic,2,27,Weekly,1
3415-NRJRS,65,22.89,1424.05,One year,Electronic check,No,0,6,Daily,0
8407-GREIU,0,92.48,,Month-to-month,Mailed check,Fiber optic,1,15,Weekly,1
5977-ZBQOP,61,73.75,4372.02,One year,Credit card (automatic),Fiber optic,0,5,Daily,0
5849-UBTHE,1,63.92,61.68,Month-to-month,Bank transfer (automatic),DSL,1,5,Daily,1
5092-LAQON,72,51.49,3617.73,Two year,Electronic check,DSL,1,14,Weekly,0
8371-ATAGK,17,79.37,1384.65,One year,Bank transfer (automatic),Fiber optic,4,2,Daily,1
1390-SKVYT,67,88.97,6175.93,One year,Mailed check,Fiber optic,2,18,Weekly,0
1834-BUFXZ,68,71.73,5090.8,One year,Mailed check,Fiber optic,4,19,Weekly,0
4810-CCSDZ,22,99.0,2276.27,One year,Electronic check,Fiber optic,1,10,Weekly,0
4549-OOWFO,4,67.57,273.76,Month-to-month,Bank transfer (automatic),DSL,2,6,Weekly,1
5909-ZAEDI,6,23.71,145.01,Month-to-month,Bank transfer (automatic),No,0,14,Weekly,0
7639-DEWMJ,59,18.67,1080.07,Two year,Electronic check,No,3,21,Weekly,0
6287-KZMMY,52,19.82,1071.35,Two year,Electronic check,No,0,6,Daily,0
3316-AMTNW,8,74.53,587.21,Month-to-month,Mailed check,DSL,4,42,Rarely,1
3945-XIVGG,5,65.44,334.88,Month-to-month,Mailed check,DSL,4,4,Daily,1
7770-ZAJQK,9,39.42,364.88,Month-to-month,Electronic check,DSL,2,17,Weekly,0
2813-VGODF,0,23.98,,Month-to-month,Credit card (automatic),No,3,14,Daily,1
5537-ETFRI,6,90.21,515.93,Month-to-month,Bank transfer (automatic),Fiber optic,6,1,Weekly,1
5848-OWWAU,51,20.47,1017.99,Two year,Electronic check,No,1,21,Weekly,0
7751-YRERQ,3,24.16,72.27,Month-to-month,Credit card (automatic),No,2,19,Daily,1
7428-RLNQM,52,55.58,2976.13,One year,Bank transfer (automatic),DSL,3,57,Rarely,0
5181-USHPT,63,92.0,5926.72,Two year,Electronic check,Fiber optic,2,10,Rarely,1
3782-MSDKS,9,111.75,963.05,Month-to-month,Credit card (automatic),Fiber optic,5,10,Weekly,1
4310-XQRIS,39,77.26,3120.73,Month-to-month,Mailed check,Fiber optic,4,14,Weekly,1
4703-JBGPZ,30,22.74,676.23,Month-to-month,Mailed check,No,2,20,Daily,0
2972-MWUOU,4,43.78,181.34,Month-to-month,Electronic check,DSL,4,16,Weekly,1
6628-KLTQN,60,117.43,7316.22,One year,Credit card (automatic),Fiber optic,2,12,Weekly,0
2875-LZBBM,37,53.35,2056.46,One year,Electronic check,DSL,0,28,Weekly,0
6837-AIOKF,11,114.15,1291.53,Month-to-month,Electronic check,Fiber optic,4,9,Weekly,1
7762-HPYUO,61,55.88,3495.05,Month-to-month,Credit card (automatic),DSL,1,0,Weekly,0
9655-DGLGR,10,111.04,1111.56,Month-to-month,Electronic check,Fiber optic,1,4,Weekly,1
2070-JVGMS,11,107.08,1184.51,Month-to-month,Credit card (automatic),Fiber optic,2,29,Weekly,1
7836-FTPQL,49,81.28,3989.3,Two year,Electronic check,Fiber optic,2,41,Daily,0
1773-YUEOX,3,23.35,70.16,Month-to-month,Electronic check,No,2,4,Daily,0
4034-HNTHN,4,81.32,315.87,Month-to-month,Bank transfer (automatic),Fiber optic,3,8,Weekly,1
2586-OEEOE,3,39.87,117.55,Month-to-month,Mailed check,DSL,1,9,Daily,1
2460-YNSKH,6,84.57,491.05,Month-to-month,Electronic check,Fiber optic,0,14,Daily,1
2577-MSKHD,37,71.69,2710.28,One year,Electronic check,DSL,2,17,Weekly,0
1395-ORNGG,54,47.21,2529.05,Month-to-month,Electronic check,DSL,2,13,Daily,0
8407-JJFYI,7,67.88,462.96,Month-to-month,Credit card (automatic),DSL,2,45,Rarely,0
1550-GPUMR,43,74.18,3285.2,Month-to-month,Electronic check,DSL,0,7,Daily,1
4586-CNBDP,9,20.83,194.88,Month-to-month,Credit card (automatic),No,3,3,Daily,0
7291-FAEUP,28,19.27,512.83,Month-to-month,Bank transfer (automatic),No,0,5,Daily,0
9912-JZKWI,49,66.44,3378.67,Month-to-month,Bank transfer (automatic),DSL,0,9,Weekly,0
8682-ACHEE,62,19.49,1151.19,One year,Credit card (automatic),No,0,19,Weekly,0
2234-JZFGZ,60,39.12,2396.45,Two year,Electronic check,DSL,1,3,Daily,0
9888-FVQYO,8,76.34,633.74,Month-to-month,Credit card (automatic),Fiber optic,1,12,Daily,0
6881-PFORZ,27,51.27,1347.71,One year,Bank transfer (automatic),DSL,1,1,Daily,0
2615-CEAUC,62,70.16,4542.85,Two year,Credit card (automatic),DSL,0,36,Rarely,0
5038-XJHZS,48,86.13,4225.26,One year,Mailed check,Fiber optic,2,20,Daily,0
9260-OXTQI,72,114.55,8646.61,Two year,Bank transfer (automatic),Fiber optic,1,48,Weekly,0
4535-ZSYZO,13,106.0,1336.6,Month-to-month,Bank transfer (automatic),Fiber optic,0,8,Weekly,0
2652-JYZDQ,1,25.91,24.95,Month-to-month,Electronic check,No,0,37,Rarely,1
8874-PTZGZ,9,69.6,636.53,Month-to-month,Electronic check,DSL,1,1,Daily,1
9575-QCNDY,12,71.04,853.75,Two year,Bank transfer (automatic),Fiber optic,2,21,Weekly,0
9779-TXPKL,0,45.85,,Month-to-month,Mailed check,DSL,1,2,Daily,1
9600-YDXKP,8,51.4,408.28,Month-to-month,Electronic check,DSL,1,39,Rarely,1
8854-RCDEU,27,71.35,1830.51,Month-to-month,Credit card (automatic),DSL,2,5,Daily,0
5089-BPCTZ,16,68.68,1097.24,One year,Electronic check,DSL,0,0,Daily,0
2730-KFLRS,15,79.95,1219.15,Month-to-month,Credit card (automatic),Fiber optic,4,47,Weekly,1
6553-QPQFF,47,103.86,4789.76,One year,Bank transfer (automatic),Fiber optic,1,8,Daily,0
2986-YPWQL,6,83.53,501.29,Month-to-month,Credit card (automatic),Fiber optic,1,2,Weekly,0
5257-OREMS,14,69.75,986.6,One year,Mailed check,DSL,2,2,Daily,0
6904-CBEPG,58,53.3,3158.82,Two year,Mailed check,DSL,1,7,Daily,0
9518-LDGAU,45,80.2,3513.6,Month-to-month,Electronic check,Fiber optic,2,7,Daily,0
3601-MENYV,54,61.76,3257.95,Two year,Credit card (automatic),DSL,0,12,Rarely,0
3266-WKJIH,15,84.11,1285.21,Two year,Mailed check,DSL,1,14,Weekly,0
7611-XDWXV,28,68.74,1896.69,Month-to-month,Bank transfer (automatic),DSL,0,42,Rarely,1
1058-QWAVN,43,21.14,931.78,One year,Electronic check,No,0,13,Rarely,0
6097-YCYOC,63,95.14,5854.51,Two year,Electronic check,Fiber optic,0,12,Daily,0
7712-NACNV,65,59.18,3944.75,Two year,Credit card (automatic),DSL,1,51,Rarely,0
5957-CGKOA,24,71.52,1657.7,One year,Mailed check,Fiber optic,1,2,Daily,0
4455-QMZHM,53,23.56,1242.73,Two year,Mailed check,No,0,23,Weekly,0
8456-CXVJL,64,48.45,3005.14,One year,Electronic check,DSL,3,20,Daily,0
4338-WHGGS,49,63.57,3119.87,Two year,Credit card (automatic),DSL,2,8,Daily,0
7394-FCEZW,4,19.03,77.64,Month-to-month,Bank transfer (automatic),No,1,46,Weekly,1
5176-YHLMN,0,24.43,,Month-to-month,Mailed check,No,0,28,Weekly,0
1239-APBHH,71,70.85,4859.33,One year,Credit card (automatic),Fiber optic,1,8,Daily,0
5774-RXSLN,69,53.79,3867.89,Two year,Bank transfer (automatic),DSL,0,11,Weekly,0
1445-NDYXG,52,56.63,2798.93,Two year,Credit card (automatic),DSL,0,0,Weekly,0
9377-CEQAC,8,24.29,198.8,Month-to-month,Electronic check,No,2,71,Rarely,1
6413-QDBAS,70,117.22,8388.05,Two year,Mailed check,Fiber optic,2,5,Rarely,0
4347-JHQEN,60,79.28,4945.2,Two year,Mailed check,Fiber optic,0,7,Weekly,0
5375-MRQRF,50,45.4,2351.99,Month-to-month,Electronic check,DSL,2,8,Weekly,0
6571-DNBLQ,63,67.6,4109.86,One year,Bank transfer (automatic),DSL,0,15,Weekly,0
3341-VQZOL,7,80.54,588.93,Month-to-month,Bank transfer (automatic),Fiber optic,3,38,Rarely,1
3595-GRVIB,63,71.17,4327.22,Month-to-month,Electronic check,Fiber optic,4,5,Daily,0
4767-AQRDA,29,81.24,2371.0,Two year,Mailed check,Fiber optic,3,9,Weekly,0
3326-RKKGS,1,81.37,78.57,Month-to-month,Credit card (automatic),Fiber optic,1,90,Rarely,1
7820-TBCOP,9,96.75,860.22,Month-to-month,Bank transfer (automatic),Fiber optic,3,63,Rarely,1
1934-DERLD,61,91.83,5765.55,Month-to-month,Bank transfer (automatic),Fiber optic,2,33,Rarely,1
8438-PBFSF,4,54.34,226.84,Month-to-month,Credit card (automatic),DSL,1,2,Daily,0
4136-BYFNV,32,20.67,649.59,One year,Electronic check,No,0,1,Weekly,0
6050-ZVIWA,22,51.32,1121.81,Month-to-month,Bank transfer (automatic),DSL,2,36,Weekly,0
2419-IFNXU,48,111.8,5528.66,Two year,Credit card (automatic),Fiber optic,0,9,Rarely,0
4467-ZDTSL,18,60.2,1094.02,Month-to-month,Credit card (automatic),DSL,2,59,Rarely,1
7790-CCXHQ,4,111.46,463.56,Month-to-month,Electronic check,Fiber optic,1,33,Weekly,1
3436-YMFMF,5,118.29,581.32,Month-to-month,Electronic check,Fiber optic,0,73,Weekly,1
2190-EVIRS,7,61.8,419.08,Month-to-month,Electronic check,DSL,2,56,Weekly,1
5696-OOENT,3,115.03,346.76,Month-to-month,Mailed check,Fiber optic,2,35,Rarely,1
2462-FGRZK,62,78.47,4848.95,One year,Electronic check,Fiber optic,2,31,Rarely,1
3832-VEOYL,6,85.02,529.56,Month-to-month,Bank transfer (automatic),Fiber optic,0,67,Weekly,1
5053-NENPZ,2,69.31,132.92,Month-to-month,Electronic check,DSL,1,90,Rarely,1
6076-FJQYG,63,49.95,3003.81,Two year,Bank transfer (automatic),DSL,0,53,Weekly,0
6753-SWQLG,0,22.94,,Month-to-month,Credit card (automatic),No,1,7,Weekly,0
7089-HBDLD,7,80.35,572.11,Month-to-month,Electronic check,DSL,3,3,Daily,0
8597-ASBDP,42,117.22,4837.31,Month-to-month,Electronic check,Fiber optic,1,20,Daily,0
1594-XSAET,12,63.6,732.48,Month-to-month,Electronic check,DSL,2,20,Weekly,1
4260-TKYXT,8,105.73,878.53,Month-to-month,Credit card (automatic),Fiber optic,4,27,Daily,1
1009-TUDSY,48,99.26,4889.45,Month-to-month,Bank transfer (automatic),Fiber optic,1,18,Rarely,0
1084-FAJHY,72,90.37,6756.75,Month-to-month,Electronic check,Fiber optic,0,2,Daily,0
2910-LRZUT,55,87.29,4614.62,Month-to-month,Mailed check,Fiber optic,0,1,Daily,0
6382-ZRGSI,33,99.79,3232.21,Month-to-month,Credit card (automatic),Fiber optic,1,23,Weekly,1
9049-IQIAZ,11,21.09,234.89,Month-to-month,Bank transfer (automatic),No,3,29,Weekly,0
7961-ORVQP,67,106.33,6824.13,Two year,Mailed check,Fiber optic,1,11,Daily,0
6815-UHVSE,41,76.12,3274.33,Month-to-month,Electronic check,Fiber optic,0,15,Rarely,0
8002-DWXZC,2,104.85,220.03,Month-to-month,Credit card (automatic),Fiber optic,2,35,Rarely,1
2547-XWTMN,12,94.79,1139.6,Month-to-month,Credit card (automatic),Fiber optic,5,40,Rarely,1
8557-LANGF,39,73.97,3027.25,Two year,Electronic check,Fiber optic,0,12,Daily,0
9011-BLBWX,11,110.72,1271.13,One year,Mailed check,Fiber optic,3,5,Daily,1
1855-UHENR,4,22.62,91.47,Month-to-month,Electronic check,No,0,1,Daily,1
5229-AWLVC,11,24.01,253.14,Month-to-month,Mailed check,No,1,90,Rarely,1
8469-LLBSY,32,76.0,2341.16,Month-to-month,Credit card (automatic),Fiber optic,0,10,Weekly,0
5284-OKQJJ,2,77.53,151.92,Month-to-month,Electronic check,Fiber optic,4,16,Weekly,1
8563-TPGKV,43,79.42,3525.6,Month-to-month,Electronic check,DSL,2,45,Rarely,1
9418-NBWTG,2,22.0,44.17,Month-to-month,Mailed check,No,0,4,Daily,0
5271-ZYZJY,37,84.35,3224.21,Month-to-month,Electronic check,Fiber optic,3,1,Daily,0
1535-UWOHF,0,22.39,,Month-to-month,Electronic check,No,2,28,Daily,1
4060-ZNYON,38,88.02,3450.11,One year,Electronic check,Fiber optic,1,35,Daily,0
2936-BKOCE,17,117.23,1946.21,One year,Mailed check,Fiber optic,3,2,Daily,1
5266-PGSLK,44,48.06,2157.04,Month-to-month,Electronic check,DSL,0,90,Weekly,1
6271-DKOOH,12,95.71,1099.99,Month-to-month,Credit card (automatic),Fiber optic,1,90,Weekly,1
5174-AYYXH,37,86.12,3246.87,Month-to-month,Credit card (automatic),Fiber optic,4,25,Weekly,1
2759-PDXAM,66,78.01,5142.08,One year,Bank transfer (automatic),Fiber optic,1,8,Rarely,0
3710-WSWMC,7,70.35,484.35,Month-to-month,Electronic check,DSL,2,80,Rarely,1
7115-ADBLB,42,45.3,1939.93,Month-to-month,Electronic check,DSL,3,0,Daily,1
1242-EKTRB,19,20.56,371.37,Month-to-month,Bank transfer (automatic),No,1,33,Weekly,1
2926-XOJJW,68,93.64,6540.53,Two year,Bank transfer (automatic),Fiber optic,5,7,Weekly,0
9030-MGLBD,30,58.49,1760.98,Two year,Electronic check,DSL,3,47,Rarely,0
1892-IFJBP,61,114.16,6915.43,Month-to-month,Credit card (automatic),Fiber optic,4,32,Rarely,1
4732-CFZAH,21,68.94,1452.04,Month-to-month,Bank transfer (automatic),DSL,4,52,Weekly,1
2862-NHIDL,13,42.19,535.94,Month-to-month,Electronic check,DSL,0,23,Rarely,0
1941-TPYSU,7,45.59,322.86,Month-to-month,Credit card (automatic),DSL,0,9,Rarely,1
4804-LPPVN,38,65.97,2438.82,Two year,Bank transfer (automatic),DSL,0,2,Weekly,0
5692-KBWLU,2,20.19,42.11,Month-to-month,Credit card (automatic),No,2,90,Rarely,1
2585-RAQMG,46,79.49,3758.86,One year,Credit card (automatic),Fiber optic,0,8,Weekly,0
1700-GQCPW,9,117.9,1101.83,Month-to-month,Electronic check,Fiber optic,3,44,Weekly,1
2212-CABSW,32,104.41,3413.02,Two year,Mailed check,Fiber optic,8,9,Weekly,0
6863-ZAMBJ,62,84.67,5029.54,One year,Electronic check,Fiber optic,0,20,Weekly,0
8741-IPXUB,63,71.35,4504.55,Month-to-month,Mailed check,Fiber optic,2,40,Rarely,1
2622-GHGJP,0,108.56,,Month-to-month,Electronic check,Fiber optic,1,1,Daily,1
3883-TYSHE,60,98.0,5948.88,Two year,Mailed check,Fiber optic,2,6,Weekly,0
4093-JUZKE,57,85.1,4940.25,Two year,Credit card (automatic),Fiber optic,2,30,Rarely,0
4246-ACQPQ,68,63.26,4317.03,Two year,Electronic check,DSL,1,43,Rarely,0
3198-ALEIQ,65,80.24,5284.98,Month-to-month,Mailed check,DSL,5,70,Rarely,1
1497-HRHNL,7,41.92,295.22,Month-to-month,Credit card (automatic),DSL,2,65,Rarely,1
5725-JDOZQ,63,105.5,6366.2,Two year,Mailed check,Fiber optic,4,23,Weekly,0
4215-TUAUG,19,111.84,2143.07,Month-to-month,Electronic check,Fiber optic,1,8,Weekly,1
4079-RZXKV,61,95.24,5789.87,Two year,Bank transfer (automatic),Fiber optic,5,9,Weekly,0
3382-QDGYX,10,116.6,1166.55,Month-to-month,Electronic check,Fiber optic,1,39,Daily,1
9363-XJIUA,2,81.24,155.57,Month-to-month,Mailed check,Fiber optic,2,49,Rarely,1
6493-XPQLZ,3,104.98,327.66,Month-to-month,Mailed check,Fiber optic,2,8,Daily,0
4767-TBNWB,44,58.54,2663.05,Month-to-month,Electronic check,DSL,0,68,Rarely,1
2848-TGNWM,14,21.34,285.32,Two year,Electronic check,No,0,29,Weekly,0
8209-AATYH,49,68.27,3478.87,Two year,Electronic check,DSL,4,6,Rarely,0
8994-YLBNZ,2,99.56,205.96,Month-to-month,Credit card (automatic),Fiber optic,1,23,Weekly,1
1290-GYQKS,1,55.89,57.44,Month-to-month,Electronic check,DSL,1,70,Weekly,1
9366-KCWJO,5,88.21,460.03,Month-to-month,Credit card (automatic),Fiber optic,5,26,Daily,1
7294-TCSJO,7,93.27,663.32,Month-to-month,Credit card (automatic),Fiber optic,2,25,Daily,1
1898-LUECK,14,84.67,1140.64,Month-to-month,Bank transfer (automatic),DSL,1,5,Daily,1
7777-DGRVS,52,108.73,5461.66,One year,Credit card (automatic),Fiber optic,1,15,Weekly,0
1966-IVKET,60,87.77,5040.77,Month-to-month,Mailed check,Fiber optic,3,2,Daily,0
1457-NJRSF,3,21.22,63.15,Two year,Electronic check,No,1,25,Weekly,0
2037-DNBQL,11,113.49,1206.41,Month-to-month,Electronic check,Fiber optic,3,5,Daily,1
5138-FPJKF,58,74.85,4139.24,Two year,Credit card (automatic),DSL,1,2,Weekly,0
6575-RXQGV,0,69.06,,Month-to-month,Credit card (automatic),DSL,3,15,Weekly,0
4665-DHAWB,65,23.86,1520.97,Two year,Credit card (automatic),No,0,2,Weekly,0
2097-OEFPU,35,41.62,1412.8,One year,Mailed check,DSL,0,5,Daily,0
2792-AEHYB,66,74.49,5015.21,Two year,Electronic check,Fiber optic,0,16,Daily,0
8670-EKIBO,11,53.52,593.03,Month-to-month,Electronic check,DSL,1,19,Weekly,1
9662-PERBT,61,92.92,5697.32,Two year,Credit card (automatic),Fiber optic,1,5,Weekly,0
7787-GFFWN,51,104.48,5250.15,Two year,Electronic check,Fiber optic,0,59,Weekly,0
1930-RFBAL,11,24.37,274.92,One year,Bank transfer (automatic),No,0,5,Daily,0
8377-ITUIL,44,112.91,4795.33,Month-to-month,Credit card (automatic),Fiber optic,0,3,Daily,0
7227-JRQQB,27,51.46,1381.7,Month-to-month,Credit card (automatic),DSL,1,3,Daily,0
5734-IZIEF,2,106.28,210.16,Two year,Mailed check,Fiber optic,3,15,Rarely,1
2289-AUAPK,62,84.76,5410.88,Two year,Mailed check,DSL,1,3,Daily,0
9969-CWTVY,6,20.06,116.58,Month-to-month,Bank transfer (automatic),No,1,2,Daily,0
4983-XSNSL,11,73.38,846.49,Month-to-month,Mailed check,Fiber optic,2,8,Weekly,0
1397-EKMBW,11,25.22,267.96,One year,Electronic check,No,0,19,Weekly,1
2889-XKMVL,38,19.51,736.93,One year,Electronic check,No,0,20,Daily,0
4610-RNHUF,66,72.11,4809.98,Month-to-month,Electronic check,DSL,2,25,Weekly,1
1560-FRSYS,17,21.4,360.98,One year,Electronic check,No,1,38,Daily,0
3915-AWKAP,33,21.17,724.87,Month-to-month,Electronic check,No,3,11,Daily,1
5215-EKMBW,5,25.55,129.59,Month-to-month,Credit card (automatic),No,1,49,Weekly,0
9536-NZMPV,49,87.03,4341.79,Two year,Bank transfer (automatic),Fiber optic,0,3,Weekly,0
1777-FXEZQ,23,89.77,2143.47,One year,Credit card (automatic),Fiber optic,2,24,Weekly,0
6191-NFOOZ,30,39.72,1147.4,One year,Bank transfer (automatic),DSL,3,7,Daily,0
9240-VMKKJ,27,19.88,533.92,One year,Bank transfer (automatic),No,0,1,Daily,0
8254-AATGK,68,55.63,3745.71,One year,Mailed check,DSL,2,0,Weekly,0
9323-SPJTE,50,102.3,5243.34,Two year,Bank transfer (automatic),Fiber optic,0,17,Daily,1
2532-MCNCY,58,18.98,1138.52,Two year,Electronic check,No,0,1,Daily,0
8211-RGPJN,18,21.12,378.26,One year,Bank transfer (automatic),No,0,3,Daily,0
9806-ENCDP,4,21.24,81.71,Month-to-month,Bank transfer (automatic),No,2,90,Weekly,1
3933-NHBLY,16,24.43,401.09,Two year,Mailed check,No,2,18,Weekly,0
5487-SBYLO,43,83.34,3685.11,Month-to-month,Bank transfer (automatic),Fiber optic,3,21,Weekly,1
5777-AIUIE,48,113.26,5314.4,Month-to-month,Credit card (automatic),Fiber optic,1,13,Weekly,1
5442-CYVBY,36,82.42,2869.65,One year,Mailed check,DSL,1,25,Weekly,0
3607-VJRGG,4,20.16,77.75,Two year,Electronic check,No,0,7,Daily,0
9736-SFJJD,8,88.32,678.38,Month-to-month,Electronic check,Fiber optic,5,9,Daily,1
9607-VRWNE,9,24.0,211.47,Month-to-month,Credit card (automatic),No,2,23,Weekly,0
4426-HJYGS,53,83.03,4495.7,Two year,Credit card (automatic),Fiber optic,3,9,Weekly,0
8246-DYQLI,50,110.06,5385.15,Two year,Credit card (automatic),Fiber optic,0,3,Daily,0
4577-JFPWG,35,117.23,4241.59,Month-to-month,Bank transfer (automatic),Fiber optic,0,9,Weekly,1
8152-TOUUB,27,23.24,617.08,Two year,Credit card (automatic),No,1,1,Daily,0
6262-AXEOT,64,46.42,3031.84,Two year,Bank transfer (automatic),DSL,0,7,Weekly,0
5231-NAARX,6,70.09,408.41,Month-to-month,Electronic check,Fiber optic,2,20,Weekly,1
2152-IOYVO,7,57.85,389.33,Month-to-month,Electronic check,DSL,2,0,Daily,1
6890-RYUKS,3,81.0,236.72,Month-to-month,Credit card (automatic),Fiber optic,3,21,Rarely,1
3889-IXCFI,60,107.54,6533.88,Two year,Credit card (automatic),Fiber optic,1,2,Daily,0
2951-FPSXN,0,60.61,,Month-to-month,Electronic check,DSL,0,13,Weekly,1
2738-QPASA,18,100.66,1833.67,One year,Electronic check,Fiber optic,1,22,Daily,0
9835-OZUNI,5,23.05,114.35,Month-to-month,Credit card (automatic),No,0,1,Weekly,0
1929-VWJCP,34,18.77,641.98,Month-to-month,Bank transfer (automatic),No,2,21,Weekly,0
8185-QYXFG,2,104.34,217.89,Month-to-month,Bank transfer (automatic),Fiber optic,5,26,Daily,1
8794-ZILHK,63,76.98,4643.52,Month-to-month,Electronic check,DSL,1,84,Rarely,1
1279-OHKJC,10,92.85,889.74,Month-to-month,Mailed check,Fiber optic,4,9,Daily,1
6303-UXMFQ,59,98.23,5791.77,Two year,Mailed check,Fiber optic,3,1,Daily,0
6196-NOPSB,31,76.97,2458.11,Two year,Electronic check,Fiber optic,2,36,Rarely,0
4227-CCEZS,29,101.95,3068.47,One year,Electronic check,Fiber optic,2,13,Weekly,0
6999-RSAFU,65,115.57,7685.18,Two year,Credit card (automatic),Fiber optic,2,14,Daily,0
4677-MNTBU,41,104.53,4166.11,Month-to-month,Electronic check,Fiber optic,0,18,Weekly,1
4956-RKMBF,9,18.61,171.83,Month-to-month,Bank transfer (automatic),No,5,38,Rarely,0
4883-GWCHD,69,85.01,5700.01,Two year,Mailed check,Fiber optic,0,7,Weekly,0
8205-HAHST,39,82.88,3075.54,Two year,Mailed check,DSL,0,35,Weekly,0
6697-JSQXU,18,23.51,408.47,Month-to-month,Credit card (automatic),No,2,15,Daily,0
4411-FPUHO,49,85.75,4398.47,One year,Bank transfer (automatic),Fiber optic,2,2,Weekly,0
9339-KIFAT,24,99.12,2429.87,One year,Bank transfer (automatic),Fiber optic,3,27,Weekly,1
8217-VQGAQ,8,46.51,358.94,Month-to-month,Mailed check,DSL,1,17,Weekly,1
9394-FOZAP,12,81.53,959.82,Month-to-month,Credit card (automatic),DSL,1,35,Rarely,1
7573-ZIVVM,10,21.42,222.4,Month-to-month,Credit card (automatic),No,0,30,Weekly,0
4523-HRQMF,36,47.84,1759.03,One year,Bank transfer (automatic),DSL,1,12,Weekly,0
7955-TFDBL,3,73.63,215.23,Month-to-month,Mailed check,Fiber optic,2,14,Daily,1
3963-DIGLU,2,71.7,150.24,Month-to-month,Credit card (automatic),Fiber optic,4,10,Weekly,1
3438-LODCZ,61,68.67,4223.25,Two year,Electronic check,DSL,1,2,Daily,0
5058-QAOAC,10,103.05,1035.59,Month-to-month,Credit card (automatic),Fiber optic,0,27,Weekly,1
9722-JRQUE,3,69.29,209.67,Two year,Electronic check,DSL,2,8,Rarely,0
6110-ENWSR,59,53.45,3226.98,One year,Mailed check,DSL,0,5,Daily,0
4452-CWZPI,64,24.44,1527.15,One year,Electronic check,No,0,24,Weekly,0
5155-RQYCN,72,110.74,7593.71,Two year,Mailed check,Fiber optic,3,7,Daily,0
3620-SJVBC,3,23.02,70.1,Month-to-month,Electronic check,No,1,27,Weekly,1
6928-UDKHR,46,99.85,4581.11,Month-to-month,Electronic check,Fiber optic,1,40,Weekly,1
4153-AJZJP,56,19.94,1151.41,Two year,Bank transfer (automatic),No,2,4,Weekly,0
5989-ZPTYQ,7,78.47,572.76,Month-to-month,Credit card (automatic),DSL,1,46,Rarely,0
4327-VNVQI,6,42.89,260.19,One year,Electronic check,DSL,1,9,Weekly,0
3886-OIKHM,5,75.91,383.16,Month-to-month,Mailed check,DSL,3,7,Weekly,1
9731-JQJMD,60,58.26,3543.17,One year,Electronic check,DSL,1,6,Daily,0
4111-KJYLA,8,19.24,147.43,Month-to-month,Mailed check,No,1,35,Rarely,1
1634-ISEEJ,41,72.98,2951.19,Month-to-month,Electronic check,Fiber optic,4,4,Daily,0
4406-JMASF,19,117.94,2276.15,One year,Electronic check,Fiber optic,1,19,Weekly,1
5788-SOFMA,64,97.6,6263.26,Month-to-month,Bank transfer (automatic),Fiber optic,1,8,Daily,0
1851-SHJEJ,10,59.44,611.32,One year,Electronic check,DSL,1,31,Rarely,1
3750-KFZHE,16,25.44,391.51,Month-to-month,Bank transfer (automatic),No,2,7,Weekly,0
2494-OILSC,61,92.46,5717.21,One year,Electronic check,Fiber optic,2,6,Daily,0
5505-NABCE,2,77.96,161.21,Month-to-month,Bank transfer (automatic),DSL,1,90,Weekly,1
7507-JYXCZ,16,111.4,1811.51,Month-to-month,Electronic check,Fiber optic,0,17,Rarely,1
9715-QOUMG,9,73.5,633.53,Month-to-month,Bank transfer (automatic),DSL,1,0,Daily,1
4501-NSREY,2,74.61,151.65,Month-to-month,Electronic check,Fiber optic,0,20,Weekly,1
8768-HVIBZ,6,116.3,722.26,Month-to-month,Bank transfer (automatic),Fiber optic,2,40,Weekly,1
2930-PFADE,1,23.2,22.38,Month-to-month,Electronic check,No,3,3,Daily,0
8023-YEEVW,10,21.56,218.16,One year,Electronic check,No,2,24,Weekly,0
6063-FQNOI,61,74.26,4523.64,Month-to-month,Bank transfer (automatic),DSL,1,32,Weekly,0
7822-TWSXC,30,42.4,1236.95,One year,Bank transfer (automatic),DSL,0,34,Rarely,0
7799-RZNYJ,13,19.84,256.42,Month-to-month,Electronic check,No,2,26,Weekly,0
5791-XYQSN,69,102.86,7042.6,Two year,Mailed check,Fiber optic,1,67,Rarely,0
3316-INZAF,48,100.53,4859.94,Month-to-month,Electronic check,Fiber optic,1,15,Weekly,0
5735-MIQJR,6,95.43,586.79,Month-to-month,Electronic check,Fiber optic,0,5,Weekly,1
8440-CISMS,4,102.72,394.32,Month-to-month,Bank transfer (automatic),Fiber optic,4,90,Rarely,1
9734-QILZZ,4,116.07,450.41,Month-to-month,Credit card (automatic),Fiber optic,3,90,Rarely,1
9346-ASMAQ,72,19.48,1422.49,Month-to-month,Mailed check,No,2,63,Rarely,0
2633-AIRVK,51,86.63,4251.57,Two year,Mailed check,Fiber optic,2,5,Daily,0
6375-VVLER,46,52.5,2452.98,Month-to-month,Mailed check,DSL,1,7,Daily,0
1941-AXKTT,10,82.02,833.08,One year,Bank transfer (automatic),DSL,1,29,Weekly,1
7019-MZUWC,27,19.9,528.52,Two year,Electronic check,No,0,16,Daily,0
9930-MYVLB,25,87.84,2303.31,One year,Mailed check,Fiber optic,0,3,Daily,0
1473-HOQYC,2,113.93,227.27,Month-to-month,Electronic check,Fiber optic,3,2,Daily,1
6908-KHYEF,8,69.82,584.36,Month-to-month,Bank transfer (automatic),DSL,1,14,Daily,1
9508-HCQNO,12,18.73,217.54,Month-to-month,Credit card (automatic),No,1,57,Weekly,1
8623-XLIJU,60,116.57,7298.71,Month-to-month,Electronic check,Fiber optic,3,13,Weekly,1
4531-NERTG,55,18.95,1050.21,Two year,Mailed check,No,0,4,Daily,0
1935-OOEAS,11,63.01,727.06,Month-to-month,Electronic check,DSL,3,17,Weekly,1
9314-QSJNZ,72,50.14,3645.41,Two year,Mailed check,DSL,1,19,Rarely,0
9290-FQDBY,14,68.07,994.08,One year,Mailed check,DSL,2,1,Daily,0
6210-DRNVO,34,83.76,2804.98,One year,Bank transfer (automatic),Fiber optic,0,1,Rarely,0
9809-SXVSE,50,24.63,1247.86,One year,Bank transfer (automatic),No,1,22,Weekly,0
1041-EMRRU,41,97.41,3806.92,Month-to-month,Mailed check,Fiber optic,1,15,Weekly,0
6548-CEDOQ,2,20.85,42.05,Month-to-month,Electronic check,No,2,0,Daily,0
1346-DWHRT,6,111.98,663.48,Month-to-month,Electronic check,Fiber optic,0,54,Weekly,1
9420-AWZYD,61,74.75,4707.49,One year,Credit card (automatic),DSL,0,22,Daily,0
7123-KGLZT,18,93.92,1690.02,Two year,Credit card (automatic),Fiber optic,0,2,Daily,0
9219-UKYXU,1,22.18,22.23,One year,Electronic check,No,0,1,Daily,1
6063-VQCHT,41,92.69,3983.93,Two year,Credit card (automatic),Fiber optic,2,1,Daily,0
1749-IEYMW,7,63.84,464.33,One year,Credit card (automatic),DSL,0,19,Weekly,0
1238-HJIJL,1,24.94,26.02,Month-to-month,Bank transfer (automatic),No,2,7,Daily,0
4019-HVILW,59,73.58,4197.82,Two year,Mailed check,Fiber optic,0,3,Weekly,0
7690-LAALQ,33,21.41,733.39,Month-to-month,Electronic check,No,0,90,Rarely,1
2359-YDOHL,8,106.38,844.9,Month-to-month,Credit card (automatic),Fiber optic,0,19,Rarely,1
8668-LIABN,17,116.76,2054.84,Month-to-month,Mailed check,Fiber optic,1,20,Weekly,1
3155-FICBD,58,77.43,4494.82,Month-to-month,Electronic check,Fiber optic,2,39,Weekly,0
5467-JEGHH,8,18.83,153.15,Month-to-month,Bank transfer (automatic),No,3,1,Weekly,0
2827-ADYRD,12,24.54,287.14,Month-to-month,Credit card (automatic),No,1,15,Rarely,0
5191-HJXWU,12,117.06,1361.82,Two year,Credit card (automatic),Fiber optic,4,14,Rarely,1
5069-CMMQV,4,71.88,289.17,Month-to-month,Credit card (automatic),DSL,1,4,Weekly,0
1049-IOGFI,8,64.49,497.52,One year,Electronic check,DSL,1,5,Daily,0
6109-TLRRJ,7,49.74,352.52,Month-to-month,Bank transfer (automatic),DSL,2,15,Weekly,0
8079-YBXAJ,2,116.48,222.07,One year,Credit card (automatic),Fiber optic,2,14,Rarely,0
9425-VRIXD,36,105.03,3667.63,One year,Credit card (automatic),Fiber optic,3,4,Rarely,0
3976-RNFXT,1,70.93,69.34,Two year,Bank transfer (automatic),DSL,1,62,Rarely,1
8924-ACBKK,1,112.77,109.03,Month-to-month,Bank transfer (automatic),Fiber optic,2,14,Weekly,1
8907-SRAMU,57,25.07,1374.45,One year,Credit card (automatic),No,0,7,Daily,0
9894-XHBDI,3,42.71,131.51,Month-to-month,Mailed check,DSL,3,14,Weekly,0
4357-LJCIH,1,70.97,70.39,Month-to-month,Electronic check,Fiber optic,5,17,Weekly,1
8657-MCUKI,64,49.24,3074.08,One year,Mailed check,DSL,0,35,Weekly,0
6085-XTDDA,42,114.15,4700.65,One year,Credit card (automatic),Fiber optic,0,6,Daily,1
1524-OJJNO,14,22.5,324.25,Two year,Electronic check,No,2,7,Daily,0
3432-ACUYV,28,68.79,1873.33,Month-to-month,Mailed check,DSL,0,7,Daily,0
7047-XMVWX,65,21.09,1406.74,Two year,Credit card (automatic),No,2,20,Rarely,0
2445-DDKNY,8,58.54,479.09,Month-to-month,Mailed check,DSL,3,28,Daily,0
4912-IVXZE,1,84.55,80.89,Month-to-month,Mailed check,Fiber optic,1,46,Weekly,1
7973-GFTRK,55,82.26,4708.02,One year,Bank transfer (automatic),DSL,2,6,Daily,0
2347-CNTMG,1,89.98,90.56,Two year,Bank transfer (automatic),Fiber optic,3,1,Daily,1
5468-PRPWI,23,77.45,1841.67,One year,Bank transfer (automatic),DSL,2,16,Weekly,0
2933-PWFHB,8,77.54,609.04,Month-to-month,Electronic check,Fiber optic,1,28,Daily,1
5827-JBTCS,2,53.59,109.22,One year,Credit card (automatic),DSL,0,6,Weekly,0
3166-PZJIG,41,19.86,822.6,Month-to-month,Electronic check,No,0,90,Rarely,1
9687-NFCYR,29,52.5,1487.49,Two year,Bank transfer (automatic),DSL,1,2,Daily,0
1690-DQHEM,39,69.71,2814.28,Month-to-month,Bank transfer (automatic),DSL,1,4,Daily,0
9671-UAJXK,5,76.86,396.36,Month-to-month,Electronic check,Fiber optic,3,30,Weekly,1
8126-CLRZQ,1,95.99,97.62,Month-to-month,Electronic check,Fiber optic,1,40,Weekly,1
8699-BVUQX,58,18.52,1113.71,Two year,Mailed check,No,0,12,Weekly,0
8662-UGKNM,2,25.87,50.29,Month-to-month,Electronic check,No,1,41,Rarely,0
2688-QSCOB,28,71.73,2050.66,One year,Credit card (automatic),Fiber optic,2,8,Weekly,0
9378-NKFZG,14,24.16,331.08,Month-to-month,Credit card (automatic),No,1,3,Daily,0
6347-BJTAM,4,78.99,329.85,Month-to-month,Credit card (automatic),DSL,3,42,Rarely,1
9658-KWAAO,3,25.97,78.41,Month-to-month,Credit card (automatic),No,1,42,Weekly,1
8902-ESHOA,65,101.53,6829.85,One year,Electronic check,Fiber optic,0,35,Rarely,0
6215-SNAGB,40,66.9,2590.27,Month-to-month,Bank transfer (automatic),DSL,3,22,Rarely,1
4369-BSLUG,6,97.04,571.65,Month-to-month,Mailed check,Fiber optic,2,81,Rarely,1
2055-SPRVS,49,107.08,5384.94,Two year,Electronic check,Fiber optic,1,5,Daily,0
1909-TTLSV,3,112.23,331.93,Month-to-month,Mailed check,Fiber optic,1,21,Rarely,1
4506-TPBLB,55,63.27,3337.15,One year,Electronic check,DSL,2,33,Rarely,0
8297-CJMNX,9,104.93,959.21,One year,Credit card (automatic),Fiber optic,1,11,Rarely,0
5547-TKISH,9,116.68,1009.17,One year,Credit card (automatic),Fiber optic,4,4,Daily,0
5335-WURGQ,43,75.42,3261.1,One year,Credit card (automatic),Fiber optic,0,67,Weekly,0
3199-VBENJ,11,22.92,260.61,Month-to-month,Electronic check,No,2,0,Daily,1
6078-SKZHJ,51,19.01,977.62,Two year,Electronic check,No,1,6,Daily,0
6742-AGGTI,11,91.13,1002.49,Two year,Electronic check,Fiber optic,2,23,Weekly,0
9838-FIOUZ,19,105.22,1944.89,Month-to-month,Credit card (automatic),Fiber optic,4,23,Weekly,1
7564-BVKVA,62,88.44,5298.44,One year,Bank transfer (automatic),Fiber optic,1,31,Rarely,0
6464-QYBUC,34,19.25,622.99,Two year,Bank transfer (automatic),No,0,12,Weekly,0
9189-ZTXXI,26,110.25,2952.7,Two year,Electronic check,Fiber optic,0,30,Weekly,0
4824-KREHC,1,81.83,77.99,Month-to-month,Mailed check,Fiber optic,4,72,Daily,1
9413-XGKLJ,11,94.36,1075.19,One year,Mailed check,Fiber optic,4,68,Daily,1
4329-UXOVC,64,19.62,1242.73,Two year,Credit card (automatic),No,0,23,Weekly,0
2149-ZDBAG,32,117.98,3930.24,Month-to-month,Bank transfer (automatic),Fiber optic,2,43,Rarely,1
4758-VHULC,21,56.6,1147.72,Two year,Electronic check,DSL,0,12,Weekly,0
2158-MGHNU,15,109.85,1698.83,One year,Mailed check,Fiber optic,1,10,Weekly,1
2065-PFSSG,9,56.69,528.86,One year,Bank transfer (automatic),DSL,2,8,Daily,0
8929-WVPHJ,6,55.08,327.76,Month-to-month,Credit card (automatic),DSL,0,17,Daily,1
8151-LEHDE,11,81.66,941.61,Month-to-month,Mailed check,Fiber optic,2,2,Daily,0
2990-TDMLB,17,89.62,1479.57,Two year,Credit card (automatic),Fiber optic,1,1,Rarely,0
8538-VZQRG,4,25.06,96.35,Month-to-month,Mailed check,No,3,11,Weekly,1
1620-VULSY,9,23.46,221.09,Month-to-month,Electronic check,No,0,41,Weekly,0
3559-PFIEI,41,72.57,2902.89,One year,Credit card (automatic),Fiber optic,1,29,Weekly,0
7354-XEXHM,13,63.89,791.4,One year,Credit card (automatic),DSL,1,26,Weekly,1
3733-NDEHB,40,61.9,2449.54,Two year,Electronic check,DSL,0,6,Daily,0
7573-TOVWJ,58,23.65,1439.09,Two year,Bank transfer (automatic),No,1,24,Daily,0
8868-VBLRM,17,106.63,1874.46,Month-to-month,Mailed check,Fiber optic,3,24,Weekly,1
1594-TWLHP,10,97.44,935.07,Month-to-month,Mailed check,Fiber optic,2,12,Weekly,1
1215-WZVGF,69,112.48,7652.35,Two year,Credit card (automatic),Fiber optic,2,4,Daily,0
9459-OKPYO,35,68.53,2407.29,Month-to-month,Credit card (automatic),DSL,1,40,Rarely,0
5683-JWLPD,43,86.39,3824.87,Month-to-month,Electronic check,Fiber optic,2,2,Daily,1
5557-NLDFS,53,21.32,1095.19,One year,Bank transfer (automatic),No,2,2,Daily,0
5172-EDBAL,7,111.64,749.51,One year,Electronic check,Fiber optic,1,3,Daily,0
4902-MQONZ,31,82.6,2620.43,One year,Mailed check,Fiber optic,3,17,Weekly,0
7210-GSCWJ,11,45.56,477.17,One year,Credit card (automatic),DSL,1,0,Daily,1
6217-JDNKZ,6,73.61,442.35,Month-to-month,Electronic check,DSL,0,10,Weekly,0
2470-EKXUT,20,58.66,1197.41,Two year,Electronic check,DSL,1,18,Rarely,0
6639-NWFVP,7,80.99,576.4,Month-to-month,Credit card (automatic),Fiber optic,1,58,Weekly,1
7014-JFNAS,6,77.16,463.43,Month-to-month,Mailed check,DSL,1,90,Rarely,1
2022-GKFMJ,38,78.97,3085.28,Month-to-month,Electronic check,Fiber optic,3,27,Weekly,0
4390-EXTKB,2,105.52,212.94,Two year,Mailed check,Fiber optic,1,9,Weekly,0
8113-VSOPA,17,86.5,1518.06,Two year,Mailed check,Fiber optic,2,6,Daily,0
6567-MEQYN,11,71.77,795.85,Month-to-month,Bank transfer (automatic),DSL,1,25,Weekly,0
2227-PRYAI,45,107.49,4804.37,Two year,Mailed check,Fiber optic,0,23,Weekly,0
1360-GSLUM,32,77.63,2508.44,Two year,Electronic check,Fiber optic,1,4,Weekly,0
6230-ZTAZY,32,76.94,2443.63,Month-to-month,Bank transfer (automatic),DSL,3,90,Weekly,1
5155-BKZVM,55,99.99,5339.72,Two year,Mailed check,Fiber optic,1,2,Weekly,0
9648-OAORJ,58,111.67,6458.34,Two year,Electronic check,Fiber optic,2,46,Rarely,0
5699-HVLGJ,0,71.53,,Month-to-month,Credit card (automatic),Fiber optic,0,12,Daily,0
9382-MGOWT,46,24.18,1122.06,Two year,Credit card (automatic),No,0,5,Daily,0
2928-GMORT,57,25.89,1509.43,One year,Credit card (automatic),No,0,0,Weekly,0
5025-MIRDR,17,104.09,1797.36,One year,Bank transfer (automatic),Fiber optic,1,11,Weekly,0
2256-XSLVN,59,25.38,1491.64,One year,Electronic check,No,0,11,Weekly,0
6167-OWFUR,51,21.61,1091.88,Two year,Credit card (automatic),No,1,57,Weekly,0
2696-NCTFX,53,23.76,1221.3,One year,Electronic check,No,0,23,Weekly,0
5429-UJLAM,10,97.51,927.85,Month-to-month,Bank transfer (automatic),Fiber optic,3,38,Rarely,1
4096-BZQGU,3,21.01,65.32,Month-to-month,Credit card (automatic),No,2,25,Daily,0
2671-AOCBG,32,67.67,2117.28,Month-to-month,Credit card (automatic),DSL,1,9,Weekly,0
1871-HSXUT,43,21.21,920.41,Two year,Bank transfer (automatic),No,0,13,Weekly,0
5607-OJGYN,68,82.67,5600.34,One year,Credit card (automatic),DSL,0,6,Daily,0
9524-OALRM,49,75.69,3563.84,One year,Electronic check,DSL,0,32,Rarely,0
2788-PVAXV,7,79.06,527.71,Month-to-month,Electronic check,DSL,0,10,Weekly,1
4644-KTBIC,39,100.83,4106.02,One year,Bank transfer (automatic),Fiber optic,1,1,Weekly,0
3021-QWPSD,49,110.76,5352.31,One year,Credit card (automatic),Fiber optic,2,9,Weekly,1
8279-YFNRW,62,87.79,5341.82,Two year,Electronic check,Fiber optic,3,0,Daily,0
4733-YPOKO,49,102.08,4794.33,Two year,Mailed check,Fiber optic,6,20,Weekly,0
9768-RQPLF,43,86.19,3521.92,Month-to-month,Credit card (automatic),Fiber optic,2,47,Rarely,1
3206-BKKPX,69,22.96,1619.7,One year,Credit card (automatic),No,0,9,Weekly,0
1726-SUPYY,7,73.46,534.1,Month-to-month,Mailed check,Fiber optic,2,2,Daily,0
6242-DQNZP,7,108.41,740.25,One year,Credit card (automatic),Fiber optic,2,60,Weekly,1
6864-AFDFC,1,21.66,21.55,Month-to-month,Mailed check,No,1,12,Daily,0
9915-UMRZQ,13,84.26,1108.6,One year,Electronic check,DSL,0,1,Weekly,0
8841-MGTNT,62,111.62,6689.98,Two year,Bank transfer (automatic),Fiber optic,0,11,Weekly,0
8956-AEDRN,18,67.26,1194.98,Month-to-month,Electronic check,DSL,4,33,Rarely,1
6707-IIPZZ,21,82.89,1738.86,Month-to-month,Bank transfer (automatic),Fiber optic,2,6,Daily,1
4237-MRCYA,12,23.22,282.67,Month-to-month,Electronic check,No,5,4,Daily,1
4860-ISZER,69,73.81,5338.36,Two year,Mailed check,DSL,0,21,Daily,0
2203-EBLOG,1,60.72,60.7,Month-to-month,Bank transfer (automatic),DSL,1,6,Daily,0
4879-ZQLMM,16,98.74,1541.48,One year,Credit card (automatic),Fiber optic,2,11,Daily,0
4279-CPUKL,5,112.5,571.13,Month-to-month,Electronic check,Fiber optic,3,32,Rarely,1
1323-XPHAV,16,76.65,1179.15,Month-to-month,Bank transfer (automatic),Fiber optic,2,78,Weekly,1
2840-QQHEM,39,94.22,3492.91,One year,Credit card (automatic),Fiber optic,2,4,Weekly,0
5810-THNZF,19,78.83,1479.22,One year,Bank transfer (automatic),DSL,2,14,Weekly,0
4323-GGXNX,41,56.99,2236.02,Two year,Electronic check,DSL,2,22,Weekly,0
9940-YKBHO,56,112.88,6306.93,Two year,Bank transfer (automatic),Fiber optic,0,12,Weekly,0
5306-JAZHQ,70,97.07,6677.22,Two year,Credit card (automatic),Fiber optic,0,23,Daily,0
9627-YOSAS,11,21.51,245.94,Month-to-month,Electronic check,No,0,42,Weekly,1
6945-WXCFB,3,118.09,342.87,Month-to-month,Credit card (automatic),Fiber optic,4,12,Weekly,1
1363-XHNMR,4,46.45,189.4,Month-to-month,Electronic check,DSL,0,12,Weekly,0
2830-XIUHF,4,54.98,222.81,Month-to-month,Credit card (automatic),DSL,1,14,Weekly,1
7351-CJOUW,6,20.15,126.89,Month-to-month,Mailed check,No,0,27,Daily,0
5905-NKEXK,55,117.68,6517.02,Two year,Electronic check,Fiber optic,2,1,Daily,0
3715-TQYZS,61,77.29,4859.56,Two year,Bank transfer (automatic),Fiber optic,5,32,Daily,1
5698-RDAOS,1,75.79,74.66,Month-to-month,Bank transfer (automatic),Fiber optic,1,2,Weekly,1
9125-TGNWC,49,51.14,2398.66,One year,Bank transfer (automatic),DSL,1,20,Weekly,1
4497-JYFIM,48,23.06,1096.31,One year,Electronic check,No,2,12,Weekly,0
1405-RGUGJ,7,82.84,589.88,Month-to-month,Electronic check,Fiber optic,0,87,Weekly,1
3798-OATRV,71,54.05,3743.28,One year,Electronic check,DSL,0,9,Weekly,0
9421-HKXBM,50,95.9,4621.77,Month-to-month,Mailed check,Fiber optic,2,52,Weekly,1
7855-MLLTF,70,100.85,6780.54,Month-to-month,Electronic check,Fiber optic,4,7,Daily,0
8536-XXEZG,52,98.12,5117.01,Two year,Bank transfer (automatic),Fiber optic,1,16,Weekly,0
9203-BKUVQ,12,99.83,1178.19,Two year,Mailed check,Fiber optic,4,2,Rarely,0
2057-VGWQD,1,102.54,105.25,Month-to-month,Electronic check,Fiber optic,4,8,Weekly,1
3543-DGBHZ,55,25.08,1398.55,Month-to-month,Credit card (automatic),No,1,34,Rarely,0
1538-GQZGS,12,23.56,295.1,Month-to-month,Bank transfer (automatic),No,0,14,Weekly,1
1042-LHYRL,47,104.97,5170.49,Month-to-month,Mailed check,Fiber optic,2,22,Weekly,0
8511-VXUWI,7,57.24,380.67,One year,Bank transfer (automatic),DSL,1,18,Weekly,0
9431-IGSUR,46,115.82,5186.64,Month-to-month,Bank transfer (automatic),Fiber optic,2,52,Rarely,1
2401-PUEJS,12,24.56,287.11,One year,Electronic check,No,3,44,Daily,0
7498-BXEUQ,64,65.81,4371.53,One year,Mailed check,DSL,2,14,Weekly,0
5813-WUNTJ,17,59.63,976.47,One year,Electronic check,DSL,1,24,Daily,1
1622-PXCJA,37,18.64,683.99,One year,Bank transfer (automatic),No,0,15,Daily,0
9240-NUBOK,7,25.9,173.2,Month-to-month,Bank transfer (automatic),No,2,43,Rarely,1
8840-UFECK,14,19.56,273.24,One year,Bank transfer (automatic),No,0,23,Weekly,0
6106-MXMES,58,94.69,5238.52,Two year,Mailed check,Fiber optic,1,2,Daily,0
7370-BIQGP,71,54.72,3972.38,Month-to-month,Electronic check,DSL,0,5,Daily,0
4574-LYHXQ,72,54.0,3895.04,Month-to-month,Bank transfer (automatic),DSL,2,2,Daily,0
8134-TEASM,43,90.34,4078.07,One year,Credit card (automatic),Fiber optic,1,12,Rarely,0
5004-IXILS,67,22.79,1601.18,Two year,Mailed check,No,0,1,Rarely,0
9901-ZXQCC,13,70.49,942.44,Two year,Mailed check,Fiber optic,1,49,Rarely,1
1567-SNDSY,18,77.47,1365.55,Month-to-month,Credit card (automatic),Fiber optic,2,5,Weekly,1
2549-BVIKS,23,23.1,510.7,One year,Credit card (automatic),No,2,14,Daily,0
9717-GEZJE,23,73.01,1621.57,One year,Electronic check,DSL,2,5,Weekly,1
3598-RFUBN,25,70.05,1784.52,Two year,Electronic check,DSL,0,13,Daily,0
3795-KYNYG,67,25.93,1673.79,Month-to-month,Credit card (automatic),No,1,8,Daily,0
8120-MVEYU,5,72.31,353.73,Two year,Bank transfer (automatic),Fiber optic,1,4,Daily,0
2704-RGVVH,72,94.99,6560.53,Two year,Electronic check,Fiber optic,2,22,Rarely,0
5621-PBKDO,1,21.64,20.67,Month-to-month,Mailed check,No,2,25,Daily,0
3574-ONRYF,14,19.99,276.76,Month-to-month,Electronic check,No,1,12,Daily,1
2781-FFYCA,59,113.19,6621.42,One year,Bank transfer (automatic),Fiber optic,0,0,Daily,0
9678-ETPXF,0,76.96,,Month-to-month,Electronic check,Fiber optic,3,31,Rarely,1
2798-KOBXU,10,94.47,984.4,One year,Electronic check,Fiber optic,2,13,Weekly,1
1848-DVLIY,28,19.94,564.33,One year,Electronic check,No,0,17,Daily,0
7064-NFVSE,5,59.08,289.25,Two year,Credit card (automatic),DSL,0,36,Weekly,0
8804-RQHLV,2,108.34,223.93,Month-to-month,Electronic check,Fiber optic,1,6,Daily,1
2147-ESVYI,64,23.75,1528.04,Two year,Mailed check,No,3,6,Daily,0
7369-GYMON,7,103.97,723.81,One year,Electronic check,Fiber optic,3,10,Rarely,1
5866-NQLKK,23,80.43,1896.4,Month-to-month,Electronic check,Fiber optic,5,84,Weekly,1
8469-RVORK,12,40.05,474.21,Month-to-month,Electronic check,DSL,1,29,Daily,0
2142-UKKBG,9,72.12,668.74,Month-to-month,Electronic check,DSL,0,8,Weekly,1
9782-TCFUW,18,43.88,750.69,One year,Mailed check,DSL,2,10,Weekly,0
6571-KKNUM,51,88.92,4419.78,One year,Mailed check,Fiber optic,1,27,Weekly,0
8578-ELGRD,44,77.82,3434.49,One year,Electronic check,DSL,0,46,Rarely,0
4257-PDZQD,11,89.86,1021.7,Month-to-month,Credit card (automatic),Fiber optic,1,64,Rarely,1
9489-YOPBE,47,92.57,4456.88,One year,Mailed check,Fiber optic,2,8,Weekly,0
6636-VMQZL,23,83.07,1993.55,Two year,Credit card (automatic),DSL,2,6,Weekly,0
2142-JUBLW,47,80.82,3707.67,Month-to-month,Mailed check,DSL,3,5,Daily,0
9305-FHMBB,10,74.41,775.54,Month-to-month,Electronic check,Fiber optic,0,19,Weekly,1
8161-GXFTL,3,112.04,323.17,Month-to-month,Electronic check,Fiber optic,0,22,Weekly,1
3701-TIWJU,13,93.99,1185.1,One year,Electronic check,Fiber optic,1,0,Daily,0
5910-VLRDM,18,24.48,439.18,Month-to-month,Bank transfer (automatic),No,1,11,Weekly,0
4492-JYYUY,71,21.14,1457.54,One year,Bank transfer (automatic),No,1,46,Weekly,1
5890-ZTPFV,18,116.43,1997.57,One year,Electronic check,Fiber optic,2,9,Daily,1
9687-FEWCD,69,108.63,7600.01,Two year,Credit card (automatic),Fiber optic,2,3,Daily,0
9089-NPBJF,17,91.8,1546.19,One year,Credit card (automatic),Fiber optic,3,12,Weekly,1
2939-HERMY,35,87.49,3191.61,Month-to-month,Electronic check,Fiber optic,2,36,Rarely,1
9745-AUXMS,26,48.71,1327.73,Month-to-month,Electronic check,DSL,1,52,Rarely,1
4941-LPXNP,4,20.57,85.78,Month-to-month,Credit card (automatic),No,2,19,Weekly,0
7342-ZMERS,48,21.82,1049.06,Month-to-month,Credit card (automatic),No,2,48,Weekly,0
7877-GSBIW,12,87.18,1026.09,Month-to-month,Mailed check,Fiber optic,3,39,Rarely,1
5345-QPQEY,25,101.24,2646.2,Two year,Credit card (automatic),Fiber optic,1,6,Weekly,0
5109-HUZGQ,32,100.82,,Two year,Credit card (automatic),Fiber optic,1,4,Daily,0
5107-BQLBR,70,47.9,3312.39,One year,Credit card (automatic),DSL,1,23,Weekly,0
8762-ZCXVO,8,50.99,413.43,One year,Bank transfer (automatic),DSL,0,4,Daily,0
4476-XISSP,68,41.08,2830.92,Two year,Mailed check,DSL,1,1,Daily,0
3519-VWUPZ,3,21.37,61.57,Month-to-month,Mailed check,No,1,31,Weekly,0
4254-OQEIX,10,92.96,900.93,One year,Bank transfer (automatic),Fiber optic,2,12,Rarely,0
2753-MNVIG,72,75.1,5136.85,One year,Electronic check,Fiber optic,3,6,Rarely,0
4523-AGNSI,12,42.92,494.39,Month-to-month,Bank transfer (automatic),DSL,1,30,Weekly,1
2026-LFVND,38,20.51,767.13,Month-to-month,Mailed check,No,0,88,Rarely,1
1807-PIWGW,17,22.19,394.15,Two year,Bank transfer (automatic),No,0,11,Daily,0
7513-SDTSL,49,25.88,1306.08,One year,Credit card (automatic),No,0,60,Weekly,0
1696-EMPDI,56,114.38,6230.93,Two year,Credit card (automatic),Fiber optic,0,45,Weekly,0
6113-SOZFU,9,89.32,773.03,Month-to-month,Electronic check,Fiber optic,1,90,Weekly,1
8018-LFYQN,67,96.97,6821.0,One year,Bank transfer (automatic),Fiber optic,0,7,Daily,0
7519-HWACE,2,64.74,132.33,Month-to-month,Bank transfer (automatic),DSL,1,9,Daily,0
5014-QCUFR,24,86.64,2084.21,One year,Electronic check,Fiber optic,1,5,Weekly,0
2742-UWHBT,62,111.56,7247.62,One year,Bank transfer (automatic),Fiber optic,1,10,Weekly,0
9375-LYEOD,58,84.14,5101.73,One year,Bank transfer (automatic),Fiber optic,3,12,Daily,0
8515-MATPC,28,90.71,2442.31,Month-to-month,Credit card (automatic),Fiber optic,1,72,Rarely,1
6509-MLRML,49,80.72,4009.07,One year,Mailed check,DSL,0,4,Weekly,0
1780-VNVXW,29,86.78,2564.42,Month-to-month,Credit card (automatic),Fiber optic,4,33,Weekly,1
1316-YSONF,54,94.79,5304.79,Two year,Electronic check,Fiber optic,0,49,Rarely,0
3836-VSWSM,7,112.22,785.43,Month-to-month,Mailed check,Fiber optic,4,55,Weekly,1
2417-HZTWP,8,20.96,170.7,Two year,Bank transfer (automatic),No,1,19,Daily,0
8742-NABSF,61,83.24,5003.8,Two year,Bank transfer (automatic),DSL,1,17,Weekly,0
2852-CUQCM,3,79.87,237.24,Month-to-month,Electronic check,Fiber optic,2,50,Rarely,1
3543-MAPKW,15,103.18,1557.49,Two year,Mailed check,Fiber optic,3,5,Daily,1
9780-DWATU,58,72.91,4107.88,Month-to-month,Electronic check,Fiber optic,1,69,Weekly,0
8363-KHDIR,31,22.53,718.84,Two year,Credit card (automatic),No,2,9,Daily,0
2968-SEAOP,9,77.73,699.39,Month-to-month,Credit card (automatic),Fiber optic,5,2,Daily,1
4451-ZTOPQ,11,23.21,264.28,Month-to-month,Mailed check,No,0,7,Daily,0
5641-LRFVW,2,67.37,138.61,Two year,Credit card (automatic),DSL,0,2,Rarely,0
6977-LLMVE,9,21.62,195.79,Month-to-month,Mailed check,No,2,19,Weekly,0
9424-IPSHD,3,25.44,77.75,One year,Mailed check,No,0,8,Weekly,0
8839-NQTAA,54,80.0,4470.41,One year,Credit card (automatic),DSL,1,31,Rarely,0
9793-KOAEK,3,105.65,311.84,Month-to-month,Credit card (automatic),Fiber optic,5,22,Weekly,1
1365-HSAXE,60,104.9,6438.13,One year,Mailed check,Fiber optic,2,9,Rarely,0
3127-LZRZA,56,19.01,1109.68,One year,Electronic check,No,2,4,Daily,0
6066-SBPIU,9,53.88,462.19,Month-to-month,Credit card (automatic),DSL,3,39,Rarely,1
1442-DXMNO,59,79.85,4710.83,Month-to-month,Bank transfer (automatic),Fiber optic,5,41,Rarely,1
4197-AISYZ,5,88.84,428.42,Month-to-month,Electronic check,Fiber optic,5,21,Daily,1
2382-NGMMK,38,44.02,1653.6,Month-to-month,Electronic check,DSL,0,1,Daily,0
9395-JWKAS,54,20.89,1165.15,Two year,Bank transfer (automatic),No,1,35,Weekly,0
1569-RJQYY,58,97.69,5495.48,One year,Bank transfer (automatic),Fiber optic,2,3,Weekly,0
2335-UPANV,11,78.06,818.81,Month-to-month,Electronic check,Fiber optic,2,19,Rarely,1
2755-VUZNC,1,19.29,18.87,Month-to-month,Bank transfer (automatic),No,0,28,Weekly,0
2337-MIVUL,11,23.8,269.12,Month-to-month,Electronic check,No,4,8,Daily,0
6116-KEBIG,48,20.35,938.47,Two year,Mailed check,No,1,7,Daily,0
4278-GZROE,2,61.0,123.05,Month-to-month,Electronic check,DSL,0,2,Daily,0
9211-VQNMO,37,24.79,939.48,One year,Credit card (automatic),No,3,7,Daily,0
3347-VSMRY,6,56.41,340.84,Month-to-month,Electronic check,DSL,1,21,Daily,1
5834-IXPEZ,3,74.78,234.1,Month-to-month,Electronic check,Fiber optic,0,2,Weekly,1
6940-RKFXV,38,24.39,950.66,Month-to-month,Bank transfer (automatic),No,2,9,Weekly,0
6633-BQCHO,2,72.97,139.93,Month-to-month,Electronic check,DSL,1,47,Rarely,1
8166-GNLPU,30,67.07,2083.67,One year,Bank transfer (automatic),DSL,3,23,Daily,0
2816-EUFAL,17,22.53,384.84,Month-to-month,Electronic check,No,3,28,Weekly,1
5566-HEKWP,34,73.6,2619.44,Month-to-month,Electronic check,DSL,1,25,Weekly,1
8204-SDBIU,13,55.25,753.1,Two year,Mailed check,DSL,0,3,Weekly,0
8766-XCMKT,2,54.17,104.7,One year,Credit card (automatic),DSL,2,11,Rarely,1
6559-FMWMU,57,100.43,5580.51,Two year,Electronic check,Fiber optic,0,1,Daily,0
6866-QPGZG,30,78.07,2378.05,Month-to-month,Electronic check,Fiber optic,1,67,Rarely,1
8776-YZNWS,36,100.71,3464.48,Month-to-month,Bank transfer (automatic),Fiber optic,2,24,Weekly,1
6623-TBDBA,6,25.0,148.51,Month-to-month,Credit card (automatic),No,3,12,Weekly,1
9538-VEAYH,0,94.98,,Month-to-month,Mailed check,Fiber optic,3,13,Weekly,0
2148-VYNYZ,51,74.02,3784.81,Two year,Mailed check,Fiber optic,0,11,Daily,0
4130-DDJOU,61,102.15,6126.05,One year,Electronic check,Fiber optic,3,41,Weekly,1
2009-EFHHY,2,25.02,48.47,Month-to-month,Mailed check,No,1,4,Weekly,0
1815-KWBCU,1,48.05,49.25,Month-to-month,Electronic check,DSL,0,45,Rarely,1
5246-GCPDB,5,23.09,120.42,Month-to-month,Electronic check,No,1,3,Weekly,0
3033-KONPA,66,48.07,3307.28,One year,Bank transfer (automatic),DSL,1,4,Daily,0
4664-HIHOF,10,24.65,235.78,Month-to-month,Mailed check,No,2,5,Weekly,0
4940-QYRKL,54,20.4,1054.86,Two year,Bank transfer (automatic),No,1,9,Weekly,0
6587-PSHAS,0,67.95,,Month-to-month,Bank transfer (automatic),DSL,3,6,Weekly,1
9510-RCQBQ,70,66.11,4837.46,Two year,Electronic check,DSL,0,13,Weekly,0
8643-TASDG,7,56.24,382.64,One year,Mailed check,DSL,2,15,Weekly,1
4404-SJZYZ,4,113.67,440.93,Month-to-month,Mailed check,Fiber optic,0,4,Daily,1
3929-CEEPL,12,113.71,1376.75,Month-to-month,Electronic check,Fiber optic,3,34,Weekly,0
7936-THFQQ,8,54.64,429.13,Month-to-month,Credit card (automatic),DSL,2,15,Daily,0
2112-RINYP,69,55.01,3878.51,Month-to-month,Credit card (automatic),DSL,1,12,Daily,0
5863-YLBTL,17,101.76,1679.01,One year,Credit card (automatic),Fiber optic,1,2,Daily,0
4806-BDIER,5,52.06,268.27,Month-to-month,Bank transfer (automatic),DSL,0,8,Weekly,0
2645-PICCY,53,84.74,4393.48,Two year,Credit card (automatic),Fiber optic,2,18,Rarely,0
6547-ICSWD,9,39.95,346.58,Month-to-month,Electronic check,DSL,3,19,Weekly,0
3886-YSGUK,5,43.32,213.18,Month-to-month,Credit card (automatic),DSL,0,6,Daily,0
2670-QDGUU,9,69.27,593.49,One year,Credit card (automatic),DSL,0,6,Weekly,0
6878-AFPXR,47,53.76,2563.34,One year,Electronic check,DSL,1,5,Daily,0
2567-SKBTU,51,42.74,2085.53,One year,Bank transfer (automatic),DSL,0,3,Daily,0
7055-LNGLG,6,81.79,473.45,Two year,Electronic check,DSL,2,17,Rarely,0
2458-KDPGS,50,52.6,2707.17,One year,Bank transfer (automatic),DSL,1,16,Weekly,0
4912-NXFHG,4,80.14,320.74,Month-to-month,Credit card (automatic),Fiber optic,4,12,Daily,1
8271-QCRVR,1,95.33,96.22,Month-to-month,Electronic check,Fiber optic,0,27,Weekly,1
3057-DMNKM,64,110.29,6904.17,Two year,Mailed check,Fiber optic,1,21,Weekly,0
7907-TVHIF,50,25.04,1311.13,Two year,Electronic check,No,2,3,Daily,0
7496-KOSGF,38,84.8,3379.34,One year,Bank transfer (automatic),Fiber optic,1,20,Weekly,0
9123-ACBFS,5,73.14,360.79,Month-to-month,Electronic check,DSL,2,1,Daily,0
2519-UZOLX,6,95.37,588.7,Two year,Credit card (automatic),Fiber optic,2,13,Weekly,0
7435-DQVNG,65,98.87,6620.77,Two year,Electronic check,Fiber optic,1,22,Daily,0
9429-QZGOB,45,91.34,4280.35,Two year,Electronic check,Fiber optic,2,5,Daily,0
7866-GTMFI,25,47.15,1221.39,Month-to-month,Credit card (automatic),DSL,1,90,Rarely,0
2690-DUYCG,7,24.65,171.5,Month-to-month,Bank transfer (automatic),No,0,14,Daily,1
8398-WWTSW,58,64.03,3662.11,Two year,Mailed check,DSL,1,42,Rarely,0
1965-JXXFB,8,89.49,747.06,Month-to-month,Bank transfer (automatic),Fiber optic,4,20,Rarely,1
6299-NTWDJ,22,102.75,2239.72,Month-to-month,Credit card (automatic),Fiber optic,2,46,Weekly,1
5478-TBSHA,70,21.69,1521.36,Two year,Credit card (automatic),No,1,25,Daily,0
5779-GTWCM,6,24.87,143.19,Month-to-month,Mailed check,No,2,89,Rarely,1
5675-FRUZJ,26,19.52,497.07,Month-to-month,Mailed check,No,2,17,Weekly,0
1283-HITLA,31,71.45,2140.29,Month-to-month,Mailed check,Fiber optic,3,7,Daily,0
5573-YCYEN,41,97.62,3835.26,Month-to-month,Bank transfer (automatic),Fiber optic,2,17,Weekly,1
9429-IRKJM,62,50.81,3109.51,Month-to-month,Electronic check,DSL,2,30,Weekly,0
4929-ZGFBT,24,75.73,1820.33,One year,Electronic check,Fiber optic,3,12,Daily,1
3491-RPAUV,9,18.73,173.28,Month-to-month,Mailed check,No,2,90,Rarely,1
9952-YYGSK,9,74.44,677.18,Month-to-month,Credit card (automatic),DSL,3,11,Daily,1
1890-PIRYQ,13,83.15,1116.02,One year,Electronic check,DSL,1,5,Rarely,1
5376-XYDZV,6,23.12,135.01,Month-to-month,Mailed check,No,0,7,Daily,0
5612-LPQUU,70,74.54,5371.76,Two year,Electronic check,DSL,1,10,Rarely,0
5301-CAGNW,11,77.57,815.01,Month-to-month,Bank transfer (automatic),DSL,1,34,Weekly,1
9294-QDSMJ,10,24.54,239.93,Two year,Credit card (automatic),No,2,1,Daily,0
4795-UHQEJ,12,85.85,1024.4,One year,Electronic check,Fiber optic,1,14,Rarely,1
9758-OQXHX,68,18.52,1316.93,Two year,Bank transfer (automatic),No,0,6,Daily,0
1601-VJDGR,59,67.89,3841.57,Month-to-month,Bank transfer (automatic),DSL,1,12,Weekly,0
7604-UPSCN,29,82.59,2338.25,Two year,Credit card (automatic),DSL,2,19,Daily,0
6336-WKXDZ,12,79.83,924.66,Month-to-month,Electronic check,DSL,3,58,Rarely,1
3164-UQQYJ,60,39.22,2335.62,One year,Credit card (automatic),DSL,2,4,Daily,0
3051-EXCRG,70,113.85,7833.13,One year,Credit card (automatic),Fiber optic,6,2,Daily,0
7476-YZMNL,32,70.53,2164.9,One year,Credit card (automatic),Fiber optic,0,36,Weekly,0
6737-LYHYQ,65,95.77,6213.37,One year,Bank transfer (automatic),Fiber optic,3,9,Rarely,1
6499-YPVMM,58,111.35,6448.96,Two year,Electronic check,Fiber optic,2,3,Daily,0
1457-GFAJZ,6,58.14,353.38,Month-to-month,Mailed check,DSL,2,26,Weekly,0
6380-YRJNT,9,103.17,960.19,Month-to-month,Electronic check,Fiber optic,0,48,Rarely,1
9831-AXWZC,31,49.69,1613.3,Month-to-month,Electronic check,DSL,1,8,Daily,0
1155-YPOEM,16,83.63,1285.07,One year,Credit card (automatic),DSL,0,7,Daily,0
5220-JZIFY,72,18.83,1333.85,Two year,Credit card (automatic),No,0,3,Daily,0
5448-EXZHR,18,23.24,438.08,One year,Electronic check,No,2,16,Weekly,0
9069-UNSDN,0,40.6,,Month-to-month,Mailed check,DSL,5,15,Weekly,1
3545-NOYVP,12,40.92,485.98,One year,Electronic check,DSL,1,3,Daily,0
5279-KKAOG,45,83.11,3715.6,Month-to-month,Electronic check,Fiber optic,3,1,Weekly,1
7454-XUXZK,5,70.74,365.82,Month-to-month,Credit card (automatic),Fiber optic,4,7,Rarely,1
1542-LPLHS,0,20.06,,Month-to-month,Credit card (automatic),No,1,28,Weekly,1
8209-LYFLN,1,77.47,75.88,Month-to-month,Mailed check,Fiber optic,2,1,Weekly,1
8399-XPBIX,54,80.95,4287.74,Two year,Credit card (automatic),DSL,1,3,Daily,0
7476-HIDSD,12,72.01,881.39,Month-to-month,Electronic check,Fiber optic,1,49,Rarely,1
6833-JSXFI,9,67.14,578.13,Month-to-month,Bank transfer (automatic),DSL,2,0,Rarely,1
7727-DLZHG,64,102.52,6788.28,Two year,Electronic check,Fiber optic,2,7,Daily,0
8035-KXOPU,9,109.82,939.65,Month-to-month,Mailed check,Fiber optic,7,33,Rarely,1
9129-SPONE,49,21.26,1037.68,One year,Bank transfer (automatic),No,0,9,Weekly,0
4853-KWBVO,11,47.35,536.09,Month-to-month,Electronic check,DSL,1,56,Rarely,1
5104-JCTAO,64,75.91,5059.5,Two year,Electronic check,Fiber optic,1,0,Weekly,0
6740-EXEUO,9,45.56,415.25,Two year,Electronic check,DSL,0,13,Daily,0
2737-BSWFZ,5,22.43,112.5,Month-to-month,Mailed check,No,1,47,Rarely,1
8705-UTIDL,8,66.45,542.09,Month-to-month,Electronic check,DSL,2,18,Weekly,0
7933-UPQUI,68,75.27,5293.47,Two year,Electronic check,DSL,2,3,Daily,0
6678-AWPOO,54,76.01,3904.64,One year,Electronic check,DSL,0,21,Daily,0
3714-WURUH,3,24.82,75.25,Month-to-month,Electronic check,No,1,28,Weekly,0
4128-SZGOR,6,46.35,285.52,Month-to-month,Mailed check,DSL,0,28,Weekly,1
4914-NZKFD,8,106.15,885.33,Month-to-month,Electronic check,Fiber optic,1,14,Weekly,1
6962-WRPLK,8,42.35,335.4,Two year,Bank transfer (automatic),DSL,0,48,Rarely,0
8001-YRZUT,7,112.71,820.67,Two year,Electronic check,Fiber optic,0,48,Rarely,0
7046-OGQSN,62,22.44,1409.37,Two year,Electronic check,No,0,8,Weekly,0
9368-AYVJM,12,68.51,808.42,One year,Mailed check,DSL,0,0,Daily,0
9644-DYFJL,62,100.06,6503.62,Two year,Electronic check,Fiber optic,0,11,Daily,0
7343-GQZWN,2,97.06,185.55,Month-to-month,Electronic check,Fiber optic,2,42,Rarely,1
4337-DWGXK,71,95.38,7022.38,Month-to-month,Bank transfer (automatic),Fiber optic,5,24,Daily,1
6391-NLLEO,31,81.42,2531.18,One year,Electronic check,DSL,1,9,Rarely,0
4825-KWMZH,6,55.03,332.98,Month-to-month,Bank transfer (automatic),DSL,2,18,Weekly,1
6661-IATBH,64,24.34,1609.53,Two year,Electronic check,No,2,31,Rarely,0
8308-XPOUU,6,87.55,547.74,Month-to-month,Electronic check,Fiber optic,2,20,Daily,1
4323-XRLDJ,55,41.11,2350.47,One year,Electronic check,DSL,0,12,Daily,0
5551-SGRDB,63,56.39,3540.67,Two year,Electronic check,DSL,1,65,Rarely,0
1410-JFWJK,56,77.32,4421.74,Two year,Bank transfer (automatic),Fiber optic,0,27,Weekly,0
7628-KIXTE,72,21.8,1609.21,One year,Bank transfer (automatic),No,0,20,Weekly,0
5408-FCGRY,6,19.12,112.96,Month-to-month,Electronic check,No,0,90,Weekly,1
5136-MCBKG,14,108.09,1483.51,Two year,Electronic check,Fiber optic,1,14,Weekly,0
5791-ODFOH,63,22.93,1491.04,Two year,Mailed check,No,2,13,Weekly,0
2939-JFBII,2,71.84,144.19,Month-to-month,Electronic check,Fiber optic,2,28,Weekly,1
6381-XXLHK,26,101.31,2561.12,Two year,Mailed check,Fiber optic,3,46,Rarely,1
7706-PKTZK,3,116.3,362.18,Month-to-month,Credit card (automatic),Fiber optic,3,40,Rarely,1
4146-DDWKI,39,18.97,739.44,One year,Bank transfer (automatic),No,0,23,Weekly,0
2180-QYLIW,6,55.41,344.83,Month-to-month,Electronic check,DSL,2,9,Weekly,1
4481-CVNAF,9,113.4,986.38,Month-to-month,Electronic check,Fiber optic,0,9,Weekly,0
2787-RTFRZ,65,71.62,4837.31,One year,Mailed check,Fiber optic,1,11,Rarely,0
4365-RSFQS,72,81.26,5794.94,One year,Credit card (automatic),DSL,3,20,Daily,0
6640-CIWZE,5,25.92,126.91,Month-to-month,Electronic check,No,0,31,Rarely,0
2020-TNPNW,12,21.42,253.67,Month-to-month,Electronic check,No,4,90,Rarely,1
7724-LPROW,50,92.55,4675.06,Two year,Mailed check,Fiber optic,0,24,Weekly,0
3021-GYRYJ,11,25.91,279.32,Month-to-month,Mailed check,No,1,65,Rarely,1
9051-MBYVH,43,41.76,1821.47,One year,Credit card (automatic),DSL,1,1,Daily,0
7591-BSRNE,67,20.89,1400.2,Month-to-month,Mailed check,No,1,31,Rarely,0
3453-XLSWO,10,41.92,425.72,Month-to-month,Electronic check,DSL,0,19,Weekly,0
6068-CXRXP,11,73.33,793.51,Month-to-month,Bank transfer (automatic),DSL,0,19,Weekly,0
1996-XWFEE,7,101.58,693.95,Month-to-month,Electronic check,Fiber optic,1,8,Rarely,1
1897-UGLUL,6,111.88,682.95,Month-to-month,Credit card (automatic),Fiber optic,5,8,Rarely,1
9603-BJCKT,34,79.23,2701.71,Month-to-month,Mailed check,Fiber optic,3,90,Rarely,1
8221-NRCTL,11,96.44,1022.9,One year,Credit card (automatic),Fiber optic,1,41,Rarely,0
2389-HQDMK,57,23.85,1380.23,Two year,Electronic check,No,2,2,Daily,0
3543-EYJBL,64,83.67,5235.4,Two year,Bank transfer (automatic),Fiber optic,3,32,Rarely,0
2778-ZRQXC,3,25.17,74.49,Month-to-month,Bank transfer (automatic),No,1,4,Daily,0
4556-OIRWC,27,48.1,1344.83,One year,Electronic check,DSL,1,37,Rarely,0
3621-EYMID,29,19.39,545.57,Month-to-month,Mailed check,No,2,22,Weekly,0
3952-JAFEC,29,20.61,593.55,Month-to-month,Bank transfer (automatic),No,0,17,Weekly,0
5763-ZUYGH,32,24.48,750.92,Month-to-month,Bank transfer (automatic),No,0,26,Daily,0
2701-HOEGZ,12,104.64,1249.44,Month-to-month,Electronic check,Fiber optic,3,50,Daily,1
8944-JUFYS,0,25.18,,Month-to-month,Electronic check,No,0,0,Daily,0
7548-WNXJM,3,67.37,203.29,One year,Electronic check,DSL,1,25,Weekly,1
7844-BEUIC,6,81.24,505.39,Month-to-month,Electronic check,DSL,2,0,Daily,0
2525-HJSCA,33,96.35,3192.93,Month-to-month,Bank transfer (automatic),Fiber optic,2,90,Rarely,1
7372-SDKRN,72,25.39,1747.39,Two year,Electronic check,No,1,3,Daily,0
8525-DSBGC,35,25.03,876.44,Month-to-month,Electronic check,No,4,7,Daily,1
2576-NRQDI,65,92.96,5880.85,One year,Electronic check,Fiber optic,1,0,Daily,0
7760-DIFTT,41,70.31,2863.29,Month-to-month,Credit card (automatic),Fiber optic,2,1,Daily,0
4218-VFAAV,6,117.81,688.28,One year,Mailed check,Fiber optic,1,25,Weekly,1
8087-XFWNE,55,61.87,3271.18,Two year,Bank transfer (automatic),DSL,1,5,Weekly,0
5305-IGTEE,3,105.94,308.66,Month-to-month,Credit card (automatic),Fiber optic,2,47,Rarely,1
8219-SHGVY,0,59.8,,Month-to-month,Bank transfer (automatic),DSL,0,19,Weekly,0
2326-OVVPV,64,87.56,5784.83,Two year,Electronic check,Fiber optic,2,26,Rarely,0
4501-AAWDS,17,55.48,968.57,Month-to-month,Bank transfer (automatic),DSL,1,34,Rarely,1
3460-KURBI,58,55.34,3061.02,Two year,Credit card (automatic),DSL,0,30,Weekly,0
3235-SXUXY,10,98.1,1008.16,Month-to-month,Mailed check,Fiber optic,1,30,Daily,1
3774-XPINU,53,109.18,5515.0,One year,Credit card (automatic),Fiber optic,1,5,Daily,0
4441-LVSFX,12,22.77,261.65,Month-to-month,Bank transfer (automatic),No,1,90,Rarely,1
2145-WPFFV,7,95.51,686.07,Month-to-month,Bank transfer (automatic),Fiber optic,3,40,Rarely,1
7363-AMQGW,50,53.11,2627.14,Two year,Mailed check,DSL,1,38,Rarely,0
5951-NBIKF,25,92.45,2269.99,Month-to-month,Mailed check,Fiber optic,2,38,Rarely,0
8462-YJNNF,45,47.27,2100.65,Month-to-month,Electronic check,DSL,1,90,Weekly,1
7344-OJAKP,63,106.12,6701.71,One year,Credit card (automatic),Fiber optic,3,10,Weekly,0
2341-DURIP,55,107.98,6002.18,Two year,Credit card (automatic),Fiber optic,1,7,Daily,0
1629-HQEPB,12,49.97,609.85,Month-to-month,Electronic check,DSL,0,44,Rarely,1
4804-AGEME,9,97.5,842.06,One year,Bank transfer (automatic),Fiber optic,1,11,Daily,0
5329-GCXTF,60,20.64,1196.84,One year,Bank transfer (automatic),No,3,22,Weekly,0
3162-DWRXE,15,83.96,1251.11,Month-to-month,Electronic check,DSL,1,38,Weekly,1
8039-JDLEA,36,20.74,773.83,Month-to-month,Bank transfer (automatic),No,2,82,Weekly,1
6233-NZQTV,9,111.91,1033.65,One year,Electronic check,Fiber optic,3,24,Rarely,1
7731-ZDGQV,11,71.21,758.77,Month-to-month,Electronic check,DSL,1,6,Weekly,0
1980-USIJC,69,116.83,7889.92,One year,Electronic check,Fiber optic,2,7,Daily,0
8334-IEYCJ,20,104.89,2072.34,Month-to-month,Electronic check,Fiber optic,4,11,Weekly,1
2854-XYJMN,68,99.54,7012.33,Two year,Mailed check,Fiber optic,2,18,Daily,0
5033-VTNJJ,12,60.18,756.7,Month-to-month,Mailed check,DSL,3,4,Weekly,1
4953-QVBTM,3,22.03,63.29,Month-to-month,Bank transfer (automatic),No,0,21,Weekly,1
8384-DCIGC,28,18.51,517.6,One year,Credit card (automatic),No,1,5,Daily,0
3491-HVSFR,72,118.35,8404.02,Two year,Bank transfer (automatic),Fiber optic,0,32,Rarely,0
3166-LTGBI,6,97.53,574.75,Month-to-month,Mailed check,Fiber optic,0,40,Weekly,1
4056-ZOBZV,5,98.47,492.3,Month-to-month,Bank transfer (automatic),Fiber optic,2,7,Daily,0
4246-OTEPX,39,78.75,3138.42,Month-to-month,Credit card (automatic),Fiber optic,3,5,Daily,1
2634-LBTST,12,90.95,1101.28,One year,Bank transfer (automatic),Fiber optic,2,4,Weekly,0
2587-QDCUW,5,49.08,243.54,Month-to-month,Electronic check,DSL,2,6,Daily,1
3081-CPNJQ,33,80.61,2719.25,Month-to-month,Electronic check,Fiber optic,5,1,Daily,0
5206-XVDMY,1,64.19,63.62,Month-to-month,Electronic check,DSL,2,7,Daily,0
4089-GWMNG,46,20.31,948.43,Month-to-month,Credit card (automatic),No,2,12,Weekly,0
4528-XNOMC,5,69.66,336.73,Month-to-month,Bank transfer (automatic),DSL,2,16,Rarely,1
7470-UIGUF,51,88.27,4429.54,Two year,Mailed check,Fiber optic,2,0,Daily,0
3168-RMUBU,50,56.33,2835.84,Month-to-month,Mailed check,DSL,1,18,Weekly,0
9188-FWJAM,65,23.77,1609.62,One year,Credit card (automatic),No,0,10,Weekly,0
7765-BHSOS,27,102.53,2635.23,One year,Bank transfer (automatic),Fiber optic,3,40,Rarely,1
2572-WMOBH,31,89.58,2839.98,One year,Electronic check,Fiber optic,3,1,Daily,0
3824-SBJDW,8,81.78,653.19,Month-to-month,Mailed check,DSL,2,3,Daily,1
2651-OQRFB,23,85.92,2024.52,One year,Electronic check,Fiber optic,1,17,Weekly,0
3454-KEIIU,12,104.84,1209.62,Month-to-month,Credit card (automatic),Fiber optic,2,2,Daily,1
4289-IDYBF,59,24.45,1455.78,Two year,Bank transfer (automatic),No,1,26,Weekly,0
2177-JBXJU,1,20.14,19.98,Month-to-month,Electronic check,No,0,2,Weekly,0
1129-DNDGK,32,93.0,2919.91,Month-to-month,Electronic check,Fiber optic,0,21,Weekly,0
4948-WHTCG,42,39.96,1599.86,Two year,Mailed check,DSL,1,3,Daily,0
7308-PMNRC,39,54.18,2118.39,One year,Mailed check,DSL,2,11,Daily,0
3726-SWTHJ,5,83.09,408.88,Month-to-month,Electronic check,Fiber optic,4,9,Daily,1
8743-YUYXL,31,107.42,3470.55,One year,Bank transfer (automatic),Fiber optic,2,12,Weekly,0
4323-DFHVH,44,80.71,3640.41,Month-to-month,Electronic check,Fiber optic,3,59,Rarely,1
9106-JWERO,66,71.23,4507.03,Two year,Credit card (automatic),Fiber optic,3,7,Daily,0
3123-ZMNWZ,39,71.15,2722.12,One year,Credit card (automatic),Fiber optic,0,1,Weekly,0
5853-SSWZT,12,107.04,1253.62,One year,Mailed check,Fiber optic,2,11,Weekly,1
7867-HQGNL,59,76.95,4623.61,Two year,Mailed check,Fiber optic,1,6,Daily,0
1531-ZOYVW,12,23.33,282.06,Month-to-month,Electronic check,No,1,52,Daily,1
9369-EUGPM,8,48.27,380.71,Month-to-month,Electronic check,DSL,0,34,Rarely,1
4284-GZWOA,9,49.19,430.39,Month-to-month,Bank transfer (automatic),DSL,1,0,Daily,0
5480-EFZKB,35,76.1,2647.65,Month-to-month,Credit card (automatic),DSL,1,26,Rarely,1
6655-PYOLE,26,70.37,1784.05,Two year,Mailed check,DSL,0,90,Weekly,0
6786-WCYFD,37,101.74,3647.49,One year,Credit card (automatic),Fiber optic,2,34,Rarely,0
1212-JAAES,50,25.47,1313.7,One year,Credit card (automatic),No,0,10,Weekly,0
8803-VGQJL,20,112.21,2349.31,Month-to-month,Bank transfer (automatic),Fiber optic,5,12,Rarely,1
6611-IXNNW,7,24.85,178.39,Month-to-month,Electronic check,No,1,43,Rarely,1
9988-RDEIC,18,45.26,779.03,One year,Credit card (automatic),DSL,1,11,Weekly,0
5243-RMBKV,62,46.63,3017.83,Two year,Electronic check,DSL,2,10,Weekly,0
6521-XZXPY,29,84.18,2429.9,One year,Credit card (automatic),DSL,1,2,Daily,0
4969-YQKZK,45,97.96,4304.82,Month-to-month,Electronic check,Fiber optic,1,9,Rarely,1
9007-ECOAD,29,96.65,2879.03,One year,Mailed check,Fiber optic,1,27,Weekly,0
8490-GNMNN,39,62.26,2307.65,Month-to-month,Electronic check,DSL,2,25,Weekly,1
9176-ZFMPH,3,72.85,208.29,Month-to-month,Electronic check,DSL,2,6,Weekly,1
5538-EBIGF,66,22.96,1554.55,One year,Mailed check,No,1,6,Daily,0
8122-HSVNB,12,45.89,531.98,Month-to-month,Mailed check,DSL,3,24,Weekly,0
4228-TDBOL,6,43.71,261.53,Month-to-month,Bank transfer (automatic),DSL,3,62,Daily,0
5147-IZCBP,50,84.69,4245.0,One year,Mailed check,Fiber optic,1,28,Weekly,0
7841-KUBKD,63,112.2,7417.59,Two year,Bank transfer (automatic),Fiber optic,3,3,Weekly,0
1730-BMTEV,30,89.51,2639.5,Month-to-month,Bank transfer (automatic),Fiber optic,0,90,Rarely,1
7393-NMXIF,42,112.31,4624.49,Two year,Credit card (automatic),Fiber optic,3,2,Daily,0
1142-UCWVZ,52,22.8,1182.48,Two year,Credit card (automatic),No,0,31,Weekly,0
6225-LQWDH,7,25.47,178.0,Month-to-month,Electronic check,No,1,31,Rarely,1
5294-MQRYM,28,112.9,3176.49,Month-to-month,Mailed check,Fiber optic,1,14,Rarely,1
5217-EEULQ,20,21.32,442.53,Month-to-month,Electronic check,No,2,5,Daily,0
5448-OVFET,14,96.73,1382.53,Month-to-month,Electronic check,Fiber optic,0,35,Rarely,1
5426-LVDHY,14,23.82,345.55,One year,Electronic check,No,1,2,Weekly,0
4665-VBVBD,54,72.21,3855.1,Month-to-month,Credit card (automatic),Fiber optic,1,4,Daily,0
5061-XDHDP,12,46.36,571.4,One year,Bank transfer (automatic),DSL,0,19,Weekly,0
6112-BHIQM,12,105.41,1323.25,Two year,Credit card (automatic),Fiber optic,3,40,Weekly,1
7870-FMLJN,30,25.36,728.75,One year,Electronic check,No,2,7,Daily,0
5968-IIUGI,32,20.78,660.65,Month-to-month,Credit card (automatic),No,1,90,Weekly,0
6782-DSSRE,57,57.12,3287.22,Two year,Bank transfer (automatic),DSL,2,0,Daily,0
8528-LHTIK,68,112.41,7709.4,One year,Electronic check,Fiber optic,2,2,Weekly,0
9904-LTSVL,59,20.5,1211.08,Two year,Electronic check,No,0,13,Rarely,0
1977-VWNRX,64,114.91,7591.35,One year,Bank transfer (automatic),Fiber optic,3,2,Daily,0
7415-VHSLD,7,76.84,522.3,Month-to-month,Electronic check,Fiber optic,0,90,Weekly,1
3026-JZYUZ,1,20.39,21.34,Month-to-month,Electronic check,No,4,17,Weekly,1
2770-OTEHE,11,71.72,813.27,Month-to-month,Credit card (automatic),Fiber optic,3,11,Weekly,1
8136-YPYKK,64,43.3,2713.84,One year,Mailed check,DSL,2,1,Daily,0
1618-ROJIN,7,50.73,338.51,Month-to-month,Mailed check,DSL,0,11,Daily,0
8629-BEBEF,12,101.77,1248.22,Month-to-month,Mailed check,Fiber optic,4,40,Rarely,1
7934-BBVEO,39,79.74,2962.59,Month-to-month,Bank transfer (automatic),Fiber optic,2,24,Weekly,1
9952-CYGTQ,12,25.54,306.07,Month-to-month,Bank transfer (automatic),No,2,80,Rarely,1
7010-TQNUV,22,21.11,468.23,Two year,Credit card (automatic),No,0,4,Daily,0
8855-JYZSY,69,62.86,4544.97,Month-to-month,Bank transfer (automatic),DSL,2,38,Weekly,0
2066-COQYD,0,23.49,,Month-to-month,Credit card (automatic),No,2,41,Rarely,1
9008-UCJSH,44,45.27,2035.37,Month-to-month,Bank transfer (automatic),DSL,1,31,Rarely,0
2442-VYEGB,9,70.63,664.55,Month-to-month,Mailed check,DSL,3,33,Weekly,1
3828-SXPDE,10,75.85,755.69,Two year,Credit card (automatic),Fiber optic,2,11,Weekly,0
2153-AMSDW,8,110.07,847.16,Month-to-month,Electronic check,Fiber optic,2,66,Weekly,1
4614-GNROM,17,61.45,1005.28,Two year,Bank transfer (automatic),DSL,3,1,Daily,0
7740-ILGHT,29,74.34,2132.04,One year,Mailed check,Fiber optic,0,29,Daily,0
3412-WWIIB,28,23.81,654.98,One year,Electronic check,No,1,4,Daily,0
8398-HPGTB,51,73.71,3690.23,Month-to-month,Electronic check,Fiber optic,2,3,Weekly,0
6456-KHMAK,3,117.27,351.27,Two year,Bank transfer (automatic),Fiber optic,3,17,Rarely,1
6659-UWGLR,51,21.9,1121.07,Two year,Credit card (automatic),No,0,27,Daily,0
9448-MOIVQ,22,56.61,1216.21,Month-to-month,Mailed check,DSL,0,15,Daily,0
4886-YUJIC,11,53.47,584.65,Month-to-month,Mailed check,DSL,1,62,Rarely,1
4101-QTJAV,11,59.7,666.66,Month-to-month,Credit card (automatic),DSL,1,27,Daily,0
9949-FPBBX,8,74.93,602.85,Month-to-month,Electronic check,DSL,0,27,Weekly,0
6012-RACMR,12,62.93,774.42,Month-to-month,Electronic check,DSL,1,16,Weekly,1
6530-LWQPH,11,68.59,737.45,Two year,Electronic check,DSL,1,75,Rarely,1
3666-RWBTW,0,72.78,,One year,Electronic check,Fiber optic,1,3,Weekly,1
2938-LTJFV,58,78.18,4558.68,One year,Mailed check,DSL,0,55,Weekly,0
2528-ITIKR,68,63.31,4480.71,One year,Electronic check,DSL,2,15,Weekly,0
3011-IVBAC,21,95.41,2026.05,One year,Electronic check,Fiber optic,0,4,Daily,0
2756-GBJAT,51,82.24,4105.26,Two year,Electronic check,Fiber optic,2,13,Weekly,1
7719-DZWSU,57,73.75,4009.07,Two year,Electronic check,Fiber optic,0,3,Daily,0
1521-UVOQM,35,54.46,1908.9,Two year,Mailed check,DSL,1,2,Daily,0
6663-QJDYS,27,109.7,3095.35,One year,Electronic check,Fiber optic,2,12,Weekly,1
9542-SHUNB,18,22.6,413.6,One year,Bank transfer (automatic),No,2,4,Daily,0
7889-YZWMG,72,51.13,3653.56,Month-to-month,Bank transfer (automatic),DSL,0,1,Weekly,0
4625-ATXCR,57,98.77,5391.65,Two year,Bank transfer (automatic),Fiber optic,3,7,Rarely,0
1534-AUAZE,7,87.04,585.91,Month-to-month,Mailed check,Fiber optic,4,19,Weekly,1
8506-KSWJZ,72,80.85,5963.02,Two year,Mailed check,Fiber optic,1,24,Weekly,0
1028-AMZHN,0,73.03,,Month-to-month,Bank transfer (automatic),DSL,0,25,Rarely,1
7131-LKTNS,9,46.69,411.5,Month-to-month,Electronic check,DSL,1,90,Rarely,1
7037-NZMUP,19,98.37,1818.72,Month-to-month,Electronic check,Fiber optic,4,1,Weekly,1
2727-UXFHH,58,105.58,6366.89,Two year,Mailed check,Fiber optic,1,5,Daily,0
7658-MMAXW,2,18.96,37.18,Month-to-month,Credit card (automatic),No,0,18,Rarely,0
2578-PHVHH,3,71.0,206.12,Month-to-month,Mailed check,DSL,1,80,Weekly,1
3030-ZYPED,70,39.53,2730.36,Two year,Electronic check,DSL,2,23,Weekly,0
8307-ZGRJM,10,109.37,1116.72,Month-to-month,Electronic check,Fiber optic,2,49,Weekly,1
9811-ZPLKF,55,83.49,4552.58,Two year,Electronic check,Fiber optic,5,8,Weekly,0
3382-OOCKQ,21,77.45,1669.57,One year,Credit card (automatic),Fiber optic,2,4,Weekly,0
9291-BZWQA,23,45.0,1053.84,One year,Electronic check,DSL,3,1,Daily,0
9218-NXAUV,3,91.13,269.44,Two year,Credit card (automatic),Fiber optic,0,1,Daily,0
7923-BFSXU,64,20.66,1371.84,One year,Credit card (automatic),No,2,42,Weekly,0
2260-NPNPU,71,22.02,1496.8,Two year,Mailed check,No,1,1,Daily,0
3694-BFBUS,12,24.84,305.09,Month-to-month,Mailed check,No,3,41,Weekly,1
7098-BCGGN,39,75.09,2930.8,Two year,Electronic check,Fiber optic,1,3,Daily,0
9991-MJEQU,61,20.45,1225.06,Two year,Bank transfer (automatic),No,1,20,Weekly,0
8329-QUXVQ,6,75.5,448.86,Month-to-month,Electronic check,Fiber optic,4,14,Weekly,1
4781-BILSW,21,68.31,1447.1,One year,Electronic check,DSL,2,5,Daily,0
3117-QJUSU,55,23.17,1245.48,Month-to-month,Electronic check,No,0,5,Daily,0
9642-PQJKH,35,78.03,2760.25,One year,Mailed check,DSL,0,22,Rarely,0
3485-GQJDA,59,72.56,4293.9,Month-to-month,Electronic check,DSL,4,32,Rarely,0
4079-WLOXC,0,71.18,,Month-to-month,Mailed check,DSL,0,31,Rarely,1
9679-YSQLS,62,77.78,4667.75,Two year,Electronic check,Fiber optic,3,10,Weekly,0
6054-FHYHS,59,109.73,6381.21,Two year,Credit card (automatic),Fiber optic,1,52,Rarely,0
3381-YPHWV,0,70.35,,Month-to-month,Mailed check,Fiber optic,4,14,Daily,1
1048-OCLLE,18,71.89,1323.46,One year,Bank transfer (automatic),DSL,0,70,Rarely,1
4869-KDSLS,29,76.47,2181.27,Two year,Electronic check,DSL,1,4,Daily,0
9873-LSTEL,68,49.42,3295.24,Two year,Bank transfer (automatic),DSL,1,5,Daily,0
4892-TPFVF,4,53.34,221.75,Month-to-month,Electronic check,DSL,1,6,Daily,0
7295-ZSIFX,4,50.14,192.72,Month-to-month,Bank transfer (automatic),DSL,1,1,Daily,0
3277-NUVBR,70,76.7,5491.01,Two year,Mailed check,DSL,1,2,Daily,0
7979-IXFAR,25,21.66,557.98,Month-to-month,Bank transfer (automatic),No,0,26,Weekly,0
7981-OOGMZ,45,21.23,932.55,One year,Electronic check,No,2,0,Daily,0
6474-TZIWJ,34,94.36,3188.06,One year,Credit card (automatic),Fiber optic,2,3,Daily,0
7945-YWEZP,51,105.43,5387.59,Two year,Mailed check,Fiber optic,2,2,Daily,0
6208-UPFZC,4,23.45,96.34,Month-to-month,Bank transfer (automatic),No,1,49,Rarely,1
4404-VFUKG,72,104.33,7792.72,Two year,Electronic check,Fiber optic,3,1,Daily,0
7640-GIXUR,34,25.61,861.39,One year,Bank transfer (automatic),No,0,5,Daily,0
8515-QKXHY,58,20.41,1165.83,Two year,Credit card (automatic),No,0,11,Weekly,0
8568-JIMTS,6,48.52,286.79,Month-to-month,Credit card (automatic),DSL,1,19,Weekly,1
2917-TCEWZ,39,68.89,2604.9,Two year,Credit card (automatic),DSL,2,14,Daily,0
7088-DXGZZ,48,45.72,2097.04,Month-to-month,Mailed check,DSL,2,18,Weekly,0
1038-QEUCI,52,101.21,5467.68,One year,Electronic check,Fiber optic,2,3,Daily,0
6147-QBKUC,11,25.67,277.06,Two year,Electronic check,No,0,14,Weekly,0
6139-JARCH,35,60.09,2000.33,Month-to-month,Bank transfer (automatic),DSL,0,4,Daily,0
4271-NFGVU,0,20.11,,Month-to-month,Electronic check,No,2,13,Weekly,1
9945-CWMDX,5,118.25,617.41,Month-to-month,Electronic check,Fiber optic,1,18,Weekly,1
8945-IIDXH,51,88.57,4318.81,Two year,Electronic check,Fiber optic,1,12,Weekly,0
1347-PGXUN,71,75.52,5464.88,Two year,Electronic check,Fiber optic,4,56,Rarely,0
2879-IRMYR,24,90.18,2225.11,Two year,Mailed check,Fiber optic,3,3,Daily,0
2871-AVFHL,6,74.25,456.56,Month-to-month,Bank transfer (automatic),Fiber optic,4,4,Daily,0
9077-FYZEI,4,19.12,75.21,Month-to-month,Mailed check,No,1,29,Weekly,0
5669-JRPRA,9,72.3,659.78,Month-to-month,Mailed check,Fiber optic,3,71,Rarely,1
7559-NFFUD,8,59.89,468.66,Two year,Credit card (automatic),DSL,1,21,Daily,0
8288-AMTNE,52,92.26,4757.48,Two year,Electronic check,Fiber optic,0,1,Daily,0
7907-UJSFX,12,105.57,1308.77,Month-to-month,Bank transfer (automatic),Fiber optic,1,8,Daily,1
1801-HZJSN,12,22.58,273.85,Month-to-month,Mailed check,No,1,19,Daily,1
2262-BCKFP,57,78.57,4464.41,One year,Mailed check,DSL,0,25,Rarely,0
4556-DPFEJ,9,79.15,725.67,Month-to-month,Credit card (automatic),DSL,0,47,Rarely,0
4045-PKJII,30,78.29,2405.13,One year,Electronic check,Fiber optic,1,40,Weekly,1
7722-KVPKT,47,18.81,922.09,One year,Credit card (automatic),No,0,42,Weekly,0
2405-NYOFO,5,104.26,535.29,Month-to-month,Mailed check,Fiber optic,3,83,Rarely,1
4343-UFFPW,43,39.46,1693.17,Month-to-month,Credit card (automatic),DSL,1,11,Weekly,0
3128-INRRD,46,89.1,3983.03,One year,Mailed check,Fiber optic,1,1,Daily,0
2699-KZXUA,38,72.62,2751.4,One year,Electronic check,Fiber optic,2,11,Daily,0
2555-KBHWK,6,92.26,550.23,Month-to-month,Bank transfer (automatic),Fiber optic,4,26,Weekly,1
2759-ESTRV,5,91.81,463.6,Month-to-month,Credit card (automatic),Fiber optic,6,26,Weekly,1
6078-SQXIL,30,111.02,3372.38,Two year,Electronic check,Fiber optic,2,10,Rarely,1
4690-ORMLE,2,68.7,133.51,Month-to-month,Credit card (automatic),DSL,3,62,Rarely,0
4917-QDMKU,3,57.52,177.84,Month-to-month,Bank transfer (automatic),DSL,2,29,Rarely,1
5314-MANFJ,6,94.7,563.27,Month-to-month,Credit card (automatic),Fiber optic,0,46,Weekly,1
7668-HEYGN,4,64.26,264.42,Month-to-month,Credit card (automatic),DSL,0,10,Weekly,0
8755-VJYKY,8,49.4,376.06,Month-to-month,Electronic check,DSL,0,13,Weekly,0
5737-LAWWZ,65,107.61,7183.37,One year,Mailed check,Fiber optic,1,2,Weekly,0
6779-DVIVZ,35,92.66,3259.09,Month-to-month,Bank transfer (automatic),Fiber optic,2,9,Rarely,1
7646-FJGHP,21,100.94,2103.46,One year,Credit card (automatic),Fiber optic,1,5,Daily,0
7212-KRRFB,3,18.74,54.21,Month-to-month,Electronic check,No,1,59,Weekly,0
2208-TEFPG,10,44.1,458.05,Month-to-month,Credit card (automatic),DSL,0,7,Daily,0
9845-EHNVZ,53,66.12,3347.75,Two year,Electronic check,DSL,1,11,Weekly,0
2483-TXNKV,51,24.08,1180.64,Two year,Bank transfer (automatic),No,3,11,Weekly,0
4706-HVZKQ,65,53.76,3615.31,Month-to-month,Bank transfer (automatic),DSL,1,4,Daily,0
6872-UUFZN,9,25.59,234.65,Month-to-month,Bank transfer (automatic),No,3,90,Weekly,1
4629-BDSLC,3,78.07,242.27,Month-to-month,Electronic check,DSL,0,89,Rarely,1
3187-NPCJM,60,95.44,5996.61,Two year,Mailed check,Fiber optic,3,8,Weekly,0
9309-UQCPX,9,101.04,894.82,Month-to-month,Electronic check,Fiber optic,2,13,Weekly,0
1643-BZCQJ,7,98.77,712.76,Month-to-month,Mailed check,Fiber optic,1,29,Weekly,1
3212-TVWWV,8,84.82,647.24,Two year,Mailed check,Fiber optic,4,7,Weekly,0
9935-IMSEP,10,41.88,436.04,Month-to-month,Credit card (automatic),DSL,0,24,Weekly,1
7567-NZBCA,52,76.01,4006.64,Two year,Electronic check,DSL,1,73,Rarely,0
1782-OOPGH,68,92.34,6532.36,One year,Mailed check,Fiber optic,4,25,Weekly,0
7790-KBTBR,34,24.81,848.94,Month-to-month,Credit card (automatic),No,0,12,Rarely,0
9724-LZSMS,43,88.17,3841.0,Month-to-month,Bank transfer (automatic),Fiber optic,4,63,Weekly,1
1879-DEMWV,65,70.69,4792.4,Two year,Electronic check,Fiber optic,2,13,Weekly,0
4726-JHZOD,21,19.45,400.38,Month-to-month,Credit card (automatic),No,3,20,Daily,0
5213-FVXXA,66,77.63,5043.87,One year,Electronic check,Fiber optic,0,6,Daily,0
2178-VCVWJ,46,105.45,5021.3,Two year,Mailed check,Fiber optic,1,21,Weekly,0
2804-FSBPI,49,40.48,2075.76,Month-to-month,Bank transfer (automatic),DSL,0,22,Rarely,0
2563-LVZKH,2,24.64,50.11,Month-to-month,Electronic check,No,0,11,Weekly,0
2668-VKFXZ,18,70.77,1264.95,Month-to-month,Bank transfer (automatic),DSL,3,5,Daily,1
4631-HEDPI,57,53.87,2951.18,Month-to-month,Bank transfer (automatic),DSL,2,51,Rarely,0
5173-QTAWA,50,63.01,3184.32,One year,Bank transfer (automatic),DSL,1,10,Daily,0
3141-CSQZO,69,81.88,5832.89,Two year,Bank transfer (automatic),DSL,1,8,Daily,0
3604-KRTRJ,30,73.38,2115.52,Month-to-month,Electronic check,Fiber optic,2,2,Rarely,0
2729-YHJHH,57,55.71,3108.97,One year,Electronic check,DSL,0,7,Daily,0
8163-FPSLX,10,88.96,854.17,Month-to-month,Electronic check,Fiber optic,1,28,Weekly,1
2905-MMBXD,14,116.71,1607.62,Month-to-month,Electronic check,Fiber optic,1,5,Daily,1
9167-EYNBL,1,83.86,84.51,Month-to-month,Mailed check,DSL,4,8,Weekly,1
5849-PATRA,14,77.7,1047.55,One year,Electronic check,DSL,0,25,Weekly,0
8223-QFTJF,72,56.57,4062.26,Two year,Credit card (automatic),DSL,2,16,Weekly,0
6726-NLIWQ,71,113.14,7642.2,Two year,Electronic check,Fiber optic,2,8,Daily,0
3394-MFOAX,30,93.48,2895.3,Month-to-month,Credit card (automatic),Fiber optic,7,24,Weekly,1
6411-ASISJ,3,68.63,209.51,Month-to-month,Mailed check,DSL,1,7,Daily,0
3466-AYTBA,16,81.68,1326.36,One year,Bank transfer (automatic),DSL,1,12,Weekly,0
2066-NYPAS,6,50.41,312.98,Month-to-month,Electronic check,DSL,0,7,Daily,1
3292-LQJAA,8,24.96,192.47,Month-to-month,Credit card (automatic),No,1,11,Daily,0
3480-QQICU,51,21.49,1147.25,Two year,Electronic check,No,1,10,Weekly,0
2215-DELSZ,26,112.25,2786.26,One year,Electronic check,Fiber optic,2,25,Daily,0
1212-QYQWE,2,22.61,44.97,Month-to-month,Credit card (automatic),No,1,32,Weekly,1
9493-BRZTI,69,50.38,3303.07,Month-to-month,Mailed check,DSL,0,70,Weekly,0
5620-MCIRE,7,107.13,781.47,Month-to-month,Electronic check,Fiber optic,3,39,Rarely,1
4618-MHMTX,39,75.58,2940.95,One year,Electronic check,Fiber optic,0,29,Weekly,0
9368-KVSXT,2,76.95,150.41,Month-to-month,Electronic check,Fiber optic,2,24,Daily,1
3021-ORIRS,9,77.19,690.82,Two year,Electronic check,Fiber optic,2,3,Daily,1
4625-PCNSF,20,110.76,2315.15,Two year,Electronic check,Fiber optic,3,1,Daily,1
8619-UVOZW,64,25.03,1558.71,Two year,Electronic check,No,0,2,Daily,0
6687-MWYCZ,41,65.34,2637.48,One year,Electronic check,DSL,2,4,Weekly,0
4592-AMYSG,58,51.85,2860.06,Two year,Bank transfer (automatic),DSL,2,14,Weekly,0
3302-QFGXB,67,89.12,5803.5,One year,Bank transfer (automatic),Fiber optic,2,3,Daily,0
1316-ZLBUB,56,47.45,2759.31,Two year,Bank transfer (automatic),DSL,0,17,Weekly,0
1765-IGUKR,68,39.18,2658.74,One year,Electronic check,DSL,3,17,Weekly,0
2457-BSSHW,58,77.62,4321.33,One year,Bank transfer (automatic),DSL,0,5,Daily,0
8078-MREYG,51,79.44,4185.76,Month-to-month,Credit card (automatic),Fiber optic,1,45,Weekly,0
6752-QCBDY,4,73.84,305.6,One year,Credit card (automatic),Fiber optic,1,12,Daily,0
4900-FWPCL,3,76.39,240.13,Month-to-month,Credit card (automatic),Fiber optic,4,14,Daily,1
8045-MGPWW,52,114.91,5713.1,Two year,Electronic check,Fiber optic,2,18,Rarely,0
2446-NXYCQ,52,55.71,2879.53,Two year,Credit card (automatic),DSL,0,4,Daily,0
2898-UAPXG,57,101.43,6004.2,One year,Electronic check,Fiber optic,3,19,Weekly,1
4534-WYQQN,46,40.44,1789.34,Two year,Electronic check,DSL,0,2,Daily,0
9255-KLNMV,49,63.34,3060.98,Two year,Mailed check,DSL,2,11,Weekly,0
6527-TJNFE,62,106.21,6852.06,Month-to-month,Electronic check,Fiber optic,5,28,Daily,0
8658-JBWDI,36,42.02,1451.02,Month-to-month,Bank transfer (automatic),DSL,2,2,Daily,0
3233-GFJSX,0,52.75,,Month-to-month,Credit card (automatic),DSL,4,68,Rarely,1
8634-EGMIU,28,20.92,612.1,Month-to-month,Bank transfer (automatic),No,2,24,Weekly,1
1652-FKOJQ,10,113.03,1141.83,Month-to-month,Bank transfer (automatic),Fiber optic,4,21,Weekly,1
3048-UNLYZ,2,23.49,48.76,One year,Electronic check,No,0,2,Daily,0
5706-ZAVXU,29,111.97,3344.37,Month-to-month,Bank transfer (automatic),Fiber optic,2,10,Rarely,1
1454-TJSPV,1,56.27,57.99,Month-to-month,Electronic check,DSL,0,23,Daily,0
8723-JTUVE,54,98.67,5397.23,One year,Electronic check,Fiber optic,3,52,Rarely,0
8805-WFYBF,13,22.38,278.44,Month-to-month,Mailed check,No,0,34,Rarely,0
5872-PORKA,68,20.57,1384.71,One year,Credit card (automatic),No,1,87,Rarely,0
3751-QNNJX,10,90.49,935.07,Month-to-month,Electronic check,Fiber optic,3,29,Daily,1
1890-UEBEB,68,50.27,3317.01,Two year,Credit card (automatic),DSL,1,8,Weekly,0
6569-SQMPV,20,70.79,1387.56,Two year,Mailed check,Fiber optic,1,1,Daily,0
5838-VLPOY,26,83.54,2174.84,One year,Electronic check,DSL,1,2,Daily,0
7838-TIXKT,28,83.07,2307.95,Two year,Bank transfer (automatic),DSL,1,7,Daily,0
6422-ZVCFU,33,76.91,2618.6,Month-to-month,Bank transfer (automatic),DSL,1,11,Weekly,0
2154-DAGMD,30,47.03,1477.7,One year,Credit card (automatic),DSL,3,5,Daily,0
2095-DIPOU,72,70.98,4909.58,Two year,Electronic check,Fiber optic,0,2,Daily,0
8026-ZAREJ,65,19.97,1235.51,Two year,Electronic check,No,1,16,Weekly,0
2431-ISGXJ,5,112.27,576.75,Two year,Mailed check,Fiber optic,2,13,Weekly,0
9445-VYNCS,67,77.43,4967.12,Two year,Electronic check,Fiber optic,2,8,Weekly,0
1953-LILHH,5,20.25,98.62,Two year,Mailed check,No,1,33,Rarely,0
7554-ZHLSF,0,70.8,,Month-to-month,Bank transfer (automatic),DSL,2,8,Weekly,1
9776-QXVAK,11,93.16,1004.12,Month-to-month,Mailed check,Fiber optic,5,31,Rarely,1
4970-APIXE,3,101.72,309.7,Month-to-month,Credit card (automatic),Fiber optic,2,64,Weekly,1
1510-WIXFG,5,64.9,317.26,One year,Electronic check,DSL,0,3,Daily,0
8889-JZTVO,54,97.77,5336.22,Month-to-month,Electronic check,Fiber optic,2,2,Daily,1
2685-UQRVZ,44,112.33,5039.3,Month-to-month,Mailed check,Fiber optic,1,90,Weekly,1
5746-OLQTZ,64,20.13,1226.7,Two year,Mailed check,No,1,82,Rarely,1
9859-SYTYT,2,76.75,151.46,Month-to-month,Mailed check,Fiber optic,0,29,Daily,1
7702-XEZJU,17,89.64,1455.5,Month-to-month,Bank transfer (automatic),Fiber optic,3,2,Daily,1
1416-KLTOS,11,95.93,1083.26,Month-to-month,Electronic check,Fiber optic,2,9,Daily,1
8383-CVKUH,39,22.18,826.83,One year,Credit card (automatic),No,0,18,Weekly,0
2451-PPDMQ,38,22.55,887.87,Two year,Electronic check,No,0,60,Rarely,0
7743-VXJQE,63,61.36,4000.03,Two year,Bank transfer (automatic),DSL,0,3,Daily,0
6587-XWZMJ,48,95.12,4573.4,Month-to-month,Mailed check,Fiber optic,2,56,Weekly,1
3590-TSFOQ,10,25.49,266.19,Month-to-month,Electronic check,No,3,58,Rarely,1
4812-LJGKG,8,72.42,571.63,Month-to-month,Mailed check,Fiber optic,3,90,Rarely,1
2060-HEJQJ,17,115.67,1927.57,Two year,Mailed check,Fiber optic,2,1,Daily,0
9880-DULPN,2,98.48,189.36,Month-to-month,Electronic check,Fiber optic,3,27,Daily,1
3144-NLTWX,30,72.32,2218.97,Two year,Mailed check,Fiber optic,0,6,Daily,0
3777-LICLZ,26,72.59,1873.24,Month-to-month,Mailed check,Fiber optic,2,26,Weekly,1
5525-GVTRO,51,97.72,5222.25,Month-to-month,Mailed check,Fiber optic,0,35,Rarely,1
7050-TCDFT,70,70.7,5132.24,Two year,Mailed check,DSL,0,1,Daily,0
5546-LFBMK,4,95.23,381.4,Month-to-month,Credit card (automatic),Fiber optic,3,13,Weekly,1
5545-EATUG,71,91.77,6484.12,Month-to-month,Credit card (automatic),Fiber optic,3,16,Weekly,0
6243-MGKCY,53,20.58,1061.88,Two year,Bank transfer (automatic),No,0,54,Rarely,0
8718-SXHWN,3,66.9,193.73,Month-to-month,Credit card (automatic),DSL,1,43,Rarely,0
4555-FIVUS,49,113.53,5419.34,Two year,Electronic check,Fiber optic,1,8,Weekly,0
8488-FQYBI,17,58.43,998.34,One year,Electronic check,DSL,1,9,Weekly,0
8081-CCZGE,58,103.74,5801.46,Month-to-month,Mailed check,Fiber optic,0,12,Weekly,0
9648-BZMUG,67,18.63,1296.15,Two year,Bank transfer (automatic),No,1,13,Weekly,0
9217-QXRNF,65,21.87,1488.04,One year,Bank transfer (automatic),No,1,4,Daily,0
8182-GPLBF,56,106.94,5848.77,Two year,Bank transfer (automatic),Fiber optic,2,13,Weekly,0
3220-LEOHH,51,77.73,4021.49,Two year,Electronic check,DSL,0,5,Daily,0
7967-CNEQY,9,22.53,200.95,One year,Electronic check,No,2,19,Weekly,1
7627-XRUXR,55,65.06,3586.65,One year,Electronic check,DSL,1,3,Daily,0
3605-GNWRJ,46,45.37,2143.45,One year,Mailed check,DSL,1,4,Daily,0
7101-EDJUO,50,52.59,2658.2,Two year,Mailed check,DSL,2,4,Daily,0
3276-BXKKV,58,102.37,6035.62,Two year,Bank transfer (automatic),Fiber optic,2,8,Daily,0
5707-JQXNP,0,24.25,,Month-to-month,Bank transfer (automatic),No,0,76,Weekly,0
8169-JXBHZ,6,19.11,111.67,Month-to-month,Electronic check,No,4,22,Daily,0
2696-MEKGN,65,116.61,7856.1,Month-to-month,Bank transfer (automatic),Fiber optic,4,17,Daily,1
4032-GKXCT,55,116.25,6693.92,Two year,Mailed check,Fiber optic,3,2,Daily,0
8156-CLRYG,60,19.91,1201.17,Two year,Electronic check,No,0,31,Weekly,0
5083-BTXOB,32,72.19,2242.52,Month-to-month,Bank transfer (automatic),Fiber optic,2,12,Daily,0
9644-NKLBI,8,86.54,693.1,Month-to-month,Credit card (automatic),Fiber optic,3,4,Daily,1
1071-ZBXNP,27,25.69,691.9,Month-to-month,Bank transfer (automatic),No,1,47,Weekly,1
7495-YFZHJ,45,21.82,997.92,Month-to-month,Electronic check,No,1,1,Weekly,0
8326-LPIUA,63,85.21,5275.74,Month-to-month,Mailed check,Fiber optic,3,1,Daily,0
9259-RRNPT,35,113.39,4119.67,Two year,Credit card (automatic),Fiber optic,2,11,Weekly,0
2410-XFMOI,14,19.51,286.21,Month-to-month,Electronic check,No,0,9,Daily,0
9856-ZNPFK,18,115.64,2167.1,One year,Credit card (automatic),Fiber optic,0,2,Daily,0
4530-QLUDD,67,76.21,5355.6,Two year,Electronic check,DSL,1,15,Daily,0
4168-IIVWM,13,21.38,267.87,Month-to-month,Electronic check,No,2,18,Weekly,0
4199-NHNSS,7,108.19,738.53,Month-to-month,Bank transfer (automatic),Fiber optic,2,49,Rarely,1
6743-ZPIBR,34,106.67,3722.91,Two year,Mailed check,Fiber optic,3,5,Weekly,0
6932-UOXIB,42,98.12,4107.19,Two year,Bank transfer (automatic),Fiber optic,3,4,Daily,0
5264-QDCSL,7,74.95,548.82,Month-to-month,Mailed check,DSL,2,9,Weekly,1
1639-PTJPO,63,62.0,3768.85,One year,Credit card (automatic),DSL,2,17,Weekly,0
9878-PSJNP,8,77.75,610.03,Month-to-month,Credit card (automatic),DSL,0,26,Weekly,0
2998-DFCFL,13,108.47,1430.69,Month-to-month,Bank transfer (automatic),Fiber optic,2,33,Weekly,1
1844-YXTOF,23,113.96,2597.43,One year,Bank transfer (automatic),Fiber optic,2,1,Weekly,0
6375-JTXZK,16,108.68,1714.89,Month-to-month,Mailed check,Fiber optic,2,10,Daily,1
4710-MNBDB,20,114.67,2305.22,Two year,Bank transfer (automatic),Fiber optic,2,1,Daily,0
6539-TFSJU,64,47.2,3112.88,One year,Credit card (automatic),DSL,2,30,Weekly,0
8878-DIFLO,8,83.45,663.13,Month-to-month,Credit card (automatic),Fiber optic,3,2,Rarely,1
1875-ERZBC,1,21.89,20.87,Month-to-month,Electronic check,No,1,8,Rarely,0
3556-YQXSS,61,81.78,5129.23,Month-to-month,Bank transfer (automatic),Fiber optic,3,40,Rarely,0
5648-ENJVB,61,80.25,5003.78,Two year,Electronic check,DSL,0,3,Daily,0
8089-AOZZP,2,47.27,94.59,Two year,Mailed check,DSL,0,32,Rarely,0
6405-LHZED,11,92.26,1025.33,Month-to-month,Bank transfer (automatic),Fiber optic,3,17,Daily,1
4444-NKMXH,52,95.3,4890.35,Month-to-month,Credit card (automatic),Fiber optic,4,90,Rarely,1
6489-WFIAR,8,25.05,192.5,One year,Electronic check,No,3,4,Daily,0
9818-WXETD,59,20.44,1241.81,Month-to-month,Electronic check,No,1,31,Rarely,0
5320-QSDCB,60,117.03,6946.77,One year,Electronic check,Fiber optic,1,6,Daily,0
8950-SPDNU,11,84.16,970.69,Month-to-month,Bank transfer (automatic),Fiber optic,4,10,Weekly,0
8018-GPHGK,11,46.5,535.91,Month-to-month,Electronic check,DSL,1,3,Weekly,1
3711-JMFKQ,70,82.3,5656.98,One year,Electronic check,Fiber optic,1,9,Rarely,0
3245-KRDDW,1,79.53,77.1,Month-to-month,Electronic check,DSL,1,18,Weekly,1
7930-MPTDZ,38,46.01,1793.72,Month-to-month,Bank transfer (automatic),DSL,0,26,Weekly,0
2867-LXKKP,10,40.47,415.41,Month-to-month,Electronic check,DSL,0,30,Weekly,0
4031-EPZQB,22,52.41,1099.02,One year,Mailed check,DSL,1,8,Weekly,0
3118-SACHH,58,64.05,3728.72,Two year,Electronic check,DSL,1,54,Weekly,0
6456-AAULF,31,21.17,642.08,One year,Bank transfer (automatic),No,1,7,Weekly,0
3646-LSTHE,2,77.79,148.58,Month-to-month,Electronic check,Fiber optic,3,34,Weekly,1
6925-YQZHC,47,87.66,4091.31,Two year,Electronic check,Fiber optic,0,17,Weekly,0
9412-JISSB,32,70.86,2184.33,Month-to-month,Credit card (automatic),DSL,1,9,Weekly,0
8465-PIPKN,12,91.15,1070.09,Month-to-month,Electronic check,Fiber optic,3,15,Daily,1
9530-SHFSY,61,22.8,1400.04,One year,Electronic check,No,1,3,Weekly,0
1220-LZEVZ,30,115.93,3390.25,Two year,Bank transfer (automatic),Fiber optic,1,9,Weekly,0
5098-HDRWC,2,24.11,47.56,Month-to-month,Electronic check,No,2,12,Weekly,1
2981-QWANC,53,24.53,1327.26,Month-to-month,Electronic check,No,5,19,Daily,0
9259-EMICU,32,20.66,681.41,Month-to-month,Electronic check,No,1,5,Daily,0
7406-FWENS,5,94.8,472.09,Month-to-month,Mailed check,Fiber optic,1,2,Daily,0
3881-MKTAV,1,54.85,55.34,Month-to-month,Mailed check,DSL,0,70,Rarely,1
6071-RTKJO,3,61.29,180.75,Month-to-month,Credit card (automatic),DSL,0,73,Weekly,1
6448-QYWBD,0,75.43,,Month-to-month,Electronic check,Fiber optic,3,42,Daily,1
5459-YKPBC,6,22.39,128.71,Month-to-month,Credit card (automatic),No,2,68,Rarely,1
5268-KSUXF,70,95.5,6415.88,Two year,Electronic check,Fiber optic,0,8,Weekly,0
1496-FOOAL,40,65.45,2496.99,One year,Electronic check,DSL,1,21,Daily,0
5071-XEVLN,8,49.79,382.47,Month-to-month,Electronic check,DSL,3,67,Weekly,1
4134-QSQCH,50,80.74,4088.97,One year,Bank transfer (automatic),Fiber optic,2,20,Rarely,0
8363-VBSND,50,21.26,1115.97,Two year,Electronic check,No,1,5,Daily,0
8785-DZAAA,25,63.73,1609.43,Two year,Electronic check,DSL,0,16,Rarely,0
7752-QYEUS,55,54.49,2923.48,Two year,Mailed check,DSL,0,7,Daily,0
1278-FBMCC,8,104.25,860.53,One year,Electronic check,Fiber optic,1,17,Weekly,0
8570-MVZQH,2,65.92,129.92,Month-to-month,Bank transfer (automatic),DSL,0,15,Rarely,1
4567-IPENT,9,44.19,401.45,Month-to-month,Mailed check,DSL,2,10,Rarely,1
4746-VBHGO,6,49.3,294.03,Month-to-month,Electronic check,DSL,0,10,Daily,1
9505-EYXIK,47,99.32,4673.17,Month-to-month,Credit card (automatic),Fiber optic,3,35,Weekly,1
8804-LBXUI,6,63.47,365.8,One year,Electronic check,DSL,1,5,Weekly,0
1457-OJFHC,25,54.6,1423.75,Month-to-month,Electronic check,DSL,1,19,Weekly,0
4238-VRYAQ,49,78.34,3763.95,One year,Bank transfer (automatic),Fiber optic,1,10,Weekly,1
7746-OQZKD,49,114.64,5674.08,One year,Credit card (automatic),Fiber optic,4,11,Weekly,0
5849-AMEDD,19,91.8,1658.27,Two year,Mailed check,Fiber optic,3,5,Weekly,0
3318-HDMRH,32,80.31,2559.64,Two year,Credit card (automatic),Fiber optic,2,13,Rarely,0
5722-DOCTJ,72,104.96,7758.75,Two year,Electronic check,Fiber optic,0,8,Weekly,0
8798-KGHDO,27,20.42,557.54,Month-to-month,Electronic check,No,0,4,Rarely,0
3009-DRGON,34,51.22,1709.87,Two year,Bank transfer (automatic),DSL,0,0,Daily,0
7713-QTOWG,3,77.04,234.6,One year,Bank transfer (automatic),DSL,2,59,Rarely,1
7612-TIQMX,4,114.03,469.6,Month-to-month,Electronic check,Fiber optic,3,3,Daily,0
8970-HNEQA,47,60.53,2747.65,One year,Bank transfer (automatic),DSL,1,3,Rarely,0
3681-KAIMI,15,68.09,977.01,Month-to-month,Bank transfer (automatic),DSL,1,8,Weekly,1
2943-KDSUL,8,55.61,443.17,Month-to-month,Electronic check,DSL,1,77,Weekly,1
5928-BBRYW,3,23.25,69.31,One year,Electronic check,No,1,13,Weekly,0
5781-KMEBT,56,23.96,1280.95,One year,Mailed check,No,1,9,Weekly,0
4685-LMIIZ,8,72.17,587.75,Month-to-month,Mailed check,DSL,2,55,Weekly,1
8012-VRKSI,31,40.87,1277.29,Month-to-month,Mailed check,DSL,1,26,Weekly,0
8190-NDSBS,9,43.54,384.52,Two year,Credit card (automatic),DSL,0,4,Weekly,0
3211-PBNFM,3,71.57,209.93,Month-to-month,Electronic check,DSL,1,28,Weekly,1
8158-ASNJW,55,63.46,3416.56,Two year,Bank transfer (automatic),DSL,0,1,Daily,0
3076-QPDNS,2,82.39,158.41,Month-to-month,Credit card (automatic),DSL,1,60,Weekly,1
4668-YPERB,2,75.02,156.47,Month-to-month,Mailed check,Fiber optic,3,7,Daily,1
1244-IXUXJ,66,25.92,1635.47,Two year,Bank transfer (automatic),No,0,2,Daily,0
4063-RSGYZ,46,45.14,1981.63,Month-to-month,Bank transfer (automatic),DSL,2,72,Rarely,1
9625-CTLRO,21,40.45,873.44,Month-to-month,Electronic check,DSL,0,44,Rarely,1
4982-FCNVV,17,113.6,1923.36,Month-to-month,Mailed check,Fiber optic,3,26,Weekly,1
7389-HWJOI,7,62.19,448.88,Month-to-month,Electronic check,DSL,3,41,Rarely,1
1971-NNSMN,5,52.19,261.2,Month-to-month,Credit card (automatic),DSL,2,1,Daily,1
6719-QKNCW,19,65.3,1290.18,One year,Electronic check,DSL,2,7,Daily,0
4343-DWTYA,9,88.31,782.79,One year,Electronic check,Fiber optic,2,7,Daily,1
7695-FBKXT,7,84.48,596.41,Month-to-month,Mailed check,DSL,0,4,Daily,1
9351-SWAUI,31,74.6,2247.84,Two year,Mailed check,DSL,1,6,Daily,0
5783-RTRKP,5,101.81,506.42,Month-to-month,Mailed check,Fiber optic,1,5,Daily,1
1925-MQLKF,3,85.62,247.43,Month-to-month,Bank transfer (automatic),Fiber optic,4,8,Weekly,1
5284-KSWCE,31,18.69,579.3,Month-to-month,Credit card (automatic),No,0,7,Weekly,0
2107-NSEIB,33,108.67,3571.7,Month-to-month,Mailed check,Fiber optic,4,16,Weekly,0
5045-BDSWM,13,41.2,510.24,One year,Bank transfer (automatic),DSL,1,3,Weekly,0
1550-EXHED,3,44.2,127.17,One year,Electronic check,DSL,0,13,Weekly,0
6763-JTKLI,51,22.92,,Two year,Credit card (automatic),No,0,4,Weekly,0
3793-YRRLN,62,73.82,4676.01,Month-to-month,Electronic check,DSL,4,75,Rarely,1
2813-XRVBW,26,57.81,1527.34,One year,Bank transfer (automatic),DSL,1,16,Daily,0
1155-YRYOH,57,66.1,3850.62,Two year,Credit card (automatic),DSL,1,17,Weekly,0
8991-PQDFH,28,25.8,720.84,One year,Bank transfer (automatic),No,0,1,Daily,0
8533-ODUCY,9,20.61,182.53,Month-to-month,Mailed check,No,0,39,Rarely,0
8304-RIJSC,7,72.13,514.36,Month-to-month,Mailed check,Fiber optic,0,83,Weekly,1
1523-SOFXQ,34,49.21,1634.77,Two year,Electronic check,DSL,1,13,Daily,0
4145-ERKTM,59,59.54,3558.23,One year,Bank transfer (automatic),DSL,0,6,Weekly,0
9741-ZYBKF,5,74.76,358.52,Month-to-month,Mailed check,DSL,1,19,Weekly,0
6206-LDNEQ,9,58.29,526.59,Month-to-month,Bank transfer (automatic),DSL,2,3,Daily,1
2156-LZWPL,55,22.92,,Two year,Electronic check,No,0,11,Weekly,0
2269-SRDJZ,7,97.44,669.56,Month-to-month,Bank transfer (automatic),Fiber optic,2,18,Daily,1
3367-IAVYR,39,61.44,2496.42,One year,Electronic check,DSL,1,29,Rarely,0
9750-QJJXW,10,19.69,188.49,One year,Mailed check,No,0,7,Daily,0
2526-MIEAM,55,42.13,2262.84,Two year,Electronic check,DSL,0,15,Weekly,0
9125-ORUJE,7,79.84,568.74,Month-to-month,Bank transfer (automatic),Fiber optic,2,37,Weekly,1
7101-VTNBM,68,51.43,3611.28,Two year,Electronic check,DSL,0,8,Weekly,0
9296-QWNMJ,37,79.1,2813.55,One year,Bank transfer (automatic),Fiber optic,2,8,Daily,1
8433-KACTJ,68,47.85,3123.32,One year,Credit card (automatic),DSL,0,1,Weekly,0
3989-WKZEE,59,66.99,3938.7,Month-to-month,Bank transfer (automatic),DSL,3,26,Weekly,0
8450-PUDNF,63,21.91,1358.99,Two year,Bank transfer (automatic),No,0,28,Daily,0
2522-TORGH,10,20.38,204.81,Month-to-month,Credit card (automatic),No,2,5,Daily,0
3618-QJREH,30,81.44,2526.92,Month-to-month,Credit card (automatic),Fiber optic,5,61,Weekly,1
2905-CCGMD,48,19.57,919.52,One year,Electronic check,No,3,23,Daily,0
2198-CWNSS,14,70.82,942.92,One year,Mailed check,DSL,0,3,Daily,0
1809-CQWLW,53,93.08,5017.54,One year,Mailed check,Fiber optic,4,40,Rarely,0
2686-YOCQW,62,69.57,4340.4,Two year,Electronic check,DSL,1,21,Weekly,0
2080-PUNKY,6,56.41,338.99,Month-to-month,Mailed check,DSL,0,52,Rarely,1
4423-DLERX,12,74.12,914.72,Month-to-month,Bank transfer (automatic),Fiber optic,1,11,Weekly,1
1641-ZGSWV,7,109.92,796.37,Month-to-month,Credit card (automatic),Fiber optic,1,30,Weekly,0
1551-NEMUQ,68,72.02,4723.21,Month-to-month,Credit card (automatic),Fiber optic,3,48,Rarely,1
9907-KFQLM,47,87.82,4264.61,Two year,Electronic check,Fiber optic,0,7,Weekly,0
1789-YAGXX,0,98.38,,Month-to-month,Mailed check,Fiber optic,2,32,Rarely,1
1666-HZFBH,56,102.23,5937.31,One year,Credit card (automatic),Fiber optic,5,0,Daily,0
1270-NAEUQ,2,22.11,44.52,Month-to-month,Mailed check,No,2,12,Daily,0
2192-PZFXJ,25,75.75,1968.42,One year,Credit card (automatic),DSL,0,21,Daily,0
5750-YUFFO,15,93.26,1445.4,Month-to-month,Mailed check,Fiber optic,4,37,Weekly,1
8444-NGGXT,20,24.77,486.77,One year,Mailed check,No,1,5,Daily,0
7613-ESELA,0,81.97,,Month-to-month,Mailed check,Fiber optic,2,48,Rarely,1
6221-QEGEE,67,22.04,1486.73,Two year,Credit card (automatic),No,2,12,Daily,0
1765-COWHU,60,71.5,4305.05,Month-to-month,Electronic check,Fiber optic,2,48,Rarely,0
7968-OGBUA,56,22.84,1229.13,Two year,Mailed check,No,1,33,Rarely,0
1335-KAUZI,65,21.52,1332.17,Two year,Credit card (automatic),No,0,50,Weekly,0
6677-IONJJ,8,103.04,811.33,Month-to-month,Electronic check,Fiber optic,1,22,Daily,1
4683-EGPTT,5,73.15,365.67,One year,Mailed check,DSL,0,34,Rarely,0
8938-NTPJJ,10,91.0,914.78,Month-to-month,Credit card (automatic),Fiber optic,3,32,Weekly,1
3767-NHTEB,59,66.99,3959.47,Two year,Mailed check,DSL,0,3,Daily,0
6745-MBEJA,10,72.67,700.95,Month-to-month,Mailed check,DSL,2,3,Rarely,1
4959-FOJXC,64,110.58,7301.76,Two year,Electronic check,Fiber optic,2,22,Weekly,0
5698-SPQRB,36,75.1,2763.07,Two year,Credit card (automatic),Fiber optic,4,43,Weekly,0
9448-UIQHK,65,22.61,1523.05,One year,Bank transfer (automatic),No,0,15,Daily,0
7414-SYWSO,28,81.54,2370.6,Two year,Credit card (automatic),DSL,2,10,Weekly,0
4730-NZFYQ,69,52.07,3712.21,Month-to-month,Credit card (automatic),DSL,0,5,Daily,0
5026-QPVRC,40,100.49,4085.64,Two year,Bank transfer (automatic),Fiber optic,0,8,Daily,0
7340-USXYY,34,83.69,2828.41,One year,Electronic check,Fiber optic,0,28,Weekly,0
4114-BQYZO,65,75.98,5005.45,Month-to-month,Mailed check,DSL,1,30,Weekly,0
2510-XWAXQ,4,73.19,285.37,Month-to-month,Electronic check,DSL,1,8,Weekly,0
5208-OEXHK,53,82.68,4566.97,Month-to-month,Bank transfer (automatic),DSL,2,53,Weekly,1
1613-HZMCA,59,23.74,1419.24,Two year,Credit card (automatic),No,1,3,Daily,0
2527-ZGUAX,53,61.5,3291.69,Two year,Mailed check,DSL,1,20,Weekly,0
4785-QFXHZ,0,96.24,,Month-to-month,Mailed check,Fiber optic,5,56,Rarely,1
8168-PLBGB,10,24.35,247.97,Month-to-month,Electronic check,No,4,56,Rarely,1
8031-WCCDZ,3,72.94,222.88,Two year,Bank transfer (automatic),DSL,1,8,Weekly,0
3346-ZSBNY,18,19.38,332.94,Two year,Credit card (automatic),No,0,11,Weekly,0
4796-CUAUO,7,84.51,587.08,Month-to-month,Bank transfer (automatic),Fiber optic,4,6,Daily,1
2381-XKUVI,49,103.1,5292.06,One year,Bank transfer (automatic),Fiber optic,2,48,Rarely,0
7796-QLLUF,56,19.26,1106.42,One year,Mailed check,No,1,0,Daily,0
3216-DMVEI,4,69.35,268.84,Month-to-month,Mailed check,DSL,1,7,Daily,1
8194-RMPNV,61,24.98,1512.78,Two year,Electronic check,No,0,4,Weekly,0
8577-WLLHL,9,55.92,501.36,Month-to-month,Electronic check,DSL,2,26,Daily,1
7201-VNRKS,7,80.57,590.97,Month-to-month,Credit card (automatic),Fiber optic,0,47,Weekly,1
3971-SNYWE,0,78.28,,Month-to-month,Bank transfer (automatic),DSL,1,2,Daily,1
9575-FYKIU,63,93.35,5632.32,One year,Electronic check,Fiber optic,2,10,Weekly,0
7173-PDCVT,70,77.28,5282.57,Two year,Mailed check,DSL,1,6,Daily,0
6811-JWDWC,6,42.59,244.63,One year,Bank transfer (automatic),DSL,1,22,Rarely,1
8706-QVQUI,3,48.74,141.75,One year,Credit card (automatic),DSL,0,2,Daily,1
8932-HGDHG,23,39.05,893.59,Month-to-month,Electronic check,DSL,0,22,Weekly,0
1699-TFETN,21,59.61,1264.38,Month-to-month,Electronic check,DSL,3,13,Weekly,1
8933-FSFUA,11,112.78,1279.3,Month-to-month,Electronic check,Fiber optic,0,42,Weekly,1
7884-PPJRJ,51,101.3,4952.95,Two year,Electronic check,Fiber optic,1,19,Weekly,0
2858-QFOTZ,69,70.87,4783.01,Two year,Electronic check,Fiber optic,1,19,Rarely,0
3768-JMMWZ,35,71.2,2519.39,Month-to-month,Credit card (automatic),Fiber optic,2,90,Weekly,1
7773-QVCTV,54,72.13,3879.25,One year,Credit card (automatic),DSL,0,15,Daily,0
2949-SPXQW,18,43.27,763.92,Two year,Bank transfer (automatic),DSL,0,17,Weekly,0
5071-ERLWW,18,80.68,1405.45,One year,Bank transfer (automatic),Fiber optic,2,12,Daily,0
7199-VFMAZ,66,103.87,6998.35,One year,Mailed check,Fiber optic,2,7,Daily,0
6853-GQMXV,21,82.07,1677.77,Month-to-month,Bank transfer (automatic),Fiber optic,0,31,Rarely,1
9187-UQDXB,40,61.55,2507.43,Month-to-month,Credit card (automatic),DSL,1,71,Weekly,0
2003-LJKZG,1,89.17,92.89,Month-to-month,Credit card (automatic),Fiber optic,1,26,Weekly,1
3654-PFXTK,50,86.67,4210.34,Two year,Electronic check,Fiber optic,4,42,Weekly,0
9862-CDGKX,8,82.25,672.6,Month-to-month,Credit card (automatic),Fiber optic,5,7,Daily,1
6118-DOJBQ,2,21.56,44.42,Month-to-month,Electronic check,No,2,30,Rarely,1
3238-SYNIW,20,78.87,1598.38,One year,Electronic check,Fiber optic,1,3,Daily,0
3608-GRYAY,15,116.3,1714.06,Month-to-month,Electronic check,Fiber optic,3,90,Rarely,1
4052-FMGDS,9,85.35,748.17,Month-to-month,Mailed check,Fiber optic,3,65,Rarely,1
5988-MNMTZ,6,23.97,147.95,Month-to-month,Electronic check,No,1,7,Daily,1
3560-NEIMC,68,20.69,1382.43,Month-to-month,Credit card (automatic),No,1,40,Rarely,0
6596-FFZKW,33,51.06,1736.54,Two year,Mailed check,DSL,0,9,Weekly,0
5006-ONYRG,9,61.2,569.57,Month-to-month,Mailed check,DSL,2,13,Daily,1
6492-HRADB,71,23.99,1766.33,Month-to-month,Credit card (automatic),No,1,14,Weekly,0
2395-SLATR,59,70.19,4272.38,Two year,Bank transfer (automatic),Fiber optic,0,5,Weekly,0
6611-SEWEO,10,78.3,814.35,Month-to-month,Bank transfer (automatic),Fiber optic,1,36,Rarely,0
9321-OFJBM,18,107.55,2019.12,Month-to-month,Electronic check,Fiber optic,2,44,Rarely,1
2215-RINYG,1,55.24,55.2,Month-to-month,Electronic check,DSL,2,37,Weekly,1
3946-HDOFW,15,24.92,366.0,Month-to-month,Electronic check,No,2,7,Weekly,1
7241-HREIE,53,76.46,3926.39,Month-to-month,Credit card (automatic),Fiber optic,1,20,Weekly,0
6556-OACNO,0,24.6,,Month-to-month,Mailed check,No,1,13,Rarely,0
7072-ILKTL,21,100.17,2051.66,Month-to-month,Electronic check,Fiber optic,2,8,Weekly,1
6035-WFFKC,9,46.75,435.14,Month-to-month,Mailed check,DSL,4,4,Weekly,0
7142-RKJNC,16,18.59,307.59,One year,Electronic check,No,2,9,Weekly,0
6483-JZQON,3,112.75,336.31,Month-to-month,Bank transfer (automatic),Fiber optic,0,11,Daily,1
1666-MYYKY,55,84.01,4763.19,One year,Mailed check,Fiber optic,1,12,Weekly,0
7760-CIHSP,31,50.1,1574.99,Month-to-month,Electronic check,DSL,1,8,Weekly,0
5021-MGNGM,0,78.92,,Month-to-month,Credit card (automatic),Fiber optic,1,36,Rarely,1
1463-IXTEY,71,87.22,6385.2,Two year,Mailed check,Fiber optic,1,4,Weekly,0
4680-RJNFB,6,95.41,589.93,Month-to-month,Mailed check,Fiber optic,3,30,Rarely,1
4916-KUJJZ,29,22.08,659.5,Month-to-month,Bank transfer (automatic),No,0,5,Daily,0
1780-ZMBRS,21,24.88,524.86,One year,Bank transfer (automatic),No,0,12,Weekly,0
9963-XYQCG,4,48.08,188.87,One year,Electronic check,DSL,2,26,Weekly,0
3001-SPLKS,2,24.1,47.73,Month-to-month,Mailed check,No,0,41,Weekly,0
3975-KEZJH,5,25.32,128.89,Month-to-month,Credit card (automatic),No,1,20,Weekly,1
4968-BMZEG,66,18.78,1290.33,One year,Credit card (automatic),No,0,1,Daily,0
8491-ECPHT,58,24.13,1430.7,One year,Electronic check,No,0,2,Daily,0
7685-KQCIK,8,83.31,685.88,Month-to-month,Electronic check,Fiber optic,3,20,Weekly,1
7937-BKMKN,12,21.86,256.86,Month-to-month,Electronic check,No,2,21,Weekly,1
3133-UUAQX,66,72.96,4785.63,Two year,Credit card (automatic),Fiber optic,0,11,Weekly,0
8608-WIUUJ,9,52.54,484.53,Two year,Credit card (automatic),DSL,1,7,Daily,0
8466-WQTTU,2,19.34,40.11,Month-to-month,Mailed check,No,2,81,Rarely,0
5174-YWKOQ,66,49.71,3284.87,One year,Bank transfer (automatic),DSL,0,22,Daily,0
5911-WKITY,4,71.59,272.57,Month-to-month,Electronic check,Fiber optic,2,16,Daily,1
1334-XDXUE,52,115.54,6239.81,One year,Bank transfer (automatic),Fiber optic,3,16,Weekly,0
7843-AFYTO,12,80.18,923.41,Month-to-month,Electronic check,DSL,1,35,Weekly,0
9647-QKXEI,68,23.38,1594.56,Two year,Electronic check,No,0,22,Weekly,0
5252-FWORX,9,85.77,770.33,Month-to-month,Mailed check,Fiber optic,3,21,Daily,0
5863-FZDTS,12,115.75,1453.19,Month-to-month,Credit card (automatic),Fiber optic,5,83,Weekly,1
5492-VEYUC,4,117.13,450.94,Month-to-month,Electronic check,Fiber optic,4,9,Weekly,1
1743-OVMJH,69,108.53,7611.51,Two year,Electronic check,Fiber optic,1,14,Rarely,0
6576-NZPSU,47,70.35,3243.96,One year,Bank transfer (automatic),DSL,2,6,Daily,0
7492-UKTIP,5,85.95,426.92,Month-to-month,Electronic check,Fiber optic,3,21,Weekly,1
9350-HYSPL,48,79.63,3790.3,Month-to-month,Electronic check,DSL,1,86,Weekly,1
9367-NUHVH,9,22.25,197.22,Month-to-month,Mailed check,No,2,81,Rarely,1
5425-DTSIQ,4,68.09,282.71,Month-to-month,Electronic check,DSL,0,27,Weekly,0
9629-SUYWL,7,19.8,141.67,Month-to-month,Electronic check,No,0,28,Weekly,0
5757-FCORR,59,39.99,2453.54,One year,Credit card (automatic),DSL,1,50,Rarely,0
6777-ASUSN,0,84.43,,Month-to-month,Bank transfer (automatic),DSL,3,25,Weekly,1
6417-AMQOO,9,23.16,206.7,Month-to-month,Bank transfer (automatic),No,1,8,Weekly,0
9987-NOIPH,63,103.24,6219.0,Month-to-month,Electronic check,Fiber optic,0,25,Rarely,0
7636-MKSXQ,24,41.32,971.73,One year,Bank transfer (automatic),DSL,0,17,Weekly,1
2079-DRIBE,11,90.44,979.49,Two year,Electronic check,Fiber optic,1,8,Rarely,1
1646-ZLFDQ,32,52.08,1600.22,One year,Credit card (automatic),DSL,2,5,Weekly,0
4688-TJCJR,5,77.44,373.81,Month-to-month,Bank transfer (automatic),DSL,2,1,Weekly,1
5640-CGAME,34,61.33,1985.75,Month-to-month,Bank transfer (automatic),DSL,0,19,Weekly,1
7016-FCSMY,7,56.69,394.39,Month-to-month,Electronic check,DSL,2,38,Weekly,1
5333-KFFYP,33,45.8,1461.47,Month-to-month,Mailed check,DSL,3,2,Weekly,1
5631-IROCS,57,88.6,4934.79,One year,Electronic check,Fiber optic,1,28,Weekly,0
9294-DFSLF,4,21.22,84.72,One year,Mailed check,No,1,8,Weekly,0
4013-BPSFK,9,108.17,940.83,Month-to-month,Electronic check,Fiber optic,2,3,Daily,1
5441-IXUHN,5,111.1,531.36,Month-to-month,Electronic check,Fiber optic,2,45,Weekly,1
6015-YIDHP,72,56.45,4172.43,Two year,Electronic check,DSL,1,24,Weekly,0
5214-ZIBEK,57,21.58,1277.46,Two year,Bank transfer (automatic),No,4,13,Daily,0
9712-CARVG,59,83.86,4867.4,Two year,Electronic check,DSL,2,7,Daily,0
9658-NORZX,65,56.4,3652.28,One year,Credit card (automatic),DSL,0,26,Daily,0
5617-IZAZD,54,23.21,1226.8,Two year,Mailed check,No,0,14,Rarely,0
5054-CDDMQ,52,76.54,3964.94,One year,Mailed check,Fiber optic,1,17,Daily,0
6300-TAHDD,22,58.73,1238.95,Month-to-month,Mailed check,DSL,3,23,Daily,0
2627-TQFHY,5,81.72,406.94,One year,Mailed check,Fiber optic,6,20,Weekly,1
4833-OGYFH,33,50.17,1649.22,Two year,Electronic check,DSL,1,32,Rarely,0
2952-SNBUF,2,49.77,97.62,Two year,Mailed check,DSL,1,0,Daily,0
2296-RITXU,3,93.02,289.33,Month-to-month,Electronic check,Fiber optic,2,57,Rarely,1
1856-XOBNL,8,20.71,164.36,One year,Mailed check,No,1,22,Daily,0
6283-SGSLR,9,24.63,213.87,Month-to-month,Mailed check,No,2,4,Daily,1
1005-KJFVB,54,91.76,5079.19,Two year,Electronic check,Fiber optic,0,1,Daily,0
6814-GLEXI,11,72.66,771.0,Month-to-month,Bank transfer (automatic),Fiber optic,5,3,Daily,0
4887-GGERM,11,91.27,962.34,Month-to-month,Credit card (automatic),Fiber optic,1,15,Rarely,1
4297-GWRKN,67,19.24,1272.17,One year,Electronic check,No,0,2,Daily,0
7922-RDVGA,35,77.14,2780.17,One year,Mailed check,Fiber optic,1,18,Weekly,0
5848-NWTIK,6,45.22,283.57,Month-to-month,Credit card (automatic),DSL,3,33,Weekly,1
7600-PGVHF,6,24.45,149.02,Two year,Credit card (automatic),No,1,11,Daily,0
7384-CSAUZ,7,21.72,158.05,One year,Electronic check,No,1,47,Rarely,0
1289-CCYDK,52,39.04,2044.02,Two year,Electronic check,DSL,3,2,Daily,0
2939-WDRJL,0,94.82,,Month-to-month,Electronic check,Fiber optic,2,22,Rarely,1
6129-YQIYP,48,20.01,966.73,One year,Bank transfer (automatic),No,2,2,Daily,0
9778-CKGQW,6,72.0,442.21,Month-to-month,Credit card (automatic),DSL,1,5,Daily,0
2388-BUXZR,72,25.56,1762.09,One year,Electronic check,No,0,5,Daily,0
1949-IDYKI,2,46.84,92.93,Month-to-month,Bank transfer (automatic),DSL,2,2,Daily,0
9468-TSVWW,41,83.41,3277.63,One year,Bank transfer (automatic),Fiber optic,5,10,Weekly,0
9700-EEFQP,0,23.84,,Month-to-month,Electronic check,No,1,23,Daily,0
2506-WVVCS,3,23.24,70.16,Month-to-month,Electronic check,No,0,16,Weekly,0
4614-WZIUK,59,77.1,4647.91,Month-to-month,Electronic check,DSL,1,22,Weekly,1
6639-EIGXE,69,23.37,1589.21,One year,Mailed check,No,0,10,Daily,0
2756-DPOOD,8,79.26,610.13,Month-to-month,Electronic check,Fiber optic,2,9,Weekly,1
3935-MYCUD,72,24.77,1782.56,Month-to-month,Mailed check,No,3,10,Rarely,0
4557-GXHNJ,7,77.8,524.41,Month-to-month,Credit card (automatic),Fiber optic,0,54,Rarely,1
6773-PKLVO,69,19.13,1266.74,Two year,Electronic check,No,2,6,Daily,0
3772-OULVS,21,115.57,2483.38,One year,Electronic check,Fiber optic,0,24,Daily,0
4709-WLODC,8,98.31,795.02,Month-to-month,Bank transfer (automatic),Fiber optic,6,21,Weekly,1
3605-CQIHP,8,86.06,690.59,Month-to-month,Credit card (automatic),Fiber optic,1,2,Weekly,0
7836-KDOOD,2,82.43,159.38,Month-to-month,Bank transfer (automatic),Fiber optic,4,87,Rarely,1
2377-HGSGA,64,42.9,2861.01,Two year,Bank transfer (automatic),DSL,2,3,Daily,0
3075-GMUBW,2,64.76,134.19,One year,Electronic check,DSL,2,2,Daily,1
3249-IIAHM,0,25.03,,One year,Electronic check,No,3,55,Rarely,1
9151-QTNCK,63,102.98,6205.7,One year,Credit card (automatic),Fiber optic,0,16,Daily,0
9499-TQPNN,2,106.96,204.77,Month-to-month,Credit card (automatic),Fiber optic,3,13,Weekly,1
5501-ZPPIM,1,66.53,66.34,Month-to-month,Mailed check,DSL,2,6,Daily,0
2407-SWURU,31,70.48,2138.63,Two year,Credit card (automatic),Fiber optic,1,17,Weekly,0
7804-AHGRT,12,91.59,1081.07,Two year,Electronic check,Fiber optic,6,12,Weekly,1
5428-DFMZA,70,18.77,1341.45,Two year,Electronic check,No,0,11,Weekly,0
8646-WFGQS,20,42.74,892.02,Month-to-month,Bank transfer (automatic),DSL,4,3,Daily,0
4239-WABMO,2,47.08,95.13,One year,Mailed check,DSL,1,25,Weekly,0
9988-GQGYE,25,79.91,1903.61,Month-to-month,Electronic check,DSL,1,28,Weekly,0
8262-RNCPD,10,48.9,466.51,Month-to-month,Mailed check,DSL,1,7,Weekly,1
3015-OQBFH,22,91.91,1967.74,One year,Bank transfer (automatic),Fiber optic,4,5,Daily,1
7529-YFXNY,36,112.51,3851.5,Month-to-month,Mailed check,Fiber optic,2,45,Weekly,0
3581-VHOSC,56,102.89,5553.57,One year,Electronic check,Fiber optic,1,42,Rarely,0
4147-RLAWG,34,19.49,633.05,Month-to-month,Credit card (automatic),No,3,35,Weekly,1
3253-WFOJX,54,21.97,1159.99,Month-to-month,Credit card (automatic),No,2,16,Daily,0
7139-YUVTH,6,107.39,615.06,Month-to-month,Credit card (automatic),Fiber optic,6,5,Daily,1
3365-XNIES,63,91.53,6003.57,Two year,Bank transfer (automatic),Fiber optic,0,3,Weekly,0
6748-HQBQQ,4,80.55,322.95,Month-to-month,Credit card (automatic),Fiber optic,7,22,Weekly,1
6241-NRZVL,72,101.21,7550.76,Two year,Credit card (automatic),Fiber optic,3,10,Rarely,0
7756-WYEJT,43,57.75,2527.58,One year,Mailed check,DSL,2,15,Rarely,0
9940-NDMJT,6,62.63,374.29,Month-to-month,Mailed check,DSL,2,14,Weekly,1
1079-NDBHE,2,44.75,89.19,One year,Bank transfer (automatic),DSL,1,16,Weekly,0
9911-WHQDL,53,113.89,6169.33,Month-to-month,Electronic check,Fiber optic,2,6,Weekly,1
1984-YQHTN,68,81.37,5434.04,Two year,Electronic check,DSL,2,8,Daily,0
5740-GZYOA,69,84.71,5863.12,Two year,Credit card (automatic),Fiber optic,1,15,Weekly,0
4067-KNYTF,8,20.69,159.19,One year,Mailed check,No,1,5,Daily,0
6750-NEMNN,45,78.27,3622.49,One year,Electronic check,Fiber optic,1,5,Daily,0
7494-LLUNB,11,65.95,712.99,Month-to-month,Credit card (automatic),DSL,0,64,Daily,1
8738-TQSSE,47,79.65,3623.25,Month-to-month,Credit card (automatic),Fiber optic,0,90,Rarely,1
4617-ZZDFG,3,99.8,306.61,One year,Bank transfer (automatic),Fiber optic,3,6,Daily,1
9395-ZYGQG,71,82.5,5619.23,Month-to-month,Credit card (automatic),DSL,1,2,Daily,0
3901-AFCWU,50,78.77,4116.51,Two year,Credit card (automatic),Fiber optic,1,6,Daily,0
2834-EOFOX,19,49.39,956.19,One year,Electronic check,DSL,0,11,Weekly,0
4411-WVGEE,13,74.42,990.72,One year,Bank transfer (automatic),Fiber optic,1,19,Weekly,1
5756-DPRWC,9,85.27,735.35,Month-to-month,Electronic check,Fiber optic,1,49,Weekly,0
7012-GSRLD,11,112.76,1248.26,Month-to-month,Bank transfer (automatic),Fiber optic,4,9,Rarely,1
8494-MENXF,8,18.62,141.96,Month-to-month,Electronic check,No,1,90,Weekly,1
3023-DTAZU,4,68.27,268.36,Month-to-month,Mailed check,DSL,1,65,Rarely,1
3728-KJKKV,0,88.63,,Two year,Credit card (automatic),Fiber optic,2,2,Daily,0
9447-UFEOQ,42,53.61,2187.6,Month-to-month,Electronic check,DSL,4,43,Weekly,1
4957-SIMCL,66,19.79,1331.89,Two year,Credit card (automatic),No,0,57,Rarely,0
3173-RHIMW,41,77.31,3185.7,One year,Electronic check,DSL,1,8,Weekly,0
9869-PXBWB,54,109.91,6178.82,One year,Electronic check,Fiber optic,2,22,Daily,0
5040-ILGZX,57,71.98,4101.57,Month-to-month,Electronic check,Fiber optic,1,16,Rarely,0
9864-OLTSM,12,22.82,268.4,Month-to-month,Credit card (automatic),No,3,27,Daily,0
9272-VFHAD,13,90.13,1215.62,Month-to-month,Mailed check,Fiber optic,4,69,Rarely,0
9154-FQWPL,68,70.3,4769.87,Two year,Mailed check,Fiber optic,1,18,Rarely,0
6235-HCPDU,11,84.81,913.14,Month-to-month,Credit card (automatic),Fiber optic,0,14,Daily,0
8185-KJAGA,12,79.12,941.43,Month-to-month,Mailed check,Fiber optic,2,85,Rarely,1
9644-SMUOY,56,74.12,4127.03,One year,Credit card (automatic),DSL,0,33,Rarely,0
3421-UDDXG,64,59.58,3707.23,Two year,Electronic check,DSL,0,0,Weekly,0
1339-TQSGI,71,75.71,5535.3,Month-to-month,Electronic check,DSL,1,10,Weekly,0
3887-OAINF,58,116.99,7002.87,One year,Credit card (automatic),Fiber optic,0,11,Daily,0
6731-HZHXY,12,89.47,1067.74,Month-to-month,Credit card (automatic),Fiber optic,3,49,Rarely,1
5924-RDFYA,49,22.67,1057.17,Two year,Bank transfer (automatic),No,1,14,Daily,0
1725-NPVXH,70,117.19,7877.55,Two year,Electronic check,Fiber optic,2,13,Rarely,0
6046-NQZOD,10,46.65,466.92,Month-to-month,Credit card (automatic),DSL,1,90,Rarely,0
2569-YNEEF,2,72.63,141.79,Month-to-month,Electronic check,Fiber optic,1,0,Daily,1
5549-SYLCX,8,92.78,729.68,Month-to-month,Mailed check,Fiber optic,2,17,Rarely,1
6180-QOBZC,72,93.66,6764.12,Month-to-month,Credit card (automatic),Fiber optic,1,63,Rarely,1
6729-PPNOK,53,115.06,6197.45,One year,Mailed check,Fiber optic,4,52,Rarely,0
4712-OJMRT,57,92.1,5085.46,Month-to-month,Credit card (automatic),Fiber optic,4,3,Daily,1
4674-DZCHJ,9,21.83,200.14,Month-to-month,Bank transfer (automatic),No,2,3,Daily,0
7106-IJILT,15,61.91,892.35,Month-to-month,Credit card (automatic),DSL,0,15,Weekly,1
7741-VJGRB,3,91.61,276.61,Month-to-month,Electronic check,Fiber optic,2,38,Weekly,1
8268-LFPCV,55,25.24,1411.8,Two year,Bank transfer (automatic),No,0,17,Daily,0
4001-HNOML,44,67.42,2904.79,One year,Bank transfer (automatic),DSL,0,3,Weekly,0
4816-GUNFG,56,108.62,6287.32,Two year,Mailed check,Fiber optic,0,7,Rarely,0
3975-LVYKK,8,46.11,379.51,Month-to-month,Mailed check,DSL,2,36,Rarely,1
5747-DOGVN,4,112.48,467.1,Month-to-month,Credit card (automatic),Fiber optic,1,3,Daily,1
2144-FXVHD,2,83.62,164.59,Month-to-month,Electronic check,DSL,2,0,Weekly,0
4870-GJKVZ,49,83.02,4244.22,Two year,Electronic check,DSL,0,19,Daily,0
2698-TVDDX,3,117.66,352.42,One year,Mailed check,Fiber optic,3,7,Rarely,1
5791-PGUET,57,103.82,5805.97,Two year,Credit card (automatic),Fiber optic,1,27,Weekly,0
8653-WMRTW,6,69.89,424.5,Two year,Credit card (automatic),DSL,0,6,Daily,0
9867-PHFJB,29,73.27,2206.35,Month-to-month,Credit card (automatic),Fiber optic,3,11,Weekly,0
5016-SJSBI,11,83.72,956.75,Month-to-month,Bank transfer (automatic),Fiber optic,3,34,Rarely,1
1506-KCVPV,4,75.2,293.06,Month-to-month,Electronic check,DSL,2,52,Rarely,1
3050-UAWBW,43,21.21,880.34,Month-to-month,Bank transfer (automatic),No,1,23,Weekly,0
1943-RVMED,8,23.15,184.23,Month-to-month,Bank transfer (automatic),No,1,15,Daily,0
7833-DUNFD,15,98.44,1541.36,Two year,Mailed check,Fiber optic,4,2,Daily,1
9861-CGTXP,20,22.86,478.47,One year,Credit card (automatic),No,1,6,Weekly,0
5985-ZKISD,8,21.28,166.42,One year,Credit card (automatic),No,2,0,Daily,1
2591-XUAEQ,44,112.91,4753.12,Two year,Credit card (automatic),Fiber optic,2,4,Daily,0
1190-TFTMR,35,20.37,727.88,One year,Electronic check,No,0,10,Weekly,0
9783-LLKEE,3,24.28,70.89,One year,Electronic check,No,2,8,Daily,0
3846-EULJW,4,18.69,72.6,Month-to-month,Electronic check,No,0,7,Daily,1
2007-XGJKV,8,77.57,635.18,One year,Electronic check,DSL,2,22,Weekly,1
2592-ROGKA,10,24.19,234.67,Month-to-month,Bank transfer (automatic),No,1,24,Rarely,1
3297-SXUIM,1,84.03,86.41,Month-to-month,Bank transfer (automatic),DSL,1,14,Rarely,1
6902-YLVPM,26,75.86,2056.4,One year,Mailed check,Fiber optic,0,10,Daily,0
9025-PFLHT,8,75.97,586.71,One year,Bank transfer (automatic),DSL,1,1,Daily,0
3475-PKVLY,57,20.82,1192.34,Two year,Electronic check,No,0,6,Daily,0
7184-PXZIG,54,20.36,1121.44,Month-to-month,Credit card (automatic),No,0,43,Rarely,0
1584-VGTEW,0,79.94,,Month-to-month,Electronic check,Fiber optic,1,0,Daily,1
1090-RNLQK,14,104.84,1527.9,Month-to-month,Mailed check,Fiber optic,4,10,Daily,1
1494-KFEXT,0,82.35,,Month-to-month,Credit card (automatic),DSL,0,15,Rarely,1
9307-LVPPC,12,69.0,868.96,Month-to-month,Credit card (automatic),DSL,0,17,Weekly,1
6234-NCRBN,59,20.49,1216.24,Two year,Electronic check,No,1,10,Rarely,0
8245-JDMFG,32,89.39,2778.49,Month-to-month,Electronic check,Fiber optic,1,54,Rarely,1
1195-XJKAH,1,81.69,82.78,One year,Bank transfer (automatic),Fiber optic,1,7,Rarely,0
1200-JSDYD,66,19.02,1275.97,Two year,Bank transfer (automatic),No,2,27,Weekly,0
8638-QAVSV,62,107.22,6318.65,Two year,Credit card (automatic),Fiber optic,0,7,Weekly,0
1923-YVQVC,44,75.07,3414.38,Month-to-month,Electronic check,Fiber optic,1,5,Daily,0
2398-QZJZN,49,101.49,4759.75,Two year,Credit card (automatic),Fiber optic,0,6,Daily,0
5669-MHCWS,58,58.7,3307.51,One year,Electronic check,DSL,0,55,Rarely,0
6458-KYEUL,67,19.04,1287.93,Two year,Mailed check,No,1,17,Daily,0
3059-QAPRZ,36,20.76,767.88,Two year,Bank transfer (automatic),No,1,19,Weekly,0
5001-IBBDH,68,73.66,5078.53,Two year,Credit card (automatic),Fiber optic,0,3,Daily,1
7073-VFDAJ,29,100.52,2950.26,Two year,Mailed check,Fiber optic,2,4,Daily,0
4985-PHMGU,8,102.36,818.3,Month-to-month,Electronic check,Fiber optic,3,9,Weekly,1
4443-AFOVK,5,113.4,567.77,Month-to-month,Bank transfer (automatic),Fiber optic,4,6,Weekly,1
1646-BOHHX,2,83.88,166.59,Two year,Mailed check,Fiber optic,4,37,Rarely,1
5066-YGPOY,0,47.1,,Month-to-month,Credit card (automatic),DSL,0,1,Daily,0
8223-YJAAA,3,93.02,275.23,One year,Mailed check,Fiber optic,2,1,Daily,1
6640-UTVDB,31,109.5,3522.86,Two year,Bank transfer (automatic),Fiber optic,4,0,Daily,0
9036-EQARX,65,65.03,4177.46,Month-to-month,Credit card (automatic),DSL,1,27,Weekly,0
2135-DTOYG,7,115.78,831.6,Month-to-month,Electronic check,Fiber optic,3,11,Daily,0
1099-FASWA,10,74.3,751.36,Month-to-month,Electronic check,Fiber optic,6,65,Weekly,1
5932-MSUYS,65,23.89,1509.99,Two year,Bank transfer (automatic),No,2,17,Weekly,0
2607-XZYLK,30,23.47,679.73,Two year,Bank transfer (automatic),No,2,6,Daily,0
6345-LYHTQ,63,81.81,4959.7,One year,Credit card (automatic),Fiber optic,0,14,Weekly,0
9134-BMFSL,33,80.08,2641.43,One year,Electronic check,Fiber optic,3,7,Daily,0
4033-JBDTW,43,21.37,891.67,One year,Mailed check,No,1,5,Daily,0
5944-HVOJL,0,53.84,,Month-to-month,Electronic check,DSL,0,7,Daily,1
7134-RXMJT,7,86.25,624.14,Month-to-month,Bank transfer (automatic),Fiber optic,2,1,Daily,1
2350-NKLND,15,105.03,1573.66,Two year,Electronic check,Fiber optic,2,9,Rarely,0
9075-BRENU,5,43.15,212.14,Month-to-month,Mailed check,DSL,3,2,Weekly,0
2824-FJZAT,8,24.11,186.81,Month-to-month,Mailed check,No,2,40,Weekly,1
8273-EXKAS,13,61.97,800.54,One year,Mailed check,DSL,3,12,Weekly,1
6939-DJNTK,41,19.8,792.6,Month-to-month,Electronic check,No,0,59,Rarely,0
2268-WMIIU,38,102.47,3714.37,One year,Bank transfer (automatic),Fiber optic,5,7,Daily,1
7522-RDTKJ,53,88.13,4842.49,Two year,Mailed check,Fiber optic,4,22,Weekly,0
2768-CZBZB,56,45.12,2544.06,Two year,Electronic check,DSL,0,59,Weekly,0
6394-NCMVP,7,98.51,712.38,One year,Bank transfer (automatic),Fiber optic,1,12,Weekly,1
9636-ODYJN,54,20.9,1155.78,Two year,Credit card (automatic),No,1,12,Rarely,0
9577-XQTEL,49,83.75,3904.59,One year,Credit card (automatic),Fiber optic,1,27,Rarely,0
8840-OEKVY,2,60.98,123.83,Month-to-month,Credit card (automatic),DSL,3,17,Weekly,1
5446-VYZFW,26,95.21,2386.42,One year,Bank transfer (automatic),Fiber optic,1,7,Daily,0
6035-QWQDO,0,104.09,,Month-to-month,Credit card (automatic),Fiber optic,3,10,Weekly,1
3702-TDNRM,64,93.87,5724.85,Month-to-month,Bank transfer (automatic),Fiber optic,2,29,Daily,0
9287-UDIYN,39,95.88,3868.18,One year,Mailed check,Fiber optic,1,3,Weekly,1
5294-EDPYB,34,65.24,2233.83,Month-to-month,Electronic check,DSL,3,1,Weekly,0
7943-CJFDH,69,81.65,5787.5,One year,Bank transfer (automatic),DSL,0,34,Rarely,0
4236-QVHSV,35,74.91,2658.13,One year,Bank transfer (automatic),Fiber optic,1,10,Daily,0
7663-AWERT,9,23.48,203.68,Two year,Credit card (automatic),No,1,63,Weekly,0
3019-VKRAL,28,18.78,531.52,Month-to-month,Credit card (automatic),No,3,10,Weekly,0
7603-ZEDSN,68,82.57,5396.85,Two year,Mailed check,Fiber optic,1,9,Weekly,0
1413-LGETJ,5,108.36,517.56,Month-to-month,Credit card (automatic),Fiber optic,3,20,Rarely,1
1943-ULKFR,28,87.53,2411.71,Month-to-month,Electronic check,Fiber optic,0,9,Weekly,1
4169-HXKVM,23,71.29,1574.06,Month-to-month,Electronic check,Fiber optic,4,22,Rarely,1
5337-KLLMX,16,22.35,364.95,Month-to-month,Mailed check,No,0,43,Rarely,1
7401-SABAR,71,91.23,6545.63,One year,Credit card (automatic),Fiber optic,4,1,Daily,0
4231-FKVDD,38,81.63,3158.62,Month-to-month,Credit card (automatic),DSL,0,30,Weekly,0
1165-CHCQT,44,115.7,5298.25,One year,Mailed check,Fiber optic,0,2,Daily,0
3928-ENHCM,61,51.82,3117.79,Month-to-month,Bank transfer (automatic),DSL,2,48,Weekly,0
4952-SFUZB,9,109.79,993.9,Month-to-month,Mailed check,Fiber optic,1,12,Weekly,1
5892-EHWDM,12,22.36,264.94,Month-to-month,Credit card (automatic),No,0,9,Rarely,1
6795-NDBDB,58,96.2,5378.9,Two year,Credit card (automatic),Fiber optic,2,17,Weekly,0
3228-NYJGG,63,44.25,2882.93,One year,Electronic check,DSL,0,9,Weekly,0
6493-ZYQME,26,110.57,2895.64,One year,Electronic check,Fiber optic,1,22,Weekly,0
6683-YAERE,9,66.87,609.25,Month-to-month,Electronic check,DSL,0,39,Rarely,1
7989-CPAHQ,11,116.33,1248.68,Month-to-month,Credit card (automatic),Fiber optic,2,75,Rarely,1
5697-ETCPB,3,75.01,232.41,Month-to-month,Bank transfer (automatic),DSL,2,15,Weekly,0
8293-TTUHG,39,92.63,3615.98,One year,Electronic check,Fiber optic,4,5,Daily,0
2994-ZSEAJ,44,24.93,1049.69,Two year,Bank transfer (automatic),No,1,1,Daily,0
7404-RJVNZ,2,53.64,105.36,One year,Mailed check,DSL,0,1,Daily,0
1412-WMVLA,28,111.85,3117.49,Month-to-month,Bank transfer (automatic),Fiber optic,0,84,Weekly,1
1925-IKZVD,71,75.62,5279.9,One year,Bank transfer (automatic),Fiber optic,2,20,Rarely,0
8781-ANNTG,49,86.32,4066.67,One year,Bank transfer (automatic),Fiber optic,4,2,Daily,1
5274-VKIKY,60,25.01,1474.26,One year,Electronic check,No,1,21,Daily,0
6586-KOXAN,42,71.16,2840.16,Two year,Credit card (automatic),Fiber optic,6,4,Daily,0
6430-SXBSU,47,78.96,3604.12,Month-to-month,Credit card (automatic),DSL,2,64,Weekly,0
7253-JTMRK,17,71.94,1239.96,Month-to-month,Electronic check,Fiber optic,5,15,Weekly,1
3209-EVFEX,6,101.96,614.2,Month-to-month,Bank transfer (automatic),Fiber optic,1,50,Rarely,1
2604-YPPJP,48,23.29,1103.99,Two year,Mailed check,No,0,15,Weekly,0
1382-PNROW,43,18.93,851.42,One year,Mailed check,No,0,6,Weekly,0
8782-RKRFF,27,110.65,2851.88,Month-to-month,Electronic check,Fiber optic,2,29,Weekly,1
3012-VPBJZ,1,74.17,75.21,Month-to-month,Mailed check,Fiber optic,1,4,Daily,0
6175-QWOBE,7,111.29,788.48,Month-to-month,Bank transfer (automatic),Fiber optic,2,1,Daily,1
5093-CTTLS,60,25.87,1555.43,Month-to-month,Electronic check,No,1,90,Rarely,0
2461-OTRLQ,9,102.6,901.58,Two year,Mailed check,Fiber optic,1,12,Daily,1
4724-ITXFR,6,115.12,691.0,Month-to-month,Bank transfer (automatic),Fiber optic,4,16,Weekly,1
1748-CJRHG,13,100.33,1300.41,One year,Electronic check,Fiber optic,0,16,Rarely,1
2589-JCQDI,52,84.13,4219.85,One year,Credit card (automatic),DSL,0,18,Weekly,0
2257-IZZCE,12,108.65,1269.46,Month-to-month,Bank transfer (automatic),Fiber optic,5,43,Daily,1
8418-THQXE,2,70.25,139.62,Month-to-month,Bank transfer (automatic),DSL,2,18,Weekly,0
6106-ZBFNW,54,25.92,1381.77,Month-to-month,Mailed check,No,2,8,Daily,0
9330-ODGTO,59,93.47,5310.7,Two year,Electronic check,Fiber optic,2,22,Weekly,0
4923-ANKAG,22,61.25,1312.25,One year,Credit card (automatic),DSL,1,0,Daily,0
2811-YSBAI,51,24.89,1281.04,One year,Electronic check,No,1,11,Daily,0
6476-MLSEB,4,23.56,96.16,Month-to-month,Bank transfer (automatic),No,1,32,Weekly,0
9365-RXEJQ,65,45.63,3040.55,Two year,Electronic check,DSL,0,6,Daily,0
5792-EWFNI,31,53.17,1654.8,Two year,Bank transfer (automatic),DSL,4,26,Weekly,0
1160-RFCNW,66,98.36,6202.89,Month-to-month,Mailed check,Fiber optic,4,5,Weekly,0
3732-QTLDL,50,70.78,3443.83,Month-to-month,Mailed check,Fiber optic,4,49,Rarely,0
9323-ZUSHP,11,62.48,702.96,Month-to-month,Credit card (automatic),DSL,1,21,Daily,0
5664-QRXRF,8,81.35,637.03,Month-to-month,Credit card (automatic),Fiber optic,3,42,Weekly,1
9566-FQWYP,56,81.48,4640.53,One year,Electronic check,Fiber optic,2,10,Weekly,0
5582-NVZAI,7,25.22,179.15,One year,Credit card (automatic),No,1,12,Weekly,0
1108-IOHIA,15,20.62,309.79,Two year,Electronic check,No,0,17,Daily,0
8856-ALZHG,42,80.32,3308.81,Month-to-month,Bank transfer (automatic),DSL,1,22,Weekly,0
7866-GZRQE,12,95.89,1102.33,Month-to-month,Credit card (automatic),Fiber optic,0,7,Daily,1
7436-XFZYO,66,115.0,7764.12,Month-to-month,Electronic check,Fiber optic,4,32,Weekly,1
9730-WZPTP,46,105.37,4724.52,Two year,Bank transfer (automatic),Fiber optic,1,31,Weekly,0
2765-NIRGF,64,58.04,3633.98,Two year,Bank transfer (automatic),DSL,1,15,Weekly,0
9152-HAYGU,3,71.71,207.01,Two year,Mailed check,Fiber optic,1,11,Weekly,0
3093-LIFVN,0,25.19,,Month-to-month,Credit card (automatic),No,0,38,Rarely,1
9735-LRURM,11,71.54,823.11,Month-to-month,Bank transfer (automatic),DSL,1,12,Weekly,1
2722-XXZCX,6,45.2,270.71,Month-to-month,Credit card (automatic),DSL,2,12,Rarely,1
5952-FQRFA,21,115.35,2388.89,Month-to-month,Electronic check,Fiber optic,4,7,Daily,1
8103-YXEPD,4,22.16,88.79,One year,Electronic check,No,1,2,Daily,0
1703-OITOM,9,71.43,635.89,Month-to-month,Bank transfer (automatic),Fiber optic,1,0,Daily,0
1600-RMAPU,62,52.61,3199.39,Two year,Credit card (automatic),DSL,1,5,Daily,0
8647-MEAHT,7,24.95,182.89,Month-to-month,Bank transfer (automatic),No,4,90,Rarely,1
1543-IYILT,1,90.33,94.26,Month-to-month,Mailed check,Fiber optic,4,35,Daily,1
6523-PBBFW,70,109.18,7738.63,Two year,Credit card (automatic),Fiber optic,2,13,Weekly,0
9443-ABUQZ,14,57.53,766.72,Month-to-month,Credit card (automatic),DSL,0,14,Weekly,1
6532-FRDPC,3,45.16,133.74,Month-to-month,Bank transfer (automatic),DSL,1,24,Weekly,0
5328-XKGZB,58,79.44,4468.8,Two year,Electronic check,Fiber optic,1,19,Rarely,0
4754-UNRGW,41,25.11,1038.08,One year,Bank transfer (automatic),No,0,7,Daily,0
6742-LKLHI,10,78.79,779.98,Month-to-month,Electronic check,Fiber optic,3,12,Weekly,1
6146-DMMJZ,6,25.52,151.84,Month-to-month,Mailed check,No,1,40,Rarely,1
5515-CXWAS,72,83.99,6303.06,Two year,Credit card (automatic),Fiber optic,3,3,Daily,0
2382-FBWDH,4,117.12,487.41,One year,Credit card (automatic),Fiber optic,1,9,Weekly,1
6963-CDBVB,66,74.7,4817.45,One year,Bank transfer (automatic),Fiber optic,3,1,Daily,0
7657-TEXWQ,8,96.6,782.34,Month-to-month,Electronic check,Fiber optic,2,8,Weekly,1
7378-VHUFP,2,40.64,84.25,Month-to-month,Electronic check,DSL,3,90,Rarely,1
1675-XSHTW,58,20.42,1238.83,Two year,Electronic check,No,1,6,Weekly,0
7325-XTTUT,72,78.35,5778.83,Two year,Electronic check,DSL,1,47,Weekly,0
7567-DUEOI,6,19.9,114.62,Month-to-month,Electronic check,No,4,32,Rarely,1
2650-FHCLK,12,25.19,307.72,Month-to-month,Bank transfer (automatic),No,1,5,Daily,0
8639-KCPEW,56,66.13,3700.09,Two year,Electronic check,DSL,1,2,Daily,0
5714-ABHKZ,21,72.42,1488.71,Month-to-month,Electronic check,DSL,4,30,Rarely,1
5251-NJVGX,44,87.43,3997.55,Month-to-month,Credit card (automatic),Fiber optic,1,11,Weekly,0
7503-KIHAR,4,117.77,477.61,Month-to-month,Bank transfer (automatic),Fiber optic,3,27,Weekly,1
5587-PQQAW,54,110.09,6190.4,Two year,Bank transfer (automatic),Fiber optic,3,1,Daily,0
5902-NRATR,4,80.94,309.75,Month-to-month,Mailed check,DSL,1,6,Daily,0
3809-JYQXV,6,19.59,120.88,Month-to-month,Credit card (automatic),No,4,29,Daily,1
9349-FZTEU,8,82.94,669.26,Month-to-month,Bank transfer (automatic),Fiber optic,3,14,Daily,1
9724-LWEGJ,12,110.79,1303.08,Month-to-month,Electronic check,Fiber optic,1,63,Rarely,1
2173-LQFSA,37,23.52,903.02,Month-to-month,Bank transfer (automatic),No,1,1,Daily,0
7597-IRGLP,11,88.67,1004.35,Month-to-month,Mailed check,Fiber optic,3,10,Weekly,1
1209-GZWZM,18,92.52,1676.75,One year,Credit card (automatic),Fiber optic,0,4,Daily,0
4320-IZSUE,11,21.79,251.0,Month-to-month,Mailed check,No,3,43,Rarely,1
9729-WNUVC,2,22.68,46.71,Month-to-month,Credit card (automatic),No,1,54,Weekly,1
2573-CBQXA,65,22.17,1436.35,Two year,Credit card (automatic),No,1,15,Weekly,0
4392-DMKCP,37,21.91,774.56,One year,Electronic check,No,1,2,Weekly,0
2975-XFAFE,7,54.07,382.61,Month-to-month,Credit card (automatic),DSL,1,5,Daily,1
7553-MCJDR,1,21.87,21.72,Month-to-month,Mailed check,No,1,7,Weekly,0
5174-MBBMP,22,19.83,439.72,One year,Credit card (automatic),No,1,4,Weekly,0
6337-EIPMD,54,79.26,4086.24,One year,Bank transfer (automatic),Fiber optic,2,10,Weekly,0
9482-KFYUI,33,103.38,3521.95,One year,Mailed check,Fiber optic,2,5,Daily,0
5688-GDTXH,65,116.78,7822.33,Two year,Electronic check,Fiber optic,3,3,Daily,1
7606-QGXHC,2,80.3,164.69,Month-to-month,Electronic check,Fiber optic,1,0,Daily,1
1881-WYKXG,53,81.0,4413.23,One year,Bank transfer (automatic),DSL,3,3,Daily,0
2936-HNPKU,2,100.34,194.29,Month-to-month,Electronic check,Fiber optic,0,14,Weekly,1
9520-UDZEN,1,116.21,116.35,Month-to-month,Electronic check,Fiber optic,2,11,Weekly,1
8735-KLDIA,23,89.17,2103.76,One year,Mailed check,Fiber optic,1,3,Daily,0
6909-ZDMFE,4,23.68,95.89,Month-to-month,Electronic check,No,2,7,Daily,0
4403-KZMYV,19,64.02,1218.51,Month-to-month,Mailed check,DSL,1,43,Weekly,1
2798-LXJNR,7,25.83,178.19,Month-to-month,Mailed check,No,1,4,Weekly,0
8664-PVEMR,72,72.93,5336.22,Two year,Electronic check,Fiber optic,0,13,Weekly,0
8066-IWHHI,62,18.94,1120.18,One year,Bank transfer (automatic),No,0,8,Weekly,0
3175-RDDUF,35,78.75,2626.2,Two year,Electronic check,DSL,1,26,Weekly,0
6307-CGKAV,22,41.46,906.29,Month-to-month,Electronic check,DSL,1,17,Daily,1
6567-DKFHB,1,114.01,114.56,Month-to-month,Electronic check,Fiber optic,2,15,Rarely,1
5296-YYDFX,59,74.56,4321.74,Two year,Electronic check,Fiber optic,4,19,Weekly,1
9339-KBDKO,27,75.45,2074.27,One year,Electronic check,Fiber optic,2,3,Daily,0
2116-QDJGN,33,86.04,2961.19,One year,Bank transfer (automatic),Fiber optic,2,11,Weekly,0
3320-IFVOM,6,105.25,608.0,Month-to-month,Bank transfer (automatic),Fiber optic,3,23,Weekly,1
1855-DBUZP,10,22.83,227.71,Month-to-month,Electronic check,No,2,2,Weekly,1
7235-BMHBD,11,80.81,928.26,Month-to-month,Mailed check,DSL,1,90,Rarely,1
6795-MLOSG,67,67.96,4760.51,Two year,Credit card (automatic),DSL,4,19,Weekly,0
9884-HRFBW,57,22.97,1308.07,Two year,Mailed check,No,0,10,Weekly,0
5880-FDTND,68,97.66,6820.51,Month-to-month,Credit card (automatic),Fiber optic,2,3,Daily,1
2355-WGRQV,28,89.69,2434.01,One year,Electronic check,Fiber optic,2,17,Weekly,0
5057-SSBYD,19,101.0,1977.5,Month-to-month,Bank transfer (automatic),Fiber optic,3,56,Weekly,1
1795-GLHPB,51,83.76,4474.9,Two year,Mailed check,DSL,0,10,Weekly,0
7037-LJQNT,5,117.15,575.9,Month-to-month,Bank transfer (automatic),Fiber optic,3,13,Rarely,1
7067-EYKJO,19,44.1,815.68,One year,Mailed check,DSL,1,9,Daily,0
8717-EVGYD,37,59.96,2133.73,Month-to-month,Bank transfer (automatic),DSL,2,12,Daily,0
4057-WKPWD,1,66.25,65.9,Month-to-month,Credit card (automatic),DSL,4,23,Daily,1
3790-JYDCN,7,71.93,494.77,Month-to-month,Mailed check,DSL,0,26,Rarely,1
1641-AZXEE,4,20.75,82.99,Month-to-month,Bank transfer (automatic),No,1,6,Daily,0
4735-UNVZK,38,25.87,984.82,One year,Electronic check,No,0,7,Rarely,0
5277-GQQLH,0,58.1,,Two year,Mailed check,DSL,1,2,Weekly,0
7789-GNLLC,6,83.84,522.29,Month-to-month,Mailed check,Fiber optic,4,10,Rarely,1
7783-WSXVQ,0,107.83,,Month-to-month,Bank transfer (automatic),Fiber optic,2,51,Rarely,1
2262-HROYG,70,66.05,4743.19,Two year,Credit card (automatic),DSL,1,4,Daily,0
3565-ADERD,71,80.61,5756.72,Two year,Bank transfer (automatic),DSL,0,7,Daily,0
5602-DKULH,49,75.16,3766.15,One year,Bank transfer (automatic),Fiber optic,0,15,Weekly,0
4015-HVLJU,64,41.51,2709.9,One year,Mailed check,DSL,1,4,Daily,0
1229-JJTIN,12,25.57,316.9,One year,Electronic check,No,1,9,Daily,0
8610-RFDWH,2,21.84,42.21,Month-to-month,Bank transfer (automatic),No,1,10,Weekly,0
7580-IPCBK,39,80.48,3231.59,Two year,Mailed check,Fiber optic,4,40,Rarely,1
5680-ZOPPW,44,24.07,1029.94,Month-to-month,Credit card (automatic),No,2,4,Daily,0
3857-VAOOF,62,84.88,5361.35,One year,Credit card (automatic),DSL,0,14,Rarely,0
8583-ZGVCP,8,118.44,991.08,Month-to-month,Electronic check,Fiber optic,2,37,Rarely,1
1317-TNCDP,71,83.31,5965.12,Month-to-month,Electronic check,DSL,0,59,Weekly,1
5017-WPCUL,4,77.59,322.33,Month-to-month,Mailed check,Fiber optic,3,8,Daily,1
8207-BJFZX,28,111.24,3211.52,Month-to-month,Electronic check,Fiber optic,2,60,Rarely,1
9575-COALE,72,44.71,3283.89,Two year,Electronic check,DSL,0,13,Daily,0
3262-TBXGG,19,87.31,1588.34,Two year,Mailed check,Fiber optic,4,0,Daily,0
6856-XXCCW,49,47.2,2202.74,Two year,Credit card (automatic),DSL,0,23,Weekly,0
2706-ZMEDG,69,55.38,3976.55,One year,Electronic check,DSL,2,23,Weekly,0
2042-RCQUD,56,20.36,1162.65,Month-to-month,Credit card (automatic),No,1,14,Weekly,0
4176-ZZHCI,59,80.25,4757.21,Two year,Bank transfer (automatic),DSL,1,1,Daily,0
8964-GHYEI,17,84.44,1364.1,One year,Bank transfer (automatic),DSL,2,1,Weekly,0
7204-UBBHZ,7,46.99,316.57,Month-to-month,Electronic check,DSL,2,21,Weekly,1
5402-VYWDK,57,76.29,4431.07,Two year,Electronic check,Fiber optic,0,10,Weekly,0
3545-NEZPW,38,19.73,729.85,Month-to-month,Electronic check,No,1,22,Weekly,0
2274-GSCAQ,42,22.74,941.38,Month-to-month,Credit card (automatic),No,4,4,Daily,1
3436-BHUMJ,47,112.78,5475.21,Two year,Credit card (automatic),Fiber optic,1,7,Weekly,0
2374-HRYTJ,3,106.16,312.89,Month-to-month,Electronic check,Fiber optic,1,31,Weekly,1
2683-KCDGK,28,21.67,607.83,One year,Mailed check,No,0,1,Daily,0
7187-ZWCIB,70,116.51,7805.48,Two year,Mailed check,Fiber optic,2,8,Daily,0
2194-BJYER,4,22.54,90.12,Month-to-month,Electronic check,No,2,5,Daily,1
1426-KOWVV,7,75.1,537.08,One year,Credit card (automatic),DSL,0,12,Weekly,0
5880-KBZZW,9,94.25,825.26,Month-to-month,Bank transfer (automatic),Fiber optic,3,25,Rarely,1
3579-MHEJI,24,69.65,1684.92,Two year,Mailed check,DSL,2,67,Weekly,0
5092-HYRFQ,11,88.25,979.27,Month-to-month,Electronic check,Fiber optic,3,15,Weekly,0
2257-SNYZL,61,18.89,1188.66,One year,Electronic check,No,3,9,Rarely,0
2889-MFUYR,7,99.71,688.28,Month-to-month,Mailed check,Fiber optic,3,15,Weekly,1
4969-FNUBP,4,84.01,349.3,One year,Bank transfer (automatic),Fiber optic,2,2,Daily,0
7209-RNQXD,10,64.33,641.39,Month-to-month,Bank transfer (automatic),DSL,1,5,Daily,1
4728-OUVMZ,0,101.59,,Month-to-month,Credit card (automatic),Fiber optic,3,17,Weekly,1
5874-ILVLI,65,21.89,1362.68,Two year,Bank transfer (automatic),No,1,4,Daily,0
5696-OQZQE,69,46.23,3320.96,Two year,Credit card (automatic),DSL,1,12,Weekly,0
3419-BZKFF,48,76.04,3495.71,Two year,Bank transfer (automatic),DSL,2,15,Daily,0
3516-CFURP,60,78.36,4839.72,Month-to-month,Credit card (automatic),Fiber optic,4,19,Weekly,0
4831-ARZYK,4,76.27,319.92,Month-to-month,Electronic check,Fiber optic,4,41,Rarely,1
1288-PHXXF,54,85.39,4766.3,One year,Electronic check,Fiber optic,1,6,Daily,0
7167-MGPHS,42,41.68,1734.04,Two year,Credit card (automatic),DSL,1,0,Daily,0
6528-ZWEDV,66,87.13,5596.88,One year,Electronic check,Fiber optic,1,12,Weekly,0
3754-CKZLA,25,106.74,2578.02,Month-to-month,Electronic check,Fiber optic,2,57,Weekly,1
4363-ZSIPP,1,108.33,106.89,Month-to-month,Mailed check,Fiber optic,3,16,Weekly,1
3957-OYUGZ,11,60.01,659.47,Month-to-month,Bank transfer (automatic),DSL,4,43,Rarely,1
6861-ZBHPW,11,47.45,520.64,Month-to-month,Electronic check,DSL,1,69,Weekly,1
7836-SOHCX,34,117.23,4033.2,Month-to-month,Bank transfer (automatic),Fiber optic,1,30,Daily,1
1977-NLZEG,13,109.96,1471.18,Two year,Electronic check,Fiber optic,3,2,Daily,0
4719-WHYWC,48,39.24,1820.63,Two year,Electronic check,DSL,0,25,Weekly,0
1123-LTMFB,2,23.05,45.32,Month-to-month,Credit card (automatic),No,4,22,Weekly,1
5069-AEGHW,45,25.59,1179.52,Month-to-month,Electronic check,No,3,8,Rarely,0
3234-NDCDI,20,81.74,1698.82,Two year,Mailed check,DSL,2,19,Weekly,0
4021-TBKLD,1,89.37,92.4,Month-to-month,Electronic check,Fiber optic,5,2,Daily,1
5108-BFDUX,9,99.65,938.91,Month-to-month,Credit card (automatic),Fiber optic,3,46,Weekly,1
3913-QTTWC,43,99.89,4423.23,Month-to-month,Electronic check,Fiber optic,1,10,Rarely,0
4546-ZLOUM,17,105.4,1876.4,Month-to-month,Electronic check,Fiber optic,0,25,Rarely,1
7882-GAECJ,11,115.66,1327.69,Month-to-month,Mailed check,Fiber optic,2,43,Rarely,1
8291-UIPEP,5,92.62,470.28,Month-to-month,Electronic check,Fiber optic,3,1,Daily,1
1052-YIMZP,1,41.84,42.7,Month-to-month,Electronic check,DSL,0,70,Rarely,1
4400-KDYPB,64,105.02,6592.6,Two year,Electronic check,Fiber optic,2,41,Rarely,0
8621-OZYFK,51,115.89,6145.99,One year,Mailed check,Fiber optic,1,10,Weekly,0
5773-ZUOHT,10,79.05,806.26,Month-to-month,Credit card (automatic),DSL,3,8,Rarely,1
2847-PNYJQ,45,71.19,3330.51,One year,Mailed check,Fiber optic,0,1,Daily,0
6341-BSOWI,53,79.6,4097.1,One year,Credit card (automatic),DSL,1,3,Daily,0
2304-YOFEF,7,77.14,532.9,Month-to-month,Credit card (automatic),Fiber optic,2,76,Daily,1
1196-HOWZR,12,84.03,966.47,Month-to-month,Credit card (automatic),DSL,0,29,Rarely,1
6691-MPIGN,10,105.95,1105.31,Month-to-month,Credit card (automatic),Fiber optic,3,33,Rarely,1
5635-VBCEF,1,76.12,78.49,Month-to-month,Credit card (automatic),Fiber optic,1,8,Weekly,1
7807-DDAJS,51,74.89,3919.7,One year,Electronic check,Fiber optic,1,9,Weekly,0
4103-EIZEZ,48,83.48,3981.99,One year,Electronic check,Fiber optic,3,16,Weekly,0
8687-NSIIK,42,81.13,3240.76,Month-to-month,Electronic check,Fiber optic,1,0,Daily,0
4791-DIXAO,9,18.53,174.6,Month-to-month,Bank transfer (automatic),No,0,3,Daily,0
7641-RDCOF,62,113.18,6935.86,One year,Mailed check,Fiber optic,0,20,Weekly,0
1902-ZEDII,7,76.13,519.47,Month-to-month,Mailed check,Fiber optic,2,16,Daily,1
1874-ERJNG,11,25.92,295.21,One year,Credit card (automatic),No,0,4,Daily,0
8044-CBBWG,5,82.8,401.82,Month-to-month,Electronic check,Fiber optic,3,27,Weekly,1
8505-HPCPN,67,97.86,6341.15,Two year,Credit card (automatic),Fiber optic,0,2,Daily,0
9480-UDAUJ,50,103.87,5178.64,One year,Bank transfer (automatic),Fiber optic,3,2,Weekly,0
3921-BOMYY,19,52.85,999.99,Month-to-month,Bank transfer (automatic),DSL,1,29,Weekly,1
1200-OETFV,52,59.97,3238.53,Two year,Electronic check,DSL,0,8,Daily,0
9818-PJZNK,6,107.49,676.94,One year,Electronic check,Fiber optic,3,18,Weekly,1
6411-EQHDD,36,73.13,2569.3,One year,Bank transfer (automatic),Fiber optic,4,8,Weekly,0
3223-QXGFP,68,87.54,5774.5,Two year,Credit card (automatic),Fiber optic,3,9,Weekly,0
7873-DCQNA,68,75.34,5106.77,Two year,Bank transfer (automatic),DSL,1,1,Daily,0
9134-GFRRT,27,20.99,563.43,Month-to-month,Credit card (automatic),No,3,45,Weekly,1
3562-CWFZW,8,72.87,601.78,Month-to-month,Electronic check,Fiber optic,2,39,Rarely,1
7926-LURUA,64,79.11,4858.91,Two year,Bank transfer (automatic),Fiber optic,1,25,Weekly,0
8087-CXUQI,36,70.15,2439.66,Month-to-month,Bank transfer (automatic),DSL,2,16,Daily,0
5514-KKLQT,8,116.92,907.7,Month-to-month,Electronic check,Fiber optic,1,6,Daily,1
6690-JVCVR,10,49.52,474.53,Month-to-month,Mailed check,DSL,1,49,Rarely,1
3425-NJJJY,11,95.1,1000.57,Month-to-month,Electronic check,Fiber optic,5,8,Weekly,1
9361-AQZOQ,20,20.3,406.61,Month-to-month,Bank transfer (automatic),No,3,76,Rarely,1
9846-PNQXS,38,114.78,4531.74,Month-to-month,Credit card (automatic),Fiber optic,4,27,Weekly,1
9828-WOUWF,6,25.25,156.39,Month-to-month,Credit card (automatic),No,4,17,Weekly,1
7633-WRLUE,2,88.97,172.47,Month-to-month,Electronic check,Fiber optic,4,1,Daily,1
1381-SOXQN,21,40.7,824.27,Month-to-month,Bank transfer (automatic),DSL,1,6,Daily,0
4297-NOXUC,26,23.06,606.28,One year,Bank transfer (automatic),No,1,7,Daily,0
5003-NHEWW,2,23.21,45.63,Month-to-month,Bank transfer (automatic),No,1,42,Daily,1
9637-YKLUF,3,99.96,300.05,Month-to-month,Electronic check,Fiber optic,2,17,Daily,1
5922-BKQLF,51,52.62,2741.8,Two year,Mailed check,DSL,0,18,Weekly,0
5824-NYHKI,60,71.16,4439.84,Two year,Mailed check,Fiber optic,1,3,Weekly,0
2320-HRJQA,7,40.48,274.48,Month-to-month,Credit card (automatic),DSL,1,79,Weekly,1
8142-RCJWI,68,24.34,1583.93,Two year,Credit card (automatic),No,0,5,Daily,0
4026-SJXYX,56,95.76,5216.48,Month-to-month,Bank transfer (automatic),Fiber optic,3,90,Rarely,1
1826-KIPVN,2,51.47,103.49,Month-to-month,Electronic check,DSL,2,24,Rarely,1
9887-TWTJG,64,81.07,4975.7,One year,Mailed check,DSL,1,3,Daily,0
2710-LOVHE,26,79.68,2035.98,One year,Credit card (automatic),DSL,0,14,Weekly,0
1146-IPGKG,38,109.58,4082.98,Two year,Electronic check,Fiber optic,2,1,Weekly,0
1700-ZNSNA,39,67.6,2533.54,One year,Credit card (automatic),DSL,0,1,Daily,0
5072-GVNST,9,99.83,941.59,Month-to-month,Electronic check,Fiber optic,4,9,Daily,1
1926-OPGGD,66,95.74,6542.79,Two year,Credit card (automatic),Fiber optic,2,2,Daily,0
8583-HQYLP,69,78.89,5493.94,Two year,Credit card (automatic),Fiber optic,0,6,Daily,0
5611-WRGHQ,3,105.28,327.98,Month-to-month,Credit card (automatic),Fiber optic,3,33,Weekly,1
3914-HGPQG,46,62.95,2833.55,Two year,Mailed check,DSL,2,10,Daily,0
1028-BTKQE,67,64.12,4444.12,Two year,Credit card (automatic),DSL,1,11,Daily,0
5317-IPDIS,52,70.67,3740.49,Two year,Mailed check,DSL,0,2,Daily,0
2361-UJCAO,42,21.29,870.32,Month-to-month,Electronic check,No,0,48,Rarely,1
9801-SPKAF,5,104.16,529.87,Month-to-month,Mailed check,Fiber optic,1,90,Weekly,1
3619-AMIBP,11,50.42,555.26,Month-to-month,Credit card (automatic),DSL,0,27,Rarely,1
5273-JZKCS,5,111.98,559.75,Month-to-month,Electronic check,Fiber optic,2,51,Daily,1
1167-SYSJR,72,84.36,6334.91,Two year,Mailed check,DSL,1,10,Daily,0
2178-UNUZT,68,98.7,6637.19,Two year,Bank transfer (automatic),Fiber optic,2,25,Weekly,0
2867-NMVWG,64,56.55,3770.51,Two year,Credit card (automatic),DSL,0,12,Rarely,0
1465-AUGZA,7,20.66,149.37,Month-to-month,Electronic check,No,1,25,Rarely,1
7533-XRHAW,49,113.3,5508.72,Month-to-month,Electronic check,Fiber optic,5,21,Weekly,0
9507-DCURD,51,85.85,4498.97,One year,Electronic check,Fiber optic,1,37,Rarely,1
9867-IRRJK,39,76.45,2866.7,Month-to-month,Bank transfer (automatic),DSL,3,3,Daily,0
3392-CAZGY,68,57.79,3930.16,Month-to-month,Bank transfer (automatic),DSL,1,12,Weekly,0
8097-BZLUV,39,79.47,2963.75,Month-to-month,Mailed check,DSL,0,31,Rarely,1
5536-JTIUY,12,21.74,252.96,Month-to-month,Mailed check,No,2,2,Daily,0
1412-USJCN,4,22.83,90.02,Month-to-month,Mailed check,No,0,33,Rarely,0
1816-DNWCX,1,44.64,42.82,Month-to-month,Electronic check,DSL,2,71,Rarely,1
5929-PBSAP,8,25.82,214.65,One year,Electronic check,No,0,1,Rarely,0
4812-NTJDK,53,97.3,5350.6,Two year,Mailed check,Fiber optic,0,1,Daily,0
1075-TYFJW,2,23.15,44.0,Month-to-month,Credit card (automatic),No,2,90,Weekly,1
9370-IGVMP,12,19.44,223.94,Month-to-month,Mailed check,No,0,11,Daily,1
7572-MPGTJ,7,23.68,173.05,Month-to-month,Mailed check,No,0,46,Rarely,0
5521-NEAOD,15,90.68,1292.59,One year,Credit card (automatic),Fiber optic,1,9,Daily,0
9881-XYIHN,72,90.52,6814.94,Two year,Mailed check,Fiber optic,1,6,Daily,0
9739-FWCLE,43,92.95,4025.95,One year,Electronic check,Fiber optic,3,17,Rarely,0
9764-VDLVL,72,63.65,4607.74,Two year,Mailed check,DSL,1,11,Daily,0
3329-EEPDJ,71,108.97,7377.17,One year,Electronic check,Fiber optic,3,7,Weekly,0
8927-PJVRD,52,21.06,1080.09,Two year,Credit card (automatic),No,1,12,Daily,0
5540-VXFJK,64,79.51,5259.93,Two year,Credit card (automatic),DSL,0,7,Daily,0
7533-LMXQX,36,75.37,2665.43,Month-to-month,Electronic check,Fiber optic,5,54,Weekly,1
8734-JNCHP,69,63.41,4552.67,One year,Mailed check,DSL,1,12,Weekly,0
2469-EYHEU,4,102.89,412.18,Month-to-month,Electronic check,Fiber optic,3,17,Weekly,1
5033-CIFSV,52,83.64,4496.44,One year,Electronic check,DSL,1,6,Daily,0
2159-FKMRJ,40,21.49,883.92,Month-to-month,Electronic check,No,1,16,Weekly,0
3515-NNAOO,12,23.59,282.05,Month-to-month,Electronic check,No,1,29,Weekly,1
4721-ZNXJS,64,75.17,4971.97,Two year,Bank transfer (automatic),DSL,0,25,Daily,0
8698-XDOXO,69,77.3,5527.26,Two year,Mailed check,DSL,1,11,Weekly,0
8763-XKXQM,66,81.18,5605.23,One year,Bank transfer (automatic),DSL,1,4,Daily,0
4508-FEHTM,67,54.91,3522.86,Two year,Credit card (automatic),DSL,0,11,Daily,0
3962-KMIUK,69,110.86,7885.49,One year,Credit card (automatic),Fiber optic,4,14,Daily,0
5775-MOQIB,18,83.02,1519.18,Two year,Electronic check,DSL,0,22,Weekly,0
9205-ROQON,52,92.76,4920.17,One year,Mailed check,Fiber optic,1,41,Rarely,0
9787-YBCYX,4,70.8,295.29,Month-to-month,Credit card (automatic),DSL,1,11,Weekly,1
3040-KOLZL,12,53.86,616.53,One year,Credit card (automatic),DSL,0,3,Daily,0
2678-TJJRK,31,20.42,649.18,Month-to-month,Bank transfer (automatic),No,0,13,Daily,0
7360-AEWJC,47,20.58,955.2,Two year,Electronic check,No,1,2,Daily,0
3712-YZMQT,38,41.37,1588.3,One year,Mailed check,DSL,0,36,Weekly,0
2797-BHOOI,52,98.05,4963.86,One year,Electronic check,Fiber optic,2,6,Daily,0
1279-AYPTL,5,78.64,384.99,Month-to-month,Electronic check,DSL,0,86,Weekly,1
4628-NLLRZ,65,20.65,1357.88,One year,Electronic check,No,2,20,Weekly,0
4526-URANY,41,18.74,758.24,One year,Bank transfer (automatic),No,0,8,Weekly,0
6066-KOIES,63,83.73,5168.36,Month-to-month,Bank transfer (automatic),Fiber optic,0,80,Rarely,1
2801-IPPWY,8,107.44,819.63,Month-to-month,Bank transfer (automatic),Fiber optic,3,7,Weekly,1
7428-OBPXM,21,21.86,443.13,One year,Credit card (automatic),No,1,7,Daily,0
7119-OTLKM,62,74.29,4656.02,Month-to-month,Bank transfer (automatic),DSL,3,8,Daily,0
5160-WMIPS,20,80.53,1595.45,Month-to-month,Mailed check,Fiber optic,2,52,Rarely,1
2631-XXUTL,12,68.53,783.66,Month-to-month,Credit card (automatic),DSL,0,48,Weekly,0
5562-IOSNF,10,72.63,715.45,Month-to-month,Electronic check,DSL,2,22,Daily,1
7072-ABLUU,12,109.25,1293.34,Month-to-month,Mailed check,Fiber optic,0,17,Weekly,1
4354-VSAWY,40,70.47,2742.59,Two year,Electronic check,DSL,3,21,Weekly,0
3371-WLFXE,38,80.9,2971.67,Month-to-month,Credit card (automatic),DSL,1,1,Daily,0
5558-UZXNV,38,44.8,1618.9,One year,Electronic check,DSL,0,19,Weekly,0
4196-VZJQV,62,22.63,1421.19,Two year,Electronic check,No,3,6,Daily,0
4604-FFKJT,6,59.69,367.73,One year,Bank transfer (automatic),DSL,2,2,Daily,0
4139-YEIYP,10,118.47,1152.98,Month-to-month,Credit card (automatic),Fiber optic,4,28,Rarely,1
3730-FPWJM,69,64.27,4357.11,Two year,Credit card (automatic),DSL,1,15,Weekly,0
7450-PVOYT,53,23.64,1303.0,One year,Electronic check,No,3,7,Rarely,0
5141-KMSBF,48,81.28,4083.39,One year,Credit card (automatic),DSL,0,8,Weekly,0
5198-GUVVC,61,76.91,4722.77,One year,Electronic check,Fiber optic,4,8,Daily,0
6877-HIAGL,54,86.46,4621.8,One year,Electronic check,Fiber optic,1,23,Weekly,0
4251-XEWVE,51,85.68,4582.25,One year,Electronic check,Fiber optic,2,54,Rarely,1
1909-GLYUZ,23,19.38,426.05,Month-to-month,Electronic check,No,0,90,Rarely,1
8672-IXYPE,2,64.76,126.87,Month-to-month,Bank transfer (automatic),DSL,3,9,Weekly,0
1501-GDUIS,11,53.1,585.58,Month-to-month,Bank transfer (automatic),DSL,2,4,Daily,1
6146-GZUJM,34,78.01,2585.14,Two year,Bank transfer (automatic),Fiber optic,1,1,Weekly,0
3392-BDZVV,33,71.06,2444.22,One year,Mailed check,Fiber optic,0,14,Daily,0
2924-QFCSI,1,18.69,18.74,Month-to-month,Bank transfer (automatic),No,0,6,Daily,0
1377-AAOVJ,5,56.98,296.02,Month-to-month,Credit card (automatic),DSL,2,53,Rarely,1
9099-ZJTGP,61,23.08,1384.02,Two year,Electronic check,No,0,14,Weekly,0
4862-HULBG,1,48.78,47.15,Month-to-month,Mailed check,DSL,1,15,Weekly,1
4083-JMHPZ,56,80.87,4717.12,Month-to-month,Credit card (automatic),DSL,3,7,Daily,1
7670-SIRZG,70,80.19,5601.18,Two year,Electronic check,Fiber optic,0,9,Daily,0
1350-GBVVK,63,83.12,5390.03,One year,Electronic check,Fiber optic,2,5,Daily,0
6080-WQZXY,9,52.99,468.11,Month-to-month,Electronic check,DSL,2,11,Weekly,0
5450-KQEXI,70,19.68,1323.79,One year,Bank transfer (automatic),No,0,20,Weekly,0
5980-LPUTY,32,84.96,2755.03,One year,Electronic check,DSL,3,1,Daily,0
2115-SUOKX,1,23.88,23.31,Month-to-month,Electronic check,No,2,10,Daily,0
9571-JQHMJ,47,52.82,2585.99,One year,Mailed check,DSL,1,11,Weekly,0
3145-GVTSC,11,83.77,902.48,Month-to-month,Mailed check,DSL,0,64,Rarely,1
7105-GFSXJ,62,23.26,1411.31,Month-to-month,Credit card (automatic),No,0,55,Rarely,1
7723-IOZJH,60,74.39,4576.74,Month-to-month,Mailed check,DSL,5,25,Weekly,0
4095-NXSNT,22,86.67,1883.36,Month-to-month,Credit card (automatic),Fiber optic,2,7,Daily,1
2176-ATCKJ,66,20.13,1281.14,Month-to-month,Mailed check,No,1,10,Rarely,0
3669-RGGWM,36,59.69,2092.79,Month-to-month,Bank transfer (automatic),DSL,1,15,Rarely,1
8261-TPQRR,60,90.21,5500.98,One year,Bank transfer (automatic),Fiber optic,0,12,Weekly,1
9157-XUHEV,48,117.75,5439.29,Two year,Electronic check,Fiber optic,1,15,Weekly,0
9431-JICON,6,45.68,279.46,Month-to-month,Electronic check,DSL,2,18,Rarely,1
3036-VTSOW,71,45.22,3354.43,Month-to-month,Electronic check,DSL,0,88,Weekly,0
6458-ZVJHA,70,67.57,4558.02,Two year,Electronic check,DSL,2,4,Daily,0
2359-ZTYUL,8,97.25,760.75,Month-to-month,Bank transfer (automatic),Fiber optic,1,22,Daily,1
7392-DBUHJ,69,96.49,6551.7,Month-to-month,Credit card (automatic),Fiber optic,3,35,Daily,0
4742-VMYOV,0,89.98,,One year,Mailed check,Fiber optic,0,2,Daily,1
7421-DKEBZ,6,87.51,532.81,Month-to-month,Electronic check,Fiber optic,3,45,Weekly,1
7165-NJJGD,9,74.23,699.08,Month-to-month,Electronic check,Fiber optic,1,37,Daily,1
9934-XCKDY,22,24.44,563.68,One year,Mailed check,No,0,14,Weekly,0
5397-FKTOJ,11,91.65,990.01,Month-to-month,Mailed check,Fiber optic,2,39,Rarely,1
4073-OLHPJ,9,25.23,220.41,Month-to-month,Credit card (automatic),No,1,30,Weekly,0
5740-YMTGQ,59,94.04,5409.32,Two year,Credit card (automatic),Fiber optic,1,14,Daily,0
2465-OTMSB,34,25.28,869.0,Month-to-month,Credit card (automatic),No,2,9,Weekly,0
2005-RTMAO,53,25.43,1316.58,One year,Bank transfer (automatic),No,0,1,Daily,0
5671-ULCKZ,11,97.12,1102.03,Month-to-month,Credit card (automatic),Fiber optic,1,18,Weekly,1
8427-HNJSL,0,108.68,,Month-to-month,Credit card (automatic),Fiber optic,0,16,Rarely,0
5798-JPOMG,51,43.78,2123.59,Two year,Electronic check,DSL,0,5,Daily,0
8036-CRIPJ,10,75.69,778.59,Month-to-month,Bank transfer (automatic),Fiber optic,2,37,Rarely,1
2601-WSKIT,30,103.96,3094.65,Month-to-month,Mailed check,Fiber optic,1,16,Rarely,1
5044-ABCIM,63,72.47,4790.63,Two year,Bank transfer (automatic),Fiber optic,3,2,Daily,0
6517-HEIMH,2,71.73,147.22,Two year,Mailed check,DSL,2,41,Rarely,0
4128-OJYZR,32,20.23,651.23,Month-to-month,Electronic check,No,1,9,Daily,0
1127-OAQJH,23,49.8,1102.07,Month-to-month,Credit card (automatic),DSL,3,51,Rarely,0
1660-UBGUY,3,21.2,63.74,Month-to-month,Electronic check,No,1,13,Weekly,0
9348-NNZCM,71,25.43,1826.06,Two year,Electronic check,No,3,5,Weekly,0
6445-GMXPZ,16,71.69,1187.76,Month-to-month,Credit card (automatic),DSL,0,33,Rarely,0
3380-NWEIH,2,106.45,219.53,Month-to-month,Credit card (automatic),Fiber optic,2,6,Daily,1
3329-TNFEJ,24,107.98,2704.53,One year,Credit card (automatic),Fiber optic,0,2,Weekly,0
1356-DSWZG,14,24.74,353.62,One year,Credit card (automatic),No,1,10,Daily,0
9502-LNMLF,37,19.78,730.37,Month-to-month,Electronic check,No,2,5,Daily,0
1974-CKCBN,49,115.68,5618.15,Two year,Mailed check,Fiber optic,4,1,Daily,0
7834-WOAVR,65,21.48,1392.92,Two year,Electronic check,No,1,21,Weekly,0
3162-HHXMD,44,64.84,2796.56,Month-to-month,Mailed check,DSL,1,16,Weekly,0
4020-HGKIO,50,76.27,3676.47,One year,Bank transfer (automatic),DSL,4,17,Weekly,1
3464-IQMYV,50,111.35,5431.78,One year,Credit card (automatic),Fiber optic,2,8,Weekly,0
8419-IBPIX,3,94.55,289.12,Month-to-month,Credit card (automatic),Fiber optic,0,90,Rarely,1
1295-KHIWC,5,64.06,306.82,Month-to-month,Bank transfer (automatic),DSL,2,13,Weekly,1
4170-YGWOO,10,89.87,888.92,One year,Mailed check,Fiber optic,3,23,Rarely,0
3513-FSQML,12,41.28,479.32,Month-to-month,Mailed check,DSL,1,6,Daily,0
3456-PMZBG,44,68.79,3083.86,Month-to-month,Mailed check,DSL,1,3,Daily,0
2736-WUJNA,2,23.58,46.38,Month-to-month,Electronic check,No,0,49,Rarely,0
9211-EYQBU,53,92.94,4937.64,One year,Mailed check,Fiber optic,2,4,Daily,0
4407-KOWVD,45,72.33,3364.19,One year,Electronic check,Fiber optic,0,18,Weekly,0
4763-JHXUQ,0,97.44,,Two year,Electronic check,Fiber optic,2,27,Daily,1
4466-BUOHL,62,75.0,4556.32,One year,Credit card (automatic),Fiber optic,0,14,Weekly,0
9820-LHXXB,40,59.89,2418.8,One year,Electronic check,DSL,0,4,Daily,0
4050-YKUUP,10,108.72,1138.81,Month-to-month,Mailed check,Fiber optic,1,22,Rarely,1
4074-TRWLT,11,20.2,223.73,Month-to-month,Bank transfer (automatic),No,1,0,Daily,0
3950-ZYDMN,40,81.27,3200.32,One year,Mailed check,DSL,1,6,Weekly,0
3942-QQWNS,44,71.58,3234.62,One year,Credit card (automatic),DSL,0,40,Rarely,0
1807-XCQJX,35,82.49,2921.65,Two year,Credit card (automatic),Fiber optic,0,7,Rarely,0
6437-OPTGO,49,81.14,4161.63,Two year,Electronic check,Fiber optic,2,14,Weekly,0
1226-UUFVE,57,42.43,2335.68,Two year,Mailed check,DSL,3,37,Rarely,1
3033-GWQOO,70,112.38,8250.47,Two year,Electronic check,Fiber optic,2,16,Weekly,0
2818-ZFHMV,65,18.97,1257.51,Two year,Credit card (automatic),No,1,16,Weekly,0
3623-OSVXL,33,67.81,2263.2,One year,Electronic check,DSL,1,1,Daily,0
7809-LCCMT,6,73.57,452.93,Month-to-month,Credit card (automatic),DSL,0,23,Weekly,0
6394-VKOVI,28,82.37,2225.87,Two year,Credit card (automatic),Fiber optic,5,24,Weekly,0
9916-EXOEG,17,88.45,1467.0,Two year,Credit card (automatic),Fiber optic,1,3,Daily,0
4160-IFLVT,37,52.52,1869.18,One year,Bank transfer (automatic),DSL,1,27,Daily,0
9355-XVIBD,40,108.88,4351.88,Month-to-month,Mailed check,Fiber optic,3,54,Weekly,0
1404-UISLX,36,118.28,4263.59,Month-to-month,Bank transfer (automatic),Fiber optic,2,38,Rarely,1
5537-NXGUN,43,117.07,5236.51,Month-to-month,Electronic check,Fiber optic,0,60,Daily,1
8188-EGIEY,35,73.37,2553.17,Two year,Electronic check,Fiber optic,4,4,Daily,0
5785-FPOOQ,26,70.18,1864.66,Month-to-month,Credit card (automatic),DSL,0,2,Weekly,0
9398-XZWLS,50,65.91,3263.85,Two year,Mailed check,DSL,0,8,Daily,0
3830-EWFCV,1,25.48,26.24,Month-to-month,Credit card (automatic),No,4,1,Daily,1
1299-TDZCB,63,98.03,5939.06,Two year,Electronic check,Fiber optic,1,14,Weekly,0
7964-YFGUP,40,92.19,3541.5,One year,Electronic check,Fiber optic,3,12,Daily,0
1611-NZCYG,24,91.77,2163.34,Two year,Mailed check,Fiber optic,2,17,Weekly,0
7882-QIHIO,65,111.4,7599.87,One year,Electronic check,Fiber optic,0,7,Daily,0
7600-WCRWT,72,23.54,1700.65,One year,Bank transfer (automatic),No,2,10,Weekly,0
8597-ZAJLN,65,73.59,4855.8,Month-to-month,Electronic check,Fiber optic,6,11,Daily,0
5309-IGWGY,52,81.94,4089.64,Two year,Bank transfer (automatic),DSL,1,2,Daily,0
9058-ALPZT,37,70.22,2569.5,Two year,Electronic check,DSL,0,11,Daily,0
2528-ATIWU,60,46.13,2887.1,One year,Mailed check,DSL,1,7,Daily,0
4908-EJVXP,55,60.59,3355.71,One year,Mailed check,DSL,2,11,Daily,0
2096-FKUPF,55,82.16,4318.71,Two year,Mailed check,Fiber optic,0,55,Weekly,0
7901-HFMLO,62,66.2,4248.1,Two year,Credit card (automatic),DSL,0,25,Daily,0
7427-YQPJQ,58,96.98,5403.45,Two year,Bank transfer (automatic),Fiber optic,1,20,Rarely,0
8256-YAJBF,25,117.06,2961.21,Month-to-month,Mailed check,Fiber optic,2,20,Rarely,1
7878-BPVYG,18,41.54,721.68,Two year,Bank transfer (automatic),DSL,2,22,Weekly,0
3775-SIIPR,34,59.71,2105.72,One year,Bank transfer (automatic),DSL,2,7,Daily,0
1612-PCKHA,13,47.41,645.5,One year,Credit card (automatic),DSL,1,10,Rarely,1
9362-BLCTB,4,71.07,277.43,Month-to-month,Electronic check,Fiber optic,3,22,Weekly,1
5434-GZSOA,59,107.74,6577.71,Month-to-month,Bank transfer (automatic),Fiber optic,2,10,Rarely,0
1848-BXUYV,31,106.75,3443.65,Month-to-month,Electronic check,Fiber optic,0,30,Weekly,0
9342-AULSK,3,81.97,252.29,Month-to-month,Electronic check,DSL,5,90,Weekly,1
9947-SVZOH,9,22.91,211.89,Two year,Bank transfer (automatic),No,1,18,Weekly,0
5009-PMFSC,0,82.41,,Month-to-month,Mailed check,Fiber optic,1,52,Rarely,1
7930-KSXQZ,46,87.6,3856.26,Two year,Credit card (automatic),Fiber optic,1,11,Weekly,0
1326-VGVIQ,8,99.32,783.09,Month-to-month,Mailed check,Fiber optic,5,2,Daily,1
1839-FNRXY,11,67.92,732.71,Month-to-month,Electronic check,DSL,1,42,Rarely,1
3488-UOWCZ,10,72.07,699.71,Month-to-month,Bank transfer (automatic),Fiber optic,2,4,Daily,1
6905-FKXSW,0,114.17,,Month-to-month,Mailed check,Fiber optic,4,9,Weekly,1
2200-RPEZQ,5,81.6,398.23,One year,Electronic check,DSL,1,5,Weekly,1
1307-RLYLE,0,75.73,,Month-to-month,Mailed check,DSL,2,67,Rarely,1
7018-ESTFS,48,82.12,3934.13,Month-to-month,Mailed check,Fiber optic,3,81,Weekly,1
7930-ZNZEK,56,86.88,4625.9,Two year,Electronic check,Fiber optic,4,16,Daily,1
7652-OJCLI,53,23.77,1213.35,Two year,Bank transfer (automatic),No,1,1,Daily,0
8192-FJKWM,3,84.83,256.7,Month-to-month,Bank transfer (automatic),Fiber optic,3,39,Rarely,0
8224-KKPHW,9,21.41,201.92,Month-to-month,Electronic check,No,2,90,Weekly,1
6421-KLBWM,9,69.74,632.43,Month-to-month,Mailed check,DSL,0,90,Weekly,1
5674-DEJUC,17,71.65,1270.43,Two year,Electronic check,Fiber optic,0,21,Weekly,0
8710-DOMYT,6,45.34,285.43,Month-to-month,Credit card (automatic),DSL,2,11,Daily,1
4131-RIQPH,12,18.77,229.39,Month-to-month,Mailed check,No,2,48,Rarely,1
1880-JYNMU,46,82.89,3847.1,Month-to-month,Electronic check,Fiber optic,1,13,Weekly,1
7766-GFZUL,10,93.33,940.74,Month-to-month,Bank transfer (automatic),Fiber optic,1,41,Rarely,1
3483-YJRAS,24,77.83,1812.16,Month-to-month,Electronic check,DSL,1,3,Daily,0
9808-EGVFM,27,78.68,2053.46,Month-to-month,Credit card (automatic),Fiber optic,1,2,Daily,0
4727-XYLCH,69,87.31,5902.99,One year,Electronic check,Fiber optic,3,3,Daily,0
8665-QISZQ,18,39.43,697.72,One year,Electronic check,DSL,1,34,Daily,0
1382-QNEPY,1,92.48,90.42,Month-to-month,Credit card (automatic),Fiber optic,1,22,Weekly,0
6932-RTWKI,20,71.23,1380.77,Month-to-month,Credit card (automatic),Fiber optic,6,12,Weekly,1
5033-ZLTQD,5,85.63,439.02,Month-to-month,Electronic check,Fiber optic,2,9,Weekly,1
5162-IIEUZ,2,110.3,217.8,Month-to-month,Mailed check,Fiber optic,3,90,Weekly,1
3386-ZFLGB,38,115.4,4421.08,Month-to-month,Credit card (automatic),Fiber optic,5,13,Weekly,1
9739-QWCQA,2,55.89,110.64,Month-to-month,Electronic check,DSL,2,11,Weekly,1
4534-VBLDK,6,83.73,499.34,Month-to-month,Credit card (automatic),Fiber optic,2,28,Rarely,1
8653-LOVZI,25,24.19,600.27,One year,Mailed check,No,1,2,Daily,0
4825-YLDPS,69,71.11,4943.69,Month-to-month,Credit card (automatic),DSL,2,22,Rarely,0
1434-HPLDK,1,21.34,20.77,Month-to-month,Bank transfer (automatic),No,1,36,Weekly,1
8913-LIXKQ,29,25.29,768.85,Month-to-month,Credit card (automatic),No,5,4,Daily,1
2665-AIXXZ,68,59.87,4112.3,Two year,Mailed check,DSL,1,0,Daily,0
3432-BWGAC,10,82.05,836.49,Month-to-month,Credit card (automatic),DSL,2,25,Weekly,1
8749-TPOWC,53,112.87,5889.88,Two year,Mailed check,Fiber optic,4,4,Weekly,0
9042-CYPUN,10,25.61,265.33,Month-to-month,Electronic check,No,2,2,Daily,1
9249-DNZDD,66,44.01,2866.05,One year,Bank transfer (automatic),DSL,1,4,Daily,0
4833-JLQEY,7,20.5,148.29,Month-to-month,Electronic check,No,1,18,Weekly,0
7811-DFZJO,4,56.07,218.15,Month-to-month,Electronic check,DSL,2,18,Weekly,1
3949-LGNUA,67,106.06,7344.96,One year,Bank transfer (automatic),Fiber optic,3,2,Weekly,0
7662-WEXZY,14,20.7,302.87,Two year,Bank transfer (automatic),No,2,4,Daily,0
5522-QXWQX,7,48.52,329.55,Month-to-month,Bank transfer (automatic),DSL,3,14,Rarely,1
1467-IVYQD,54,86.67,4461.8,One year,Electronic check,Fiber optic,0,8,Weekly,0
4759-FENLV,56,53.3,3081.4,One year,Electronic check,DSL,1,8,Weekly,0
5209-HEQDX,34,109.51,3754.48,One year,Electronic check,Fiber optic,2,8,Daily,0
3316-CMYOV,2,25.92,50.52,Month-to-month,Bank transfer (automatic),No,3,3,Daily,0
4369-LTSNC,11,52.98,584.85,Month-to-month,Electronic check,DSL,2,51,Rarely,1
5523-ZBJQT,59,72.51,4485.15,Month-to-month,Credit card (automatic),Fiber optic,5,4,Daily,0
1447-NKKZI,4,23.91,99.87,One year,Credit card (automatic),No,2,60,Weekly,0
2366-WBRRR,4,22.1,86.7,Month-to-month,Credit card (automatic),No,1,32,Weekly,1
7900-KRLPX,0,21.75,,Month-to-month,Mailed check,No,5,1,Weekly,1
4167-RTZFP,10,21.13,211.52,Month-to-month,Mailed check,No,1,41,Weekly,0
6474-RSDTF,38,60.64,2255.13,One year,Mailed check,DSL,2,37,Rarely,0
6091-KSGDR,23,76.6,1698.91,One year,Bank transfer (automatic),Fiber optic,3,14,Weekly,1
5960-HVXJT,3,99.69,287.92,Two year,Credit card (automatic),Fiber optic,0,3,Daily,1
4720-FYGWU,5,115.1,548.12,Month-to-month,Credit card (automatic),Fiber optic,3,31,Rarely,1
5349-IVQRJ,8,114.58,929.34,One year,Electronic check,Fiber optic,5,13,Weekly,1
8414-GSBJD,4,72.95,285.11,One year,Electronic check,DSL,0,19,Rarely,1
9684-AACYU,4,21.42,86.41,Month-to-month,Mailed check,No,0,39,Rarely,0
3310-ZCZPU,64,114.68,7527.53,Two year,Electronic check,Fiber optic,1,10,Weekly,0
7024-WGTQK,12,102.0,1163.39,Month-to-month,Bank transfer (automatic),Fiber optic,4,55,Weekly,1
9726-MFEXT,6,94.43,563.37,Month-to-month,Bank transfer (automatic),Fiber optic,2,8,Weekly,1
1068-OSKGY,16,83.78,1309.88,Month-to-month,Bank transfer (automatic),Fiber optic,1,56,Rarely,1
8061-ZFULS,59,106.63,6362.68,Two year,Electronic check,Fiber optic,0,6,Daily,0
5470-CMDVK,25,108.67,2619.87,Month-to-month,Bank transfer (automatic),Fiber optic,0,88,Rarely,1
9707-GSYIS,53,22.69,1211.04,One year,Electronic check,No,2,14,Rarely,0
6203-RMUDW,4,20.65,83.31,Month-to-month,Mailed check,No,0,53,Rarely,0
8542-KBZUV,6,21.42,130.31,Month-to-month,Bank transfer (automatic),No,0,17,Weekly,1
2493-DTSXJ,1,100.23,96.23,Month-to-month,Electronic check,Fiber optic,1,8,Weekly,1
2278-YSGFX,6,20.17,126.82,Two year,Credit card (automatic),No,1,3,Daily,0
9338-QDDVE,67,60.66,4038.4,One year,Electronic check,DSL,0,17,Rarely,0
5737-FPWIR,19,72.05,1363.32,Month-to-month,Credit card (automatic),Fiber optic,2,15,Rarely,1
6024-SPRFQ,65,76.04,5050.37,Month-to-month,Credit card (automatic),DSL,0,44,Weekly,0
2529-ASUUA,48,88.51,4428.76,One year,Mailed check,Fiber optic,2,9,Weekly,0
3040-XLCNO,52,21.84,1156.61,Two year,Electronic check,No,2,22,Weekly,0
8363-KTOFQ,21,112.94,2411.28,Month-to-month,Electronic check,Fiber optic,2,14,Daily,1
3729-GDGXO,62,89.22,5639.33,One year,Bank transfer (automatic),Fiber optic,2,8,Weekly,0
6256-IJWRU,37,93.05,3504.42,Month-to-month,Electronic check,Fiber optic,1,90,Rarely,1
3848-PZRKG,0,52.59,,Month-to-month,Credit card (automatic),DSL,0,4,Daily,0
3370-BTYRM,31,24.55,762.21,Two year,Bank transfer (automatic),No,1,0,Daily,0
2494-DQFQH,67,59.07,3948.31,Two year,Credit card (automatic),DSL,1,14,Rarely,0
9365-WYGIX,62,61.17,3892.14,One year,Bank transfer (automatic),DSL,1,9,Weekly,0
9459-ANDLA,30,61.65,1843.47,One year,Bank transfer (automatic),DSL,1,26,Rarely,0
2036-DKBUP,60,23.57,1362.94,One year,Electronic check,No,2,50,Rarely,0
4178-LMVVB,29,96.26,2788.39,Month-to-month,Bank transfer (automatic),Fiber optic,2,45,Daily,1
6074-RMUUS,51,91.09,4709.09,Two year,Bank transfer (automatic),Fiber optic,3,9,Weekly,0
4449-RFWSH,5,101.76,512.1,Month-to-month,Bank transfer (automatic),Fiber optic,4,22,Daily,1
7488-GNIRK,9,68.32,622.12,Month-to-month,Credit card (automatic),DSL,1,70,Weekly,1
3341-EKVVI,3,71.68,212.5,Month-to-month,Mailed check,DSL,2,3,Daily,1
1529-UCZTB,52,60.6,3048.73,One year,Bank transfer (automatic),DSL,0,10,Weekly,0
4032-SMWGX,69,117.56,8290.72,One year,Mailed check,Fiber optic,3,1,Daily,0
6380-WHLQG,7,65.47,437.1,Month-to-month,Bank transfer (automatic),DSL,2,37,Rarely,1
2625-ZEGNM,2,108.7,212.07,Month-to-month,Credit card (automatic),Fiber optic,1,19,Daily,1
8342-BXGCN,9,92.59,869.34,Month-to-month,Bank transfer (automatic),Fiber optic,2,34,Weekly,1
1110-YAMXX,48,86.34,4089.7,One year,Mailed check,Fiber optic,0,5,Daily,0
1607-EQVRR,16,22.43,352.92,Two year,Mailed check,No,1,13,Daily,0
5579-ULBQQ,13,65.55,820.17,Month-to-month,Credit card (automatic),DSL,0,48,Rarely,1
5609-WYIYA,8,84.97,662.82,Month-to-month,Electronic check,Fiber optic,2,49,Rarely,1
3653-ZDQRQ,10,73.7,725.18,Month-to-month,Credit card (automatic),DSL,2,1,Weekly,1
3326-ZODPH,64,21.71,1358.82,Two year,Credit card (automatic),No,0,13,Daily,0
1628-PJBQC,39,23.45,891.6,Two year,Mailed check,No,1,0,Daily,0
6965-IQWIH,1,52.25,54.5,One year,Credit card (automatic),DSL,1,8,Daily,0
4410-HOFNU,2,61.28,123.3,Month-to-month,Bank transfer (automatic),DSL,4,0,Weekly,1
2067-CZNQQ,5,55.21,263.61,Month-to-month,Credit card (automatic),DSL,1,45,Rarely,1
4598-YRWHF,8,58.27,486.26,Month-to-month,Mailed check,DSL,1,17,Daily,0
9432-QDCFH,11,70.09,794.82,Month-to-month,Bank transfer (automatic),DSL,2,64,Weekly,1
3350-CSPFH,67,46.2,2971.7,Two year,Mailed check,DSL,2,2,Daily,0
9051-YXDPI,2,50.29,97.92,Month-to-month,Mailed check,DSL,0,0,Daily,1
3328-JPZPY,14,55.55,753.77,Month-to-month,Electronic check,DSL,0,90,Rarely,1
2673-VUUUG,18,83.25,1527.04,Month-to-month,Bank transfer (automatic),Fiber optic,2,52,Rarely,1
3345-ZXPSW,0,47.03,,Month-to-month,Electronic check,DSL,0,10,Weekly,1
3909-DBZOS,14,109.62,1575.52,Month-to-month,Credit card (automatic),Fiber optic,0,40,Rarely,1
2085-NNAHC,65,19.72,1282.77,Two year,Electronic check,No,0,1,Daily,0
6288-LAUHT,11,101.12,1090.32,Month-to-month,Bank transfer (automatic),Fiber optic,1,7,Weekly,1
4000-BALUV,64,59.76,3726.19,Two year,Credit card (automatic),DSL,1,10,Weekly,0
7461-OPRRT,0,19.73,,Month-to-month,Mailed check,No,0,24,Weekly,0
5418-ALVLD,1,52.64,51.98,Month-to-month,Electronic check,DSL,1,11,Weekly,0
4983-RHNNS,11,44.03,479.52,Month-to-month,Mailed check,DSL,2,61,Weekly,1
5238-YSZAU,54,74.65,3914.34,Two year,Credit card (automatic),Fiber optic,0,1,Daily,0
2406-KSCNA,25,55.51,1427.52,Month-to-month,Credit card (automatic),DSL,1,34,Rarely,1
7415-RFDCG,68,106.62,7329.13,One year,Bank transfer (automatic),Fiber optic,4,4,Weekly,0
1937-YZCZP,11,89.29,954.81,Month-to-month,Bank transfer (automatic),Fiber optic,5,7,Daily,0
7493-IYGEF,16,97.59,1548.46,Month-to-month,Mailed check,Fiber optic,3,9,Daily,1
9996-DMDFJ,11,19.46,218.46,Month-to-month,Mailed check,No,0,11,Rarely,0
7875-QWBQC,5,112.75,574.52,Month-to-month,Mailed check,Fiber optic,5,4,Daily,1
5097-ZHWUI,29,54.2,1563.98,One year,Mailed check,DSL,0,10,Weekly,0
3829-IIMLR,0,79.18,,Month-to-month,Credit card (automatic),Fiber optic,3,2,Daily,0
8851-MUMHI,12,87.15,1058.57,Month-to-month,Credit card (automatic),Fiber optic,2,7,Weekly,1
3314-TDHIQ,38,117.03,4262.8,One year,Credit card (automatic),Fiber optic,0,2,Daily,0
5340-DLRYL,67,100.55,6792.95,Month-to-month,Electronic check,Fiber optic,2,0,Daily,0
7937-ZPUGX,58,44.57,2468.51,One year,Electronic check,DSL,1,4,Daily,0
9300-GDCRQ,12,19.71,243.59,Month-to-month,Credit card (automatic),No,2,40,Rarely,1
9287-FWHPN,6,74.08,459.02,Month-to-month,Electronic check,DSL,1,21,Weekly,1
1789-PTYSX,6,24.84,142.37,Month-to-month,Mailed check,No,2,50,Weekly,1
9083-WJOFY,8,42.79,336.53,Month-to-month,Electronic check,DSL,1,40,Weekly,0
2026-ZXTWU,6,84.25,519.77,Month-to-month,Electronic check,Fiber optic,3,13,Rarely,1
6259-FGNKT,12,72.29,881.64,Month-to-month,Mailed check,Fiber optic,6,20,Weekly,1
9365-TZUAI,21,76.03,1578.42,Month-to-month,Electronic check,Fiber optic,2,77,Rarely,1
6892-IQIZH,28,76.68,2095.81,Month-to-month,Bank transfer (automatic),Fiber optic,5,60,Weekly,1
9526-LVJBI,2,91.2,178.66,Month-to-month,Mailed check,Fiber optic,6,29,Daily,1
4098-JPSOK,0,70.61,,Month-to-month,Mailed check,Fiber optic,0,34,Weekly,1
3832-NDEPW,8,23.85,200.3,Month-to-month,Bank transfer (automatic),No,0,24,Weekly,1
3935-NBZIT,8,57.55,468.55,Month-to-month,Mailed check,DSL,0,3,Weekly,0
4196-XZDEQ,60,89.46,5394.08,Two year,Electronic check,Fiber optic,1,7,Daily,0
7144-TVOES,9,116.65,1100.76,Month-to-month,Bank transfer (automatic),Fiber optic,1,29,Weekly,1
5071-RMQFV,12,54.23,642.36,Month-to-month,Bank transfer (automatic),DSL,3,90,Rarely,1
7636-BVVRV,66,40.9,2799.45,Month-to-month,Mailed check,DSL,2,76,Weekly,0
4745-XEOQY,43,57.62,2574.58,Month-to-month,Electronic check,DSL,2,37,Weekly,0
3769-TPODI,1,60.48,58.19,Month-to-month,Credit card (automatic),DSL,1,13,Daily,1
2710-LWWQC,57,92.82,5550.46,Month-to-month,Electronic check,Fiber optic,3,52,Rarely,1
5958-SLQLS,37,92.49,3507.49,One year,Electronic check,Fiber optic,1,4,Daily,0
9084-FDFXB,53,54.38,2837.33,Month-to-month,Electronic check,DSL,1,42,Rarely,1
8729-HIVJX,60,96.49,5733.35,Two year,Bank transfer (automatic),Fiber optic,2,20,Daily,0
3279-ZQIPR,62,79.05,4690.8,Two year,Bank transfer (automatic),DSL,0,12,Weekly,0
5298-CVLVP,5,21.19,108.96,Month-to-month,Credit card (automatic),No,1,5,Daily,1
7346-WCBCW,34,95.95,3198.63,Month-to-month,Bank transfer (automatic),Fiber optic,0,59,Weekly,1
6511-ZZIGJ,5,77.99,383.79,Month-to-month,Electronic check,DSL,0,31,Rarely,1
1604-VGOQJ,44,57.34,2527.19,One year,Credit card (automatic),DSL,1,5,Weekly,0
6318-MRUEN,57,19.52,1113.28,One year,Electronic check,No,2,16,Weekly,0
1348-EAQMG,3,90.97,264.9,Month-to-month,Credit card (automatic),Fiber optic,1,8,Weekly,1
2048-BYVYC,72,94.47,6469.51,One year,Electronic check,Fiber optic,3,10,Weekly,0
6882-AFCLQ,21,112.13,2405.05,One year,Mailed check,Fiber optic,0,8,Daily,0
1922-FKOIL,12,111.37,1328.08,Month-to-month,Credit card (automatic),Fiber optic,3,27,Weekly,1
4050-PYICW,67,24.26,1660.94,One year,Bank transfer (automatic),No,2,16,Daily,0
6295-OMSZD,30,21.37,633.91,Two year,Mailed check,No,0,2,Weekly,0
6898-WQPWH,41,51.74,2094.19,One year,Bank transfer (automatic),DSL,0,2,Weekly,0
5011-UOYMS,19,91.41,1807.4,Month-to-month,Electronic check,Fiber optic,1,7,Weekly,1
1846-MKJXV,9,20.9,183.75,Month-to-month,Electronic check,No,1,29,Daily,0
8191-FWPCT,8,84.08,664.76,Month-to-month,Mailed check,DSL,1,18,Weekly,1
9547-EWLXM,45,19.13,848.26,One year,Credit card (automatic),No,0,7,Weekly,0
8997-CTSHF,66,94.53,6048.7,Two year,Bank transfer (automatic),Fiber optic,2,13,Daily,0
7735-WUHSG,67,56.67,3683.97,Two year,Electronic check,DSL,0,10,Rarely,0
4619-ERVXM,67,24.29,1700.04,One year,Bank transfer (automatic),No,1,16,Rarely,1
8885-DORZC,56,98.92,5315.67,Month-to-month,Credit card (automatic),Fiber optic,2,4,Daily,1
5393-RNPCA,2,41.77,85.3,Month-to-month,Bank transfer (automatic),DSL,2,7,Daily,0
2228-PFPAU,69,102.65,6809.34,One year,Electronic check,Fiber optic,1,4,Weekly,0
8654-ILIKN,48,93.89,4352.53,Two year,Credit card (automatic),Fiber optic,0,3,Daily,0
3881-QRZEW,2,99.89,204.43,Month-to-month,Credit card (automatic),Fiber optic,1,8,Weekly,1
9447-PIXSE,28,43.21,1225.56,Two year,Mailed check,DSL,2,23,Rarely,0
4314-ERSBQ,61,94.72,5693.32,Two year,Credit card (automatic),Fiber optic,2,15,Daily,0
8823-NZTXA,68,22.46,1488.33,Two year,Electronic check,No,0,20,Daily,0
5834-TIOWW,65,19.6,1263.56,Two year,Electronic check,No,0,16,Rarely,0
5206-FGSWP,14,67.27,976.89,One year,Mailed check,DSL,1,8,Daily,0
3671-BETTX,58,25.32,1501.69,Two year,Credit card (automatic),No,1,5,Daily,0
8520-NLCUY,30,40.17,1253.01,Two year,Bank transfer (automatic),DSL,0,27,Weekly,0
1545-BMJTT,70,82.26,5635.95,One year,Credit card (automatic),Fiber optic,3,14,Daily,0
5219-FYDUT,15,54.14,809.29,Two year,Credit card (automatic),DSL,0,8,Weekly,0
4319-ERHHC,52,22.58,1193.81,Two year,Credit card (automatic),No,2,8,Daily,0
5889-TUNUJ,66,24.05,1646.16,One year,Credit card (automatic),No,1,1,Weekly,0
3290-OULQD,5,23.46,118.58,Month-to-month,Electronic check,No,1,90,Weekly,1
6980-NWUHO,59,60.24,3393.8,One year,Bank transfer (automatic),DSL,1,1,Weekly,0
4472-QYVVT,49,25.7,1252.51,Two year,Electronic check,No,0,43,Daily,0
2692-JJMLY,6,54.73,340.22,Month-to-month,Mailed check,DSL,1,19,Weekly,0
2772-WXPED,1,108.03,111.15,Month-to-month,Mailed check,Fiber optic,2,5,Weekly,0
7267-HQJRW,62,24.7,1601.27,One year,Bank transfer (automatic),No,1,14,Rarely,0
3356-IYNUB,1,74.9,76.75,Month-to-month,Credit card (automatic),Fiber optic,2,7,Weekly,1
3764-HYXOA,4,72.12,278.71,Two year,Electronic check,Fiber optic,3,39,Rarely,1
6641-BKXJW,35,84.37,2864.81,One year,Credit card (automatic),DSL,1,9,Weekly,0
3967-NDOJF,8,87.39,688.33,Month-to-month,Bank transfer (automatic),Fiber optic,3,7,Daily,1
4492-RFXUU,39,69.74,2615.18,Two year,Bank transfer (automatic),DSL,2,16,Weekly,0
3200-BYMTE,59,40.35,2426.68,One year,Bank transfer (automatic),DSL,1,3,Weekly,0
4108-TISHY,11,24.23,262.76,Two year,Electronic check,No,1,27,Daily,0
7234-SLLAH,31,87.08,2617.49,Two year,Electronic check,Fiber optic,1,12,Weekly,0
5804-UVZCG,9,65.74,576.03,Month-to-month,Electronic check,DSL,5,2,Daily,1
9976-TJGHX,64,72.33,4833.18,Two year,Mailed check,Fiber optic,1,34,Weekly,0
7945-WAVOV,38,43.96,1715.51,Two year,Mailed check,DSL,2,5,Daily,0
1151-QRPTV,70,76.86,5284.05,One year,Electronic check,DSL,1,16,Daily,0
4409-NCCKM,58,22.66,1351.39,One year,Bank transfer (automatic),No,3,1,Daily,0
3608-WAXBM,62,74.74,,One year,Mailed check,DSL,1,16,Daily,0
6287-KOBTD,14,46.42,667.39,Month-to-month,Bank transfer (automatic),DSL,3,14,Rarely,0
3390-UOXZV,18,54.08,962.74,Month-to-month,Electronic check,DSL,0,8,Weekly,0
9694-LKRQU,11,111.28,1184.61,One year,Mailed check,Fiber optic,2,3,Daily,0
3694-MMDEV,20,65.95,1357.0,Month-to-month,Credit card (automatic),DSL,2,90,Rarely,1
5697-ZPIBB,40,69.78,2667.11,Month-to-month,Credit card (automatic),DSL,1,28,Weekly,0
2106-RQHEB,43,20.05,843.83,Month-to-month,Bank transfer (automatic),No,1,27,Weekly,0
9187-RPITV,10,96.96,928.66,Month-to-month,Bank transfer (automatic),Fiber optic,1,6,Daily,0
9205-NGAUO,14,72.77,992.95,Two year,Credit card (automatic),DSL,1,6,Daily,0
8142-JAVYM,24,19.8,466.4,Two year,Electronic check,No,1,9,Rarely,0
4164-GQWPA,30,84.52,2501.19,One year,Electronic check,Fiber optic,1,2,Daily,0
1528-FCKLN,13,18.57,232.78,One year,Bank transfer (automatic),No,0,8,Daily,0
7397-TCYGN,2,83.29,168.47,Month-to-month,Mailed check,DSL,0,8,Weekly,0
4861-FJVBM,46,80.21,3860.3,Month-to-month,Electronic check,DSL,2,7,Daily,1
9912-POJJX,40,43.24,1663.06,One year,Credit card (automatic),DSL,0,24,Weekly,0
7284-GMJTU,54,110.36,6085.18,One year,Electronic check,Fiber optic,2,4,Daily,1
5847-WCCJL,61,96.48,5697.3,One year,Credit card (automatic),Fiber optic,1,1,Daily,0
9879-BXXLU,6,116.78,710.7,One year,Mailed check,Fiber optic,3,13,Weekly,1
8203-ORWCG,3,94.71,274.59,Month-to-month,Mailed check,Fiber optic,1,20,Weekly,1
5124-LXPKA,46,80.03,3824.17,One year,Mailed check,Fiber optic,1,2,Daily,0
1169-PHIZN,65,111.53,6904.14,Month-to-month,Mailed check,Fiber optic,1,6,Daily,0
1834-DBKBL,5,82.15,399.16,Month-to-month,Electronic check,DSL,0,10,Weekly,0
4993-KWIHQ,44,95.74,4277.82,Two year,Bank transfer (automatic),Fiber optic,4,1,Daily,0
6057-QACEU,12,21.56,263.23,One year,Mailed check,No,0,1,Weekly,0
1271-FZLYG,61,24.31,1476.64,Two year,Mailed check,No,0,15,Daily,0
2138-LDVPB,3,42.87,125.33,Month-to-month,Mailed check,DSL,1,47,Weekly,1
7337-TXRVH,65,110.87,7294.45,Month-to-month,Mailed check,Fiber optic,3,2,Weekly,0
7762-LWPPT,27,78.6,2226.52,Month-to-month,Electronic check,DSL,2,26,Daily,1
1268-PDFUG,54,84.35,4618.5,One year,Electronic check,Fiber optic,3,17,Daily,0
5568-RMQGI,58,70.55,3960.22,Two year,Credit card (automatic),Fiber optic,1,10,Rarely,0
1728-REIZD,21,18.57,406.21,Two year,Bank transfer (automatic),No,2,19,Weekly,0
7510-PDSDO,62,25.84,1636.38,Two year,Electronic check,No,2,13,Weekly,0
8505-LRANO,69,74.9,5219.6,One year,Electronic check,DSL,1,11,Weekly,0
8823-GHSOP,56,87.4,4736.34,One year,Mailed check,Fiber optic,1,11,Rarely,0
6382-YKWZO,38,113.14,4212.03,Month-to-month,Bank transfer (automatic),Fiber optic,2,3,Daily,1
6659-FKBSH,1,113.28,113.03,Month-to-month,Bank transfer (automatic),Fiber optic,4,56,Weekly,1
9338-YQMEC,66,114.05,7599.34,Two year,Electronic check,Fiber optic,2,11,Weekly,0
6511-RTGAI,9,62.08,550.43,Month-to-month,Bank transfer (automatic),DSL,1,16,Daily,0
5016-TPCCC,53,76.74,4127.44,Two year,Electronic check,DSL,2,2,Daily,0
7790-TUKRA,11,71.83,763.64,Month-to-month,Mailed check,Fiber optic,2,6,Weekly,1
6316-OHVMW,14,77.76,1123.51,One year,Electronic check,Fiber optic,1,28,Daily,0
8581-OLYZL,70,100.67,6815.28,Two year,Mailed check,Fiber optic,4,26,Weekly,0
5721-JQEKV,24,43.78,1098.64,One year,Mailed check,DSL,0,11,Weekly,0
8820-XKKWF,38,40.99,1592.61,Month-to-month,Bank transfer (automatic),DSL,2,60,Rarely,0
1403-BBCWB,5,43.99,225.89,Month-to-month,Electronic check,DSL,0,21,Daily,1
1327-IPPVZ,11,21.91,236.87,Month-to-month,Mailed check,No,1,60,Rarely,1
1891-KGCXJ,10,93.68,919.14,Month-to-month,Mailed check,Fiber optic,3,38,Rarely,1
6005-XJTQS,21,81.6,1767.46,One year,Credit card (automatic),DSL,1,6,Daily,0
7380-QHCAK,30,58.4,1810.56,One year,Electronic check,DSL,2,43,Weekly,0
2946-XQRGM,8,22.36,180.41,Month-to-month,Credit card (automatic),No,0,32,Rarely,0
2401-KDPJK,26,109.59,2816.49,Month-to-month,Credit card (automatic),Fiber optic,3,34,Rarely,0
8742-PAYFR,66,24.61,1633.9,One year,Bank transfer (automatic),No,0,13,Rarely,0
7754-UEGKV,59,20.95,1261.27,Two year,Bank transfer (automatic),No,2,22,Daily,0
6834-QMWMX,14,72.33,1041.84,Month-to-month,Credit card (automatic),DSL,1,14,Daily,1
5394-UEJAG,51,25.14,1275.81,Month-to-month,Credit card (automatic),No,1,6,Daily,0
4781-ACARK,16,109.93,1810.59,One year,Electronic check,Fiber optic,1,11,Weekly,0
1184-MTVNL,2,85.93,174.31,Month-to-month,Electronic check,Fiber optic,1,90,Rarely,1
2692-QKLHE,35,105.89,3833.53,Month-to-month,Mailed check,Fiber optic,2,15,Weekly,1
9072-FRVLC,49,105.78,5339.77,Two year,Electronic check,Fiber optic,0,13,Weekly,0
4050-PXNAC,12,81.74,972.26,Month-to-month,Electronic check,Fiber optic,3,34,Rarely,1
7340-NWBTU,10,69.81,716.88,Month-to-month,Credit card (automatic),DSL,3,36,Weekly,1
7333-BFAOE,54,74.26,4052.11,Two year,Bank transfer (automatic),Fiber optic,2,18,Daily,0
3784-XCQUE,68,51.61,3566.8,Month-to-month,Electronic check,DSL,2,16,Weekly,0
2839-GUCLG,68,40.3,2665.74,Month-to-month,Electronic check,DSL,0,1,Weekly,0
7224-ALMJV,65,76.35,5098.55,One year,Bank transfer (automatic),Fiber optic,2,8,Rarely,0
1842-CLETO,54,75.16,3902.63,Month-to-month,Mailed check,Fiber optic,0,6,Weekly,0
5452-SCLBI,5,82.55,400.15,Month-to-month,Electronic check,DSL,1,7,Weekly,1
8991-YSCJW,63,46.54,2888.2,One year,Credit card (automatic),DSL,2,19,Weekly,0
7401-ETIMW,9,19.04,175.84,Month-to-month,Credit card (automatic),No,2,14,Rarely,1
7877-RHAGK,3,106.39,316.47,One year,Mailed check,Fiber optic,3,27,Weekly,0
1749-DWBOZ,64,101.45,6569.58,Two year,Bank transfer (automatic),Fiber optic,4,17,Weekly,0
2797-INBSZ,9,68.26,639.99,One year,Electronic check,DSL,1,32,Rarely,1
3475-UDJSU,9,113.26,1040.98,Month-to-month,Credit card (automatic),Fiber optic,1,42,Weekly,1
3630-KYFTM,10,102.32,1057.15,Month-to-month,Mailed check,Fiber optic,1,20,Weekly,0
2746-SPLVV,65,69.74,4366.89,One year,Electronic check,DSL,1,7,Daily,0
9747-VCKTW,72,92.16,6344.07,Month-to-month,Mailed check,Fiber optic,3,13,Weekly,0
2484-JTOFX,5,65.02,316.71,Month-to-month,Electronic check,DSL,3,12,Daily,1
7372-LPHAL,44,74.23,3395.85,Month-to-month,Mailed check,DSL,1,35,Daily,0
6280-SIYTQ,70,87.42,6260.1,Two year,Electronic check,Fiber optic,5,20,Daily,0
6494-UWSVS,36,71.75,2552.23,Month-to-month,Bank transfer (automatic),Fiber optic,2,61,Weekly,1
2931-WCIXM,6,90.68,566.42,Month-to-month,Bank transfer (automatic),Fiber optic,3,8,Daily,0
3768-AWRXA,7,88.28,627.56,Month-to-month,Electronic check,Fiber optic,3,1,Weekly,0
6457-DNENJ,21,78.82,1704.89,Month-to-month,Electronic check,Fiber optic,2,86,Rarely,1
3691-FUBWD,8,104.38,800.63,One year,Electronic check,Fiber optic,2,11,Weekly,1
7246-PZCYH,68,76.01,5340.12,Two year,Mailed check,DSL,0,21,Weekly,0
1355-TWGJW,10,46.29,462.42,Month-to-month,Electronic check,DSL,1,21,Weekly,0
1655-CCHPU,61,61.14,3574.66,One year,Mailed check,DSL,1,10,Weekly,0
7555-OMWEX,53,20.95,1059.15,Two year,Bank transfer (automatic),No,0,14,Rarely,0
6550-IHYQL,32,65.13,2098.01,Two year,Credit card (automatic),DSL,0,49,Rarely,0
1388-ILUDE,72,74.56,5415.01,Two year,Credit card (automatic),Fiber optic,3,28,Rarely,0
9090-HMVFU,12,115.3,1339.48,Month-to-month,Electronic check,Fiber optic,2,24,Weekly,1
1043-XLYXU,2,73.09,143.36,Month-to-month,Bank transfer (automatic),Fiber optic,4,40,Weekly,1
9599-JHWLA,34,109.89,3696.8,Month-to-month,Bank transfer (automatic),Fiber optic,1,90,Weekly,1
7564-SJYWC,68,79.44,5137.65,One year,Credit card (automatic),Fiber optic,2,3,Daily,0
9892-XYTHR,50,74.46,3898.09,Month-to-month,Electronic check,DSL,2,24,Weekly,1
9538-WVLSK,33,51.98,1771.88,One year,Electronic check,DSL,0,15,Weekly,0
3817-GRMFR,58,24.42,1380.99,Two year,Electronic check,No,0,2,Daily,0
7807-IPJXW,2,25.37,52.49,Month-to-month,Electronic check,No,1,41,Rarely,1
2898-MSEZF,5,25.52,129.0,Month-to-month,Credit card (automatic),No,1,0,Daily,0
5244-WVEAT,10,24.98,241.78,Two year,Credit card (automatic),No,0,12,Rarely,0
3160-WSBQK,59,90.63,5502.1,One year,Mailed check,Fiber optic,4,2,Daily,1
5373-XUUKI,47,58.72,2648.42,Two year,Mailed check,DSL,1,1,Daily,0
8850-VCCBN,45,116.2,5189.2,One year,Mailed check,Fiber optic,1,2,Daily,0
4924-BPEXL,49,113.23,5689.42,Month-to-month,Electronic check,Fiber optic,3,19,Weekly,1
1831-CSIGR,8,61.31,509.97,Month-to-month,Mailed check,DSL,2,90,Rarely,1
3921-YZLWF,0,89.3,,Month-to-month,Electronic check,Fiber optic,0,27,Daily,1
8077-WYNNO,0,19.21,,Month-to-month,Electronic check,No,1,6,Daily,0
5694-BWTWC,10,55.63,575.33,Month-to-month,Bank transfer (automatic),DSL,1,90,Weekly,1
6041-UJVZW,32,92.85,3079.83,Two year,Mailed check,Fiber optic,2,17,Weekly,1
4879-XCIHN,9,110.29,943.31,Two year,Mailed check,Fiber optic,1,9,Daily,0
3634-ZROUE,52,53.91,2689.7,Two year,Bank transfer (automatic),DSL,0,5,Weekly,0
6382-RNFQV,67,20.77,1348.33,One year,Bank transfer (automatic),No,0,15,Weekly,0
6697-VVVMB,59,71.28,4000.59,One year,Electronic check,Fiber optic,4,11,Weekly,0
9082-ZLQAX,3,40.82,127.28,Month-to-month,Bank transfer (automatic),DSL,4,1,Daily,1
6559-XYEVQ,35,24.56,822.33,One year,Electronic check,No,1,36,Weekly,0
9954-DOMQC,3,77.96,243.59,Month-to-month,Electronic check,Fiber optic,2,12,Weekly,0
8438-ORSTQ,8,116.87,916.82,Month-to-month,Credit card (automatic),Fiber optic,0,19,Daily,1
1708-SCUJO,45,72.92,3141.76,Two year,Credit card (automatic),Fiber optic,0,9,Daily,0
4529-OZIJT,36,24.55,873.01,Two year,Mailed check,No,0,12,Rarely,0
4461-QIIVV,49,44.29,2219.72,One year,Electronic check,DSL,0,9,Daily,0
1027-DKUDE,54,100.79,5243.91,One year,Mailed check,Fiber optic,3,8,Rarely,0
2626-ENLID,4,106.7,446.18,Month-to-month,Bank transfer (automatic),Fiber optic,0,15,Weekly,1
7858-QUFRU,66,20.2,1290.12,One year,Electronic check,No,0,2,Daily,0
4168-OOEYY,4,97.21,404.34,Month-to-month,Electronic check,Fiber optic,6,75,Weekly,1
2330-SXPRV,63,24.36,1460.15,Month-to-month,Mailed check,No,3,75,Weekly,1
3586-AFFQG,45,46.86,2158.5,Month-to-month,Credit card (automatic),DSL,0,26,Weekly,0
3472-KMTNA,9,95.34,856.88,Month-to-month,Electronic check,Fiber optic,0,90,Rarely,1
2570-RLCQH,45,63.5,2933.97,Month-to-month,Credit card (automatic),DSL,2,5,Rarely,1
1910-LZGXM,5,107.23,544.57,Month-to-month,Mailed check,Fiber optic,2,3,Rarely,1
7875-YWVFU,48,21.21,987.07,Month-to-month,Electronic check,No,1,30,Weekly,0
8419-JXZPX,4,101.3,386.94,Month-to-month,Credit card (automatic),Fiber optic,5,60,Weekly,1
5466-NAWNB,60,82.7,4914.54,Two year,Electronic check,DSL,3,25,Daily,0
6538-BSYSL,6,104.38,631.25,One year,Bank transfer (automatic),Fiber optic,6,22,Weekly,1
9272-HKIHD,66,39.82,2720.08,One year,Mailed check,DSL,3,15,Daily,0
8583-OFDHU,11,45.94,492.01,Month-to-month,Electronic check,DSL,4,20,Weekly,0
1293-OMPOM,71,89.31,6215.0,Two year,Bank transfer (automatic),Fiber optic,0,8,Weekly,0
9575-VSEVE,58,21.53,1228.76,One year,Mailed check,No,2,35,Rarely,0
1602-CKKUS,12,54.21,665.11,Month-to-month,Bank transfer (automatic),DSL,1,13,Daily,1
1239-BMUTN,11,91.49,968.73,Month-to-month,Mailed check,Fiber optic,3,13,Weekly,1
4629-QOGOR,23,115.75,2668.03,Two year,Credit card (automatic),Fiber optic,2,5,Daily,0
7711-BSGAT,47,76.01,3604.78,Month-to-month,Electronic check,DSL,0,63,Rarely,1
1722-KKQOQ,48,76.74,3691.5,Month-to-month,Mailed check,Fiber optic,3,85,Rarely,1
3636-YQBFL,0,59.44,,Two year,Mailed check,DSL,2,0,Daily,0
3364-MJECD,56,23.61,1313.43,One year,Credit card (automatic),No,0,2,Daily,0
4576-YKYII,66,77.94,5394.1,Month-to-month,Credit card (automatic),Fiber optic,5,4,Daily,1
9873-MYOAH,60,41.33,2467.56,Two year,Mailed check,DSL,1,0,Daily,0
3982-ZEVYF,3,83.05,257.54,Month-to-month,Electronic check,DSL,1,26,Weekly,1
2880-OPUUB,8,75.09,603.98,Month-to-month,Mailed check,DSL,1,80,Rarely,1
2100-IYJGQ,71,25.14,1804.81,Month-to-month,Bank transfer (automatic),No,0,48,Rarely,0
2782-FDUDX,53,24.36,1331.44,Two year,Electronic check,No,1,19,Weekly,0
2198-GCTEJ,42,23.59,1038.51,One year,Credit card (automatic),No,1,20,Daily,0
6162-JNMFG,67,107.11,6919.03,Month-to-month,Bank transfer (automatic),Fiber optic,0,44,Rarely,0
4784-FBQMC,1,22.44,22.62,Month-to-month,Mailed check,No,2,1,Daily,0
5481-IRHKT,60,82.47,4791.01,Two year,Bank transfer (automatic),Fiber optic,2,5,Daily,0
8488-RSJMV,34,43.34,1406.93,Month-to-month,Credit card (automatic),DSL,1,76,Daily,1
6223-WBVXY,69,98.98,7101.65,Two year,Mailed check,Fiber optic,2,17,Daily,0
2396-GNBCO,50,80.64,4231.03,Two year,Electronic check,Fiber optic,2,11,Daily,0
4390-FFHLD,24,109.92,2688.26,Month-to-month,Bank transfer (automatic),Fiber optic,2,7,Daily,0
3812-URUYP,11,63.61,693.11,Month-to-month,Electronic check,DSL,3,22,Weekly,1
8440-JZOMK,69,118.28,8370.42,Two year,Mailed check,Fiber optic,6,8,Daily,1
3762-BYVSF,64,88.69,5952.74,Two year,Electronic check,Fiber optic,4,1,Daily,0
2247-YEGBH,0,58.29,,Month-to-month,Bank transfer (automatic),DSL,1,90,Rarely,1
7623-IUIYH,51,51.4,2716.49,One year,Credit card (automatic),DSL,0,4,Weekly,0
4855-NPVTW,2,83.87,167.98,One year,Credit card (automatic),Fiber optic,2,13,Weekly,0
1862-YDCLD,4,93.16,362.03,Month-to-month,Electronic check,Fiber optic,2,56,Weekly,1
7207-MPHCZ,53,73.13,3733.9,Two year,Electronic check,Fiber optic,1,64,Rarely,1
2894-JVQRU,27,24.75,639.61,Two year,Credit card (automatic),No,1,6,Daily,0
8813-GFZRH,53,74.78,3900.35,One year,Bank transfer (automatic),Fiber optic,1,26,Weekly,0
8491-QKWNI,50,80.7,3849.43,Two year,Electronic check,DSL,1,6,Daily,0
4325-RTJTG,26,57.36,1517.57,One year,Bank transfer (automatic),DSL,1,3,Weekly,0
5999-GVQAR,7,60.15,434.74,One year,Bank transfer (automatic),DSL,0,49,Weekly,0
6109-HHLLX,72,83.35,6179.41,One year,Bank transfer (automatic),DSL,1,1,Daily,0
6880-LHUOA,26,24.04,599.1,One year,Mailed check,No,0,0,Daily,0
1622-QNOEM,37,20.59,738.98,Month-to-month,Bank transfer (automatic),No,2,42,Weekly,0
3923-QRRZN,14,84.82,1243.11,Month-to-month,Electronic check,Fiber optic,3,4,Weekly,1
2532-LOIIR,11,45.89,529.9,Month-to-month,Credit card (automatic),DSL,1,35,Rarely,1
7276-ITTYD,5,68.39,358.09,Month-to-month,Credit card (automatic),DSL,1,28,Weekly,1
1622-JULRT,14,102.05,1489.17,One year,Credit card (automatic),Fiber optic,1,8,Rarely,1
5652-WFGMN,57,25.17,1383.81,Month-to-month,Electronic check,No,1,20,Rarely,0
7550-XBGXP,14,83.78,1206.89,Month-to-month,Electronic check,Fiber optic,3,22,Weekly,1
9534-RGQJT,10,19.0,184.54,Month-to-month,Bank transfer (automatic),No,1,9,Daily,0
3592-CHQPV,25,49.12,1198.2,Two year,Mailed check,DSL,2,6,Daily,0
1071-UACJY,70,116.71,8162.36,Month-to-month,Electronic check,Fiber optic,2,2,Daily,0
7512-MXBZB,10,84.46,870.19,Month-to-month,Credit card (automatic),DSL,1,12,Daily,0
1013-VWHHP,23,87.14,1992.83,One year,Electronic check,Fiber optic,4,0,Daily,0
1597-SDGTU,50,93.76,4559.18,Two year,Electronic check,Fiber optic,0,24,Rarely,1
9913-DXWWG,32,111.04,3698.8,One year,Credit card (automatic),Fiber optic,3,22,Daily,0
8762-REFBM,21,93.17,1914.68,Month-to-month,Electronic check,Fiber optic,3,4,Daily,1
7367-SFEHF,69,83.11,5891.14,Month-to-month,Credit card (automatic),DSL,4,42,Rarely,0
8518-VEHHF,6,77.53,477.52,Month-to-month,Mailed check,DSL,5,79,Weekly,1
1678-YFMOG,1,105.96,101.62,Month-to-month,Bank transfer (automatic),Fiber optic,1,34,Weekly,1
1800-MEMAL,1,100.48,99.93,Month-to-month,Electronic check,Fiber optic,5,14,Rarely,1
3707-JJCZA,70,20.05,1351.82,One year,Mailed check,No,1,8,Daily,0
1213-DCZIL,60,19.87,1218.86,Month-to-month,Credit card (automatic),No,1,19,Weekly,0
8993-TBBER,48,112.03,5507.82,Month-to-month,Bank transfer (automatic),Fiber optic,1,45,Weekly,1
1506-ZQWWH,65,81.68,5203.83,One year,Electronic check,Fiber optic,2,1,Daily,0
5895-EEURW,67,81.81,5580.81,One year,Electronic check,Fiber optic,2,27,Weekly,0
8681-NZXVU,12,77.92,927.16,Month-to-month,Electronic check,DSL,0,69,Weekly,1
7614-DTYHV,10,72.25,726.9,Month-to-month,Credit card (automatic),Fiber optic,2,20,Daily,0
3112-JFSEM,42,72.02,3080.95,Month-to-month,Mailed check,DSL,1,20,Rarely,0
5232-YEEYU,13,67.33,904.98,One year,Mailed check,DSL,0,1,Daily,0
5933-MKZSX,32,18.78,600.55,One year,Credit card (automatic),No,2,26,Weekly,1
7910-CNSAN,34,78.79,2732.99,One year,Mailed check,Fiber optic,3,14,Weekly,0
4835-BXREN,46,20.75,933.27,Month-to-month,Mailed check,No,3,0,Daily,0
3565-CUFPC,8,20.2,161.07,Month-to-month,Electronic check,No,0,12,Weekly,0
8158-EZKDS,23,19.77,435.95,Month-to-month,Credit card (automatic),No,2,13,Weekly,1
8977-FPVRG,48,111.41,5338.26,Month-to-month,Mailed check,Fiber optic,0,18,Daily,0
5399-GFQRN,59,81.55,4749.87,Month-to-month,Credit card (automatic),DSL,0,22,Rarely,0
1252-KBVRQ,4,47.05,196.13,Two year,Electronic check,DSL,1,6,Rarely,0
5505-CHHPU,51,98.05,4881.67,One year,Electronic check,Fiber optic,2,9,Weekly,0
9002-WNJKT,9,58.93,556.61,Month-to-month,Electronic check,DSL,1,15,Weekly,0
9900-IKUOM,12,88.25,1028.34,Month-to-month,Bank transfer (automatic),Fiber optic,1,25,Daily,1
4608-THBUL,68,25.65,1761.43,Two year,Mailed check,No,1,3,Daily,0
2351-ICYSH,57,72.22,4045.45,One year,Electronic check,Fiber optic,1,20,Weekly,0
6148-PMIIB,64,83.84,5580.53,Two year,Electronic check,DSL,3,7,Daily,0
8475-ZYWIZ,12,85.41,1023.13,Month-to-month,Electronic check,Fiber optic,2,30,Weekly,1
9504-HVCIP,0,22.77,,Month-to-month,Mailed check,No,2,31,Weekly,1
1465-ZGLVM,68,25.48,1675.31,Two year,Electronic check,No,2,13,Daily,0
3614-RKAHO,63,101.29,6539.0,One year,Mailed check,Fiber optic,3,32,Rarely,0
5298-AGYAG,23,74.29,1775.8,Month-to-month,Credit card (automatic),DSL,1,5,Weekly,0
1884-QOFBX,6,74.7,460.16,Month-to-month,Mailed check,Fiber optic,1,42,Rarely,0
8976-OOBFB,23,97.64,2249.93,Two year,Bank transfer (automatic),Fiber optic,4,19,Daily,0
2009-ZUORE,2,85.07,177.3,Month-to-month,Bank transfer (automatic),Fiber optic,0,54,Daily,1
6986-ZNNYC,3,90.34,271.34,Month-to-month,Electronic check,Fiber optic,1,25,Daily,1
9266-LCLGL,36,81.52,2852.95,Month-to-month,Credit card (automatic),Fiber optic,3,11,Weekly,0
7166-SHBES,1,23.12,22.5,Month-to-month,Electronic check,No,1,0,Daily,1
7868-PZXET,71,22.52,1621.51,Two year,Credit card (automatic),No,1,2,Daily,0
3369-CCUKZ,45,44.9,2084.01,One year,Credit card (automatic),DSL,1,8,Weekly,0
8446-ANIZR,44,105.37,4728.37,Month-to-month,Electronic check,Fiber optic,2,8,Daily,1
4766-UHXVU,12,52.08,601.4,Month-to-month,Electronic check,DSL,0,5,Daily,0
1551-MXRBW,56,65.98,3680.86,Two year,Electronic check,DSL,1,1,Weekly,0
4298-ARGXS,20,78.94,1510.04,One year,Bank transfer (automatic),DSL,2,5,Daily,0
4148-VSOWH,69,89.29,6419.98,Two year,Mailed check,Fiber optic,4,48,Rarely,1
5692-NHCWM,13,68.42,854.17,Month-to-month,Credit card (automatic),DSL,1,5,Daily,0
3383-BVYRI,16,24.97,415.97,Month-to-month,Credit card (automatic),No,1,70,Weekly,1
5159-WTHIZ,67,67.63,4466.79,Two year,Mailed check,DSL,4,3,Daily,0
4851-YRAFJ,12,84.22,1019.2,Month-to-month,Electronic check,DSL,2,25,Rarely,1
3941-NWWHC,7,42.74,305.31,One year,Credit card (automatic),DSL,3,35,Weekly,1
7265-HGXAV,57,87.59,5159.28,One year,Mailed check,Fiber optic,2,19,Weekly,0
3749-RCRPA,46,71.32,3350.72,One year,Mailed check,DSL,0,5,Daily,0
7891-FJFPQ,12,22.16,266.03,Month-to-month,Bank transfer (automatic),No,0,53,Rarely,1
3257-EDRMG,71,82.54,5720.66,One year,Bank transfer (automatic),Fiber optic,1,7,Rarely,0
8783-GBWVO,2,21.01,40.76,Two year,Mailed check,No,0,10,Weekly,0
4285-JFHYC,41,72.31,3018.29,One year,Electronic check,DSL,1,2,Daily,0
1366-VHGVY,50,75.18,3721.33,Month-to-month,Bank transfer (automatic),DSL,0,2,Daily,0
2349-ZGPHF,63,23.26,1498.0,Two year,Mailed check,No,0,16,Weekly,0
8255-KBEPR,41,113.1,4767.08,Month-to-month,Mailed check,Fiber optic,1,74,Rarely,1
8848-HOTXO,10,63.0,614.28,Month-to-month,Electronic check,DSL,3,10,Daily,0
2907-GSEDJ,59,76.89,4320.91,Month-to-month,Electronic check,DSL,4,3,Weekly,0
6418-IDBYR,59,19.3,1138.68,Two year,Electronic check,No,3,38,Weekly,0
6168-SBUJT,4,84.34,331.43,Two year,Bank transfer (automatic),DSL,1,39,Rarely,0
2203-MGGDV,5,112.42,539.79,Month-to-month,Bank transfer (automatic),Fiber optic,2,23,Weekly,1
5067-LUVEI,24,25.2,600.62,Month-to-month,Electronic check,No,1,19,Rarely,0
7244-DAZRL,7,112.69,780.15,Month-to-month,Mailed check,Fiber optic,3,9,Weekly,1
9703-FPOFA,68,110.85,7330.81,Month-to-month,Bank transfer (automatic),Fiber optic,2,10,Rarely,0
8628-MNUKC,71,74.13,5172.87,One year,Mailed check,Fiber optic,1,1,Weekly,0
1880-WKSBA,6,114.15,653.78,Month-to-month,Bank transfer (automatic),Fiber optic,3,17,Weekly,1
3137-AUGUY,72,78.19,5890.19,Month-to-month,Credit card (automatic),Fiber optic,1,25,Daily,0
4929-RZYSU,68,78.92,5483.35,Two year,Electronic check,DSL,0,32,Rarely,0
2355-PFCJM,64,97.09,6016.69,Two year,Credit card (automatic),Fiber optic,2,2,Daily,0
6135-JCNMY,58,20.62,1203.76,One year,Electronic check,No,0,3,Daily,0
1077-YQWIZ,8,85.27,692.93,Month-to-month,Bank transfer (automatic),Fiber optic,3,58,Rarely,1
2021-YDSLG,57,83.08,4749.91,Two year,Credit card (automatic),Fiber optic,2,25,Rarely,0
1425-KXYIM,0,105.18,,Month-to-month,Credit card (automatic),Fiber optic,6,47,Weekly,1
3659-NTMKY,20,105.68,2191.65,Two year,Mailed check,Fiber optic,1,8,Daily,0
7859-JGIIO,24,90.74,2262.81,Month-to-month,Credit card (automatic),Fiber optic,3,13,Weekly,0
2595-RDXGC,9,90.73,777.98,Month-to-month,Mailed check,Fiber optic,2,18,Weekly,1
9883-RFTYS,52,48.81,2541.93,Two year,Bank transfer (automatic),DSL,1,34,Rarely,0
3425-UMIPJ,16,57.32,913.25,Month-to-month,Mailed check,DSL,0,1,Daily,0
1403-WMMRE,40,69.48,2651.7,Month-to-month,Bank transfer (automatic),DSL,3,55,Weekly,0
4019-OTUFB,42,100.32,4384.99,One year,Electronic check,Fiber optic,0,14,Weekly,1
7731-FVGBP,3,76.3,240.16,Month-to-month,Credit card (automatic),Fiber optic,4,20,Rarely,1
1959-WFBDD,0,105.48,,Month-to-month,Electronic check,Fiber optic,3,0,Daily,1
1646-FEQFO,9,118.0,1037.86,Month-to-month,Electronic check,Fiber optic,2,43,Rarely,1
8643-KRRPX,63,109.33,6588.81,Month-to-month,Mailed check,Fiber optic,1,3,Daily,0
6328-FNKND,48,70.38,3304.8,Month-to-month,Electronic check,Fiber optic,4,0,Weekly,1
4088-IYULC,15,109.87,1665.54,Month-to-month,Electronic check,Fiber optic,3,34,Rarely,0
7803-QHICH,30,71.45,2097.76,Two year,Mailed check,Fiber optic,2,7,Weekly,0
8598-FAPZD,26,45.18,1203.24,Month-to-month,Mailed check,DSL,1,13,Weekly,0
4232-BCOVI,6,81.76,514.18,Month-to-month,Credit card (automatic),Fiber optic,5,24,Weekly,1
6050-DCPJJ,4,61.64,239.49,Two year,Mailed check,DSL,0,10,Rarely,0
1098-GXJST,22,77.85,1797.16,One year,Credit card (automatic),DSL,1,1,Daily,0
3754-BGXWK,4,109.48,437.91,Month-to-month,Bank transfer (automatic),Fiber optic,4,28,Daily,1
6356-EHYRB,56,56.13,3117.3,Two year,Mailed check,DSL,1,12,Weekly,0
2773-SDHMJ,6,60.8,353.75,One year,Electronic check,DSL,3,28,Weekly,0
9920-SEWPH,26,46.84,1165.72,One year,Credit card (automatic),DSL,1,7,Daily,0
9739-YMKAZ,21,116.17,2499.27,One year,Bank transfer (automatic),Fiber optic,3,12,Rarely,0
3318-WEYUK,50,51.57,2622.73,Two year,Electronic check,DSL,1,10,Weekly,0
4566-YOREC,58,20.04,1193.31,Two year,Electronic check,No,0,3,Daily,0
2705-NIZCT,28,117.89,3207.41,One year,Bank transfer (automatic),Fiber optic,2,5,Rarely,1
5535-PWZWJ,0,48.74,,Month-to-month,Credit card (automatic),DSL,0,4,Daily,0
2115-SEMGG,25,78.81,1995.59,Month-to-month,Bank transfer (automatic),Fiber optic,5,12,Weekly,1
4518-ODOKF,3,117.67,349.39,Month-to-month,Electronic check,Fiber optic,3,26,Weekly,1
5996-OTPCO,10,73.71,713.0,Two year,Electronic check,Fiber optic,1,12,Weekly,1
6505-QRLCD,28,40.53,1153.54,Month-to-month,Mailed check,DSL,0,19,Weekly,1
6367-IQTRI,1,92.11,95.88,Month-to-month,Mailed check,Fiber optic,4,52,Rarely,1
2992-LBUJN,4,84.39,347.73,Month-to-month,Mailed check,Fiber optic,0,5,Daily,1
8129-LHEYD,15,25.03,393.66,One year,Mailed check,No,2,40,Daily,0
7225-YCCXY,15,105.65,1529.45,One year,Bank transfer (automatic),Fiber optic,1,1,Weekly,0
7776-XUMCP,66,63.87,4277.8,Two year,Bank transfer (automatic),DSL,0,2,Daily,0
5210-NTACP,8,70.49,555.81,Month-to-month,Electronic check,Fiber optic,2,3,Daily,1
9031-WYOJM,19,51.21,957.82,One year,Electronic check,DSL,2,1,Daily,0
4508-NQFKO,70,113.19,7792.84,Two year,Mailed check,Fiber optic,4,4,Daily,0
8251-WUTFK,57,82.04,4752.02,One year,Electronic check,Fiber optic,3,2,Weekly,1
2831-OZJXT,7,40.27,289.9,Month-to-month,Mailed check,DSL,5,30,Daily,1
3225-QSUSR,44,49.63,2195.14,One year,Electronic check,DSL,1,3,Weekly,0
5740-JLPVQ,23,73.8,1731.27,One year,Mailed check,DSL,0,46,Rarely,0
6002-ZRKOQ,3,78.55,,Month-to-month,Electronic check,DSL,1,25,Weekly,1
7715-WGGFB,11,83.84,922.17,Month-to-month,Electronic check,Fiber optic,3,9,Weekly,1
3676-RZPBJ,63,81.26,4945.91,Two year,Electronic check,Fiber optic,3,2,Daily,0
8852-XBPLX,4,77.52,296.22,Month-to-month,Bank transfer (automatic),DSL,1,0,Daily,0
3967-NOSVN,8,48.03,382.5,Month-to-month,Bank transfer (automatic),DSL,0,42,Weekly,0
5807-SUNSJ,45,21.22,1000.38,One year,Mailed check,No,1,8,Weekly,0
9386-JARGV,6,56.51,353.4,Month-to-month,Credit card (automatic),DSL,4,15,Daily,1
5854-YWHQT,8,21.47,178.58,Month-to-month,Mailed check,No,2,23,Daily,0
7136-NNLIO,24,42.45,1004.99,Month-to-month,Electronic check,DSL,1,8,Weekly,1
9176-ZFBBP,53,24.83,1348.87,Two year,Credit card (automatic),No,1,16,Weekly,0
9770-HLYBE,61,80.43,5120.39,Two year,Mailed check,Fiber optic,1,6,Daily,0
5494-FLSEC,2,55.88,106.85,Month-to-month,Mailed check,DSL,0,22,Weekly,0
4751-CUAQP,12,68.32,815.41,Month-to-month,Mailed check,DSL,1,52,Rarely,0
2772-COHND,70,75.97,5249.87,Two year,Electronic check,DSL,0,16,Weekly,0
5836-RUANQ,38,66.01,2594.34,Month-to-month,Credit card (automatic),DSL,1,32,Rarely,1
9264-ASOHM,53,87.54,4675.81,Two year,Credit card (automatic),Fiber optic,2,5,Daily,0
5383-RQUAU,6,70.26,442.56,Month-to-month,Credit card (automatic),Fiber optic,2,5,Daily,0
4135-AQJBR,10,94.01,898.41,Month-to-month,Mailed check,Fiber optic,0,33,Weekly,1
1965-ORJHQ,4,64.86,254.59,One year,Electronic check,DSL,2,4,Daily,0
4507-FVRZA,53,87.44,4658.99,Month-to-month,Electronic check,Fiber optic,4,19,Daily,0
3130-POWLY,66,67.96,4359.54,Month-to-month,Bank transfer (automatic),DSL,1,52,Weekly,0
9789-GWNYF,0,75.24,,Month-to-month,Electronic check,DSL,2,19,Weekly,1
5748-GOODQ,65,40.64,2692.79,Two year,Electronic check,DSL,0,2,Weekly,0
2232-KDNSA,66,109.35,7294.33,One year,Electronic check,Fiber optic,3,40,Weekly,0
1606-XPGTV,70,66.16,4462.91,Two year,Credit card (automatic),DSL,0,5,Daily,0
8655-YUFEF,18,53.98,999.93,Month-to-month,Credit card (automatic),DSL,1,2,Daily,0
9382-WHIXF,4,103.65,434.12,Month-to-month,Bank transfer (automatic),Fiber optic,1,1,Daily,0
7866-KHHPT,50,23.78,1224.9,Two year,Bank transfer (automatic),No,1,23,Weekly,0
2114-GAQOR,4,106.76,429.84,Month-to-month,Credit card (automatic),Fiber optic,5,10,Weekly,1
1884-LUQTT,9,21.6,197.98,Month-to-month,Electronic check,No,4,32,Weekly,1
2781-MIPQO,1,65.52,65.74,Month-to-month,Mailed check,DSL,5,4,Weekly,1
7759-NIDLW,21,22.07,442.02,Month-to-month,Mailed check,No,0,14,Weekly,0
7887-STTXF,8,55.74,462.47,Month-to-month,Electronic check,DSL,0,90,Rarely,1
8539-SBGAL,20,44.95,875.07,One year,Bank transfer (automatic),DSL,1,14,Weekly,1
1872-DKDAM,65,81.28,5184.67,Month-to-month,Electronic check,DSL,2,3,Daily,0
2378-KKIKA,13,76.18,1031.48,Month-to-month,Bank transfer (automatic),Fiber optic,3,10,Rarely,1
9101-MWDDU,68,68.84,4797.15,One year,Bank transfer (automatic),DSL,1,0,Daily,0
9357-NGUIP,53,89.4,4762.07,Two year,Electronic check,Fiber optic,1,9,Daily,0
7530-OETQF,70,109.84,7499.82,Two year,Electronic check,Fiber optic,3,6,Daily,0
1954-TQWVI,26,60.68,1628.72,Two year,Credit card (automatic),DSL,4,6,Daily,0
1617-YAIPN,53,19.9,1058.33,Two year,Bank transfer (automatic),No,1,4,Daily,0
1500-FFUWR,30,45.93,1384.24,Two year,Credit card (automatic),DSL,1,10,Daily,0
7225-NUGZD,12,57.01,662.9,Month-to-month,Electronic check,DSL,2,2,Daily,0
8612-PIXGQ,69,63.61,4362.4,Two year,Bank transfer (automatic),DSL,1,5,Daily,0
6684-EEKUH,36,67.95,2411.19,Month-to-month,Electronic check,DSL,2,87,Weekly,1
3358-SOZHG,53,78.05,4051.28,Two year,Mailed check,DSL,0,2,Daily,0
7815-XIFVV,47,56.22,2635.34,Two year,Electronic check,DSL,1,8,Weekly,0
1532-BWQHN,6,74.94,464.97,Month-to-month,Electronic check,DSL,0,46,Weekly,1
8452-GEDEP,60,20.19,1189.14,Month-to-month,Credit card (automatic),No,1,5,Weekly,0
9026-VMALT,36,25.09,880.29,One year,Bank transfer (automatic),No,0,3,Daily,0
7464-VTJQB,25,19.23,499.12,One year,Electronic check,No,0,27,Weekly,0
8912-KNAAU,59,75.97,4604.52,Month-to-month,Bank transfer (automatic),DSL,3,54,Rarely,1
6275-FDPHZ,46,51.33,2376.64,Month-to-month,Mailed check,DSL,3,36,Rarely,0
5214-YVHWG,8,101.85,829.47,Month-to-month,Electronic check,Fiber optic,1,84,Rarely,1
3901-GZRCX,60,96.38,5542.62,One year,Electronic check,Fiber optic,0,11,Weekly,0
9294-ERLAU,2,65.59,134.3,Month-to-month,Mailed check,DSL,1,27,Weekly,1
7274-RWPTX,38,25.85,1020.72,Two year,Electronic check,No,1,10,Weekly,0
2714-ZOAIQ,2,22.99,45.86,Two year,Credit card (automatic),No,1,6,Daily,0
9611-CDKXI,8,48.9,404.57,Month-to-month,Bank transfer (automatic),DSL,3,46,Weekly,1
1532-YUHGV,70,21.58,1521.08,Two year,Credit card (automatic),No,1,18,Weekly,0
6287-TQZCK,3,43.45,124.3,One year,Electronic check,DSL,3,18,Daily,1
2714-PBZOI,50,86.27,4103.4,Two year,Electronic check,Fiber optic,3,15,Daily,0
6978-GAPZA,14,52.48,707.29,One year,Bank transfer (automatic),DSL,0,17,Daily,0
4713-KRLQS,9,101.22,953.25,One year,Bank transfer (automatic),Fiber optic,2,8,Weekly,1
4933-ZPSHD,68,81.04,5762.48,Two year,Bank transfer (automatic),DSL,2,24,Rarely,0
7043-CCVBM,6,83.65,478.9,Month-to-month,Bank transfer (automatic),Fiber optic,2,12,Daily,0
7804-PRBWL,29,77.99,2232.13,Month-to-month,Electronic check,DSL,1,5,Rarely,0
4420-ADWYT,52,112.49,6110.79,One year,Bank transfer (automatic),Fiber optic,2,30,Rarely,0
9978-IYHGT,56,100.68,5667.99,One year,Credit card (automatic),Fiber optic,4,1,Daily,0
5485-INREY,2,71.15,146.46,Month-to-month,Bank transfer (automatic),DSL,0,26,Weekly,1
2443-EZHKG,58,108.71,6118.69,One year,Credit card (automatic),Fiber optic,3,2,Daily,0
1057-OAENS,72,21.29,1471.99,One year,Mailed check,No,1,5,Daily,0
2821-ZVXUU,17,25.9,432.83,Month-to-month,Electronic check,No,1,10,Weekly,0
7219-IXZND,37,21.36,805.53,Two year,Credit card (automatic),No,0,3,Daily,0
5854-BMQOX,1,42.9,44.74,Month-to-month,Bank transfer (automatic),DSL,1,22,Weekly,0
4040-NRTXP,5,105.54,542.49,Month-to-month,Mailed check,Fiber optic,1,59,Weekly,1
5331-OCQEJ,15,21.01,312.29,One year,Electronic check,No,0,8,Daily,0
8542-NCSHN,0,18.71,,Two year,Electronic check,No,0,63,Weekly,0
6143-JJKBF,48,47.24,2351.51,Month-to-month,Electronic check,DSL,0,67,Weekly,0
1522-UDMDO,3,21.27,63.92,Month-to-month,Electronic check,No,1,19,Weekly,1
1441-QMUGO,11,80.32,879.7,Month-to-month,Credit card (automatic),Fiber optic,3,4,Daily,0
5337-HNBGS,21,76.62,1574.52,One year,Mailed check,Fiber optic,3,3,Daily,0
4638-UHGHH,2,77.88,158.72,Month-to-month,Electronic check,Fiber optic,0,3,Daily,1
8653-ZQKMN,19,67.82,1243.74,Month-to-month,Electronic check,DSL,1,32,Weekly,0
6246-OKZHL,31,44.91,1376.61,Month-to-month,Electronic check,DSL,1,48,Rarely,1
7811-AMWZM,10,75.03,769.24,Month-to-month,Mailed check,DSL,0,9,Weekly,1
6266-DSQYN,2,110.82,225.52,Month-to-month,Mailed check,Fiber optic,5,90,Rarely,1
4107-AXRUD,9,105.09,911.12,Month-to-month,Credit card (automatic),Fiber optic,0,25,Weekly,1
6915-LLGWE,41,81.89,3309.78,Month-to-month,Electronic check,Fiber optic,2,23,Daily,1
6592-BGZCP,9,97.96,872.32,Month-to-month,Credit card (automatic),Fiber optic,4,1,Rarely,1
7481-EKOAG,50,72.96,3550.82,One year,Electronic check,Fiber optic,2,23,Rarely,0
2702-PAMPF,31,82.36,2476.64,Month-to-month,Credit card (automatic),DSL,1,33,Weekly,0
6773-EMSAI,11,39.34,433.13,Month-to-month,Bank transfer (automatic),DSL,2,23,Daily,1
3568-ZIITM,10,80.74,794.09,One year,Credit card (automatic),Fiber optic,0,1,Daily,0
8111-KUASJ,7,74.03,523.75,Month-to-month,Credit card (automatic),Fiber optic,4,4,Weekly,1
8185-XSYDE,11,25.96,289.59,Month-to-month,Mailed check,No,1,20,Weekly,0
6622-XKVRM,1,18.81,19.67,Month-to-month,Mailed check,No,3,21,Weekly,0
9519-BBSCA,66,70.08,4667.19,Two year,Electronic check,Fiber optic,0,14,Weekly,0
5837-FXQSQ,8,43.63,360.25,Month-to-month,Mailed check,DSL,0,45,Rarely,1
1226-OGLOZ,3,25.11,78.42,Month-to-month,Electronic check,No,4,13,Rarely,1
6455-XTVUR,62,57.43,3534.12,Two year,Mailed check,DSL,1,3,Daily,0
7998-VBALB,51,115.82,5714.54,Two year,Electronic check,Fiber optic,3,5,Daily,0
1910-IFYRB,43,25.7,1080.75,Two year,Electronic check,No,1,1,Daily,0
1941-QTIWZ,22,23.95,536.62,One year,Credit card (automatic),No,1,23,Weekly,0
3458-ZCLUL,10,19.77,194.18,Month-to-month,Credit card (automatic),No,3,15,Weekly,0
8597-MIKSA,60,83.67,4834.91,Two year,Credit card (automatic),DSL,0,10,Weekly,0
5746-USDUN,18,91.25,1583.28,Month-to-month,Electronic check,Fiber optic,4,25,Weekly,1
9786-ILNFP,20,92.53,1819.93,Two year,Credit card (automatic),Fiber optic,2,13,Daily,0
8856-QJLQN,7,68.29,461.05,Month-to-month,Electronic check,DSL,2,17,Rarely,1
5992-LYWJS,45,104.73,4909.82,Month-to-month,Electronic check,Fiber optic,1,1,Daily,0
7110-VCPUB,63,116.68,6988.18,One year,Electronic check,Fiber optic,5,31,Rarely,1
3978-IUYZP,1,25.78,25.09,Month-to-month,Electronic check,No,1,24,Daily,1
1813-BAVTF,33,90.06,3099.45,Month-to-month,Electronic check,Fiber optic,2,5,Daily,0
4588-DDWTY,12,45.54,563.24,Month-to-month,Credit card (automatic),DSL,3,24,Weekly,0
6329-CSYNU,58,25.37,1533.99,One year,Bank transfer (automatic),No,1,4,Daily,0
2639-PALGC,10,75.77,786.29,One year,Mailed check,Fiber optic,3,0,Weekly,1
2995-PYBIR,48,96.8,4609.25,One year,Mailed check,Fiber optic,1,17,Weekly,0
1134-IDEAZ,33,19.75,625.23,Month-to-month,Bank transfer (automatic),No,0,1,Daily,0
7605-MYRJY,27,87.38,2437.53,Month-to-month,Mailed check,Fiber optic,2,25,Rarely,0
9093-GEUOK,8,95.69,755.87,Month-to-month,Credit card (automatic),Fiber optic,5,22,Weekly,1
8446-PZHXX,22,104.19,2203.95,One year,Electronic check,Fiber optic,2,30,Weekly,1
4419-TECDS,5,25.81,132.58,Month-to-month,Electronic check,No,2,38,Rarely,1
6340-KZAJG,12,114.55,1309.34,Two year,Electronic check,Fiber optic,2,15,Weekly,1
9646-WDKWZ,2,95.24,185.1,Month-to-month,Bank transfer (automatic),Fiber optic,3,20,Weekly,1
6321-XQECK,12,20.84,253.98,Month-to-month,Mailed check,No,1,22,Weekly,1
3662-MNBRK,69,63.7,4281.07,One year,Bank transfer (automatic),DSL,2,4,Daily,1
4046-CXJGM,0,21.25,,Two year,Mailed check,No,2,34,Rarely,0
7543-YVCRR,69,21.95,1542.19,Two year,Mailed check,No,2,14,Weekly,0
5015-XZTRJ,49,81.06,3893.84,Two year,Electronic check,DSL,1,9,Rarely,0
8534-XYZYQ,47,94.94,4648.25,One year,Credit card (automatic),Fiber optic,2,7,Daily,0
8776-YUGAZ,10,18.81,179.88,Month-to-month,Mailed check,No,0,30,Weekly,1
1322-LWHJV,25,103.18,2540.65,Month-to-month,Electronic check,Fiber optic,4,7,Daily,1
7509-NRIPM,63,51.92,3401.18,One year,Electronic check,DSL,2,24,Daily,0
4329-YMCTY,9,48.84,421.08,One year,Electronic check,DSL,2,4,Daily,0
5677-WCZJV,11,74.26,847.59,Month-to-month,Mailed check,DSL,1,12,Weekly,1
3382-QZIPR,7,78.03,564.6,Month-to-month,Mailed check,Fiber optic,2,17,Rarely,1
4313-EUDVD,31,99.55,2972.55,Two year,Mailed check,Fiber optic,3,12,Rarely,0
3973-EMEBB,9,109.63,992.48,Month-to-month,Electronic check,Fiber optic,1,24,Weekly,1
1453-HMBDP,8,84.58,650.86,Month-to-month,Electronic check,Fiber optic,5,27,Daily,1
8044-ITVAY,33,92.9,3196.66,Month-to-month,Electronic check,Fiber optic,3,26,Daily,1
2286-RVMAX,21,98.02,2158.46,Two year,Mailed check,Fiber optic,0,40,Rarely,0
4381-OAEFJ,11,23.31,252.49,Month-to-month,Bank transfer (automatic),No,0,3,Daily,0
2737-LLWYR,55,25.79,1483.81,Month-to-month,Electronic check,No,3,17,Weekly,0
2445-QWGOQ,2,113.11,221.12,Month-to-month,Electronic check,Fiber optic,2,77,Rarely,1
4360-HYGBI,7,48.62,343.83,Two year,Electronic check,DSL,1,2,Daily,0
9267-VJFWD,12,22.59,264.07,Month-to-month,Mailed check,No,2,86,Rarely,0
9496-EXIAL,9,19.68,168.64,Month-to-month,Electronic check,No,0,0,Daily,0
4434-TTCHQ,15,18.95,280.0,Two year,Mailed check,No,1,3,Daily,0
5545-RQIWC,7,87.85,611.33,Month-to-month,Electronic check,Fiber optic,5,75,Weekly,1
9870-VYRLJ,56,53.71,2915.52,Month-to-month,Bank transfer (automatic),DSL,2,7,Daily,0
3113-LEFQO,59,97.67,5772.16,Month-to-month,Electronic check,Fiber optic,1,2,Weekly,0
9501-MMCWY,10,68.5,714.5,Month-to-month,Electronic check,DSL,4,24,Weekly,1
1951-GIQAC,71,88.7,6495.6,Two year,Bank transfer (automatic),Fiber optic,0,6,Daily,0
3032-XEPWT,30,112.06,3332.44,Two year,Credit card (automatic),Fiber optic,1,12,Weekly,0
4044-HDSKZ,63,24.81,1550.46,Month-to-month,Bank transfer (automatic),No,2,24,Rarely,0
1333-QAGTS,12,104.98,1306.08,Month-to-month,Electronic check,Fiber optic,3,49,Rarely,1
8340-TGGFS,41,87.01,3592.61,Month-to-month,Credit card (automatic),Fiber optic,0,14,Weekly,0
8697-AVHMG,5,81.75,405.4,Month-to-month,Mailed check,Fiber optic,3,48,Rarely,1
4449-LTFOB,1,44.34,43.35,Month-to-month,Bank transfer (automatic),DSL,0,44,Weekly,1
8526-EROPF,56,50.52,2953.15,Two year,Bank transfer (automatic),DSL,1,5,Daily,0
7951-FLDXG,5,116.52,581.9,Month-to-month,Mailed check,Fiber optic,6,25,Daily,1
8211-SEQFH,31,58.21,1773.13,Month-to-month,Mailed check,DSL,3,11,Weekly,0
8223-KDDTI,0,58.12,,Month-to-month,Electronic check,DSL,0,15,Weekly,1
6160-OQQQZ,67,92.83,6331.6,Two year,Mailed check,Fiber optic,3,48,Rarely,0
1997-QJHUK,46,68.81,3287.12,Month-to-month,Electronic check,DSL,1,19,Weekly,0
9310-OVGFB,0,81.32,,Month-to-month,Bank transfer (automatic),DSL,2,60,Daily,0
6477-BQNHF,27,75.54,2136.94,Month-to-month,Electronic check,Fiber optic,5,18,Weekly,1
9110-SCSXL,0,24.65,,Month-to-month,Bank transfer (automatic),No,1,49,Weekly,1
9630-MNCQJ,12,59.65,725.55,Month-to-month,Credit card (automatic),DSL,3,90,Weekly,1
2684-MAWIB,31,83.32,2705.67,Two year,Bank transfer (automatic),Fiber optic,1,2,Weekly,0
4618-UZNAZ,57,96.38,5460.44,Two year,Credit card (automatic),Fiber optic,1,4,Daily,0
2732-FGSIC,64,96.21,6158.76,One year,Mailed check,Fiber optic,2,26,Daily,0
1458-RGWEX,5,76.47,386.04,Month-to-month,Mailed check,Fiber optic,2,64,Weekly,1
9696-SGPYB,2,74.7,153.59,Month-to-month,Mailed check,Fiber optic,1,71,Weekly,1
9308-VLYFS,70,23.2,1656.76,One year,Bank transfer (automatic),No,2,10,Weekly,0
9384-ZICKP,1,72.83,75.87,Month-to-month,Mailed check,DSL,2,16,Rarely,1
8952-QMYPQ,69,23.11,1589.83,Two year,Electronic check,No,0,4,Rarely,0
6838-YYIHT,36,55.23,2001.86,Two year,Mailed check,DSL,0,4,Daily,0
5698-NLSRX,70,22.67,1573.46,Two year,Electronic check,No,0,19,Weekly,0
9922-JTFYC,12,113.96,1407.09,Month-to-month,Mailed check,Fiber optic,1,7,Daily,1
5969-TCWYV,49,114.81,5748.4,Month-to-month,Electronic check,Fiber optic,1,23,Rarely,1
6781-UMGZN,32,81.27,2718.93,Two year,Mailed check,Fiber optic,2,16,Daily,0
2905-VSSJL,49,74.61,3826.99,One year,Mailed check,Fiber optic,1,10,Daily,0
7719-LPSFF,1,69.05,69.46,Month-to-month,Mailed check,DSL,0,38,Weekly,1
8374-BNRFS,25,78.46,1870.94,Two year,Mailed check,Fiber optic,2,2,Daily,0
7106-AWRRS,12,108.85,1317.51,One year,Credit card (automatic),Fiber optic,0,4,Daily,0
5486-JZTEX,2,83.62,169.72,Month-to-month,Credit card (automatic),Fiber optic,1,17,Weekly,1
2780-TIYGQ,43,77.3,3180.08,One year,Electronic check,Fiber optic,0,26,Weekly,0
1304-RZOZH,9,109.58,954.74,Month-to-month,Credit card (automatic),Fiber optic,1,22,Daily,1
6645-UGZTQ,56,20.06,1164.63,Month-to-month,Mailed check,No,0,37,Weekly,0
7146-BMDXJ,54,70.43,3777.31,Two year,Electronic check,Fiber optic,1,2,Daily,0
7952-VXCTH,58,109.86,6641.67,One year,Bank transfer (automatic),Fiber optic,1,3,Daily,0
9553-CGOWR,18,19.2,339.48,One year,Mailed check,No,1,44,Weekly,0
5475-GHHTN,5,58.31,305.56,Month-to-month,Electronic check,DSL,0,9,Weekly,1
8461-ABBYN,8,57.21,465.64,Month-to-month,Bank transfer (automatic),DSL,1,37,Weekly,1
7445-MTEAH,7,19.57,140.4,Month-to-month,Bank transfer (automatic),No,0,34,Daily,0
3494-FUVQX,15,71.71,1086.37,Month-to-month,Mailed check,Fiber optic,0,15,Rarely,1
8605-MGIDX,64,74.11,4763.81,Two year,Electronic check,Fiber optic,3,41,Rarely,0
1479-PUHSI,12,58.67,720.01,Month-to-month,Credit card (automatic),DSL,2,53,Weekly,1
6389-LQZOS,11,116.42,1242.22,Month-to-month,Bank transfer (automatic),Fiber optic,2,2,Daily,1
9462-PLYYI,8,23.94,191.28,Month-to-month,Bank transfer (automatic),No,2,3,Daily,0
6930-XLTNT,18,104.67,1968.86,Month-to-month,Credit card (automatic),Fiber optic,3,62,Rarely,1
9432-WLSNU,6,23.52,146.69,Month-to-month,Credit card (automatic),No,2,1,Daily,0
1505-ESPLJ,38,74.38,2948.37,One year,Electronic check,DSL,3,8,Weekly,0
5791-SJAYL,0,95.68,,Month-to-month,Electronic check,Fiber optic,3,40,Rarely,1
8024-EFVIH,5,84.34,433.7,Month-to-month,Credit card (automatic),DSL,1,56,Daily,1
6780-MAOBV,63,99.47,6533.51,One year,Electronic check,Fiber optic,1,51,Rarely,1
8923-LFLEI,63,23.23,1502.25,Two year,Electronic check,No,1,41,Weekly,0
5162-DRZMC,12,39.97,460.01,Month-to-month,Electronic check,DSL,0,24,Rarely,0
7142-BVJHC,6,106.6,644.46,Month-to-month,Credit card (automatic),Fiber optic,2,90,Rarely,1
4777-RBXFB,7,55.37,369.7,Month-to-month,Mailed check,DSL,1,42,Rarely,1
8848-SJSBW,61,107.53,6347.92,One year,Electronic check,Fiber optic,0,6,Daily,0
2074-ITYNI,18,77.98,1428.68,Two year,Electronic check,DSL,0,32,Weekly,0
3286-IRADQ,26,71.08,1926.08,Two year,Mailed check,Fiber optic,0,1,Weekly,0
1870-AHQGY,21,21.39,427.38,Two year,Mailed check,No,0,7,Daily,0
7318-ZAEXA,71,80.63,5871.48,Two year,Bank transfer (automatic),DSL,2,14,Weekly,0
3094-MYPHA,1,44.89,44.7,One year,Credit card (automatic),DSL,0,1,Rarely,0
3853-KOCNK,2,73.24,151.21,Month-to-month,Electronic check,DSL,0,19,Daily,1
8528-IZXSP,38,85.68,3299.33,One year,Electronic check,Fiber optic,2,6,Weekly,0
4241-MBHAJ,26,62.43,1637.39,Month-to-month,Mailed check,DSL,0,3,Daily,0
2312-MPJGS,5,25.28,125.47,One year,Bank transfer (automatic),No,2,7,Daily,0
1188-DDSPW,63,100.7,6247.86,Two year,Electronic check,Fiber optic,3,10,Rarely,0
3040-TXRVE,15,91.03,1365.83,One year,Mailed check,Fiber optic,1,0,Daily,0
9231-NYUKY,63,71.07,4554.69,Two year,Electronic check,DSL,3,18,Weekly,0
5936-IAUKA,56,80.81,4470.51,Two year,Electronic check,Fiber optic,1,8,Weekly,0
9952-FBZWY,34,18.59,631.3,Month-to-month,Credit card (automatic),No,3,6,Rarely,0
2935-EUOHR,60,100.0,6057.59,One year,Mailed check,Fiber optic,0,28,Weekly,0
4162-YLAVE,67,111.76,7115.75,Two year,Mailed check,Fiber optic,0,3,Daily,0
2468-EQUUW,1,103.93,100.96,Month-to-month,Mailed check,Fiber optic,5,12,Weekly,1
4585-WDHSK,26,22.4,564.02,One year,Credit card (automatic),No,1,15,Daily,1
6069-SLLAP,72,76.95,5747.26,One year,Mailed check,Fiber optic,1,10,Weekly,0
8272-WVIRF,59,19.14,1174.38,One year,Electronic check,No,0,5,Daily,0
4312-QKYSB,66,51.87,3313.79,Two year,Electronic check,DSL,3,4,Daily,0
7943-WSFHE,1,116.72,119.03,Month-to-month,Credit card (automatic),Fiber optic,1,7,Daily,1
6634-IYXOJ,67,92.4,6139.15,Two year,Credit card (automatic),Fiber optic,3,2,Weekly,0
3626-JYFTZ,21,109.03,2300.67,Month-to-month,Credit card (automatic),Fiber optic,0,37,Rarely,1
9208-WSXFZ,42,39.59,1647.86,Month-to-month,Electronic check,DSL,1,5,Weekly,0
4907-CAFPG,45,92.92,4168.25,Month-to-month,Bank transfer (automatic),Fiber optic,5,45,Daily,1
2358-QCSFN,39,50.36,2001.35,Month-to-month,Mailed check,DSL,0,88,Rarely,1
9663-DZJPM,11,116.21,1251.45,Month-to-month,Mailed check,Fiber optic,1,26,Daily,1
9219-PLBVQ,54,48.14,2475.06,Month-to-month,Credit card (automatic),DSL,1,17,Daily,0
1445-GCXIX,9,72.41,651.86,Month-to-month,Credit card (automatic),Fiber optic,0,90,Rarely,1
9121-TYREA,6,77.86,448.38,Month-to-month,Electronic check,Fiber optic,1,4,Weekly,1
9525-GLQXD,2,41.9,87.63,Month-to-month,Electronic check,DSL,1,10,Weekly,0
8460-QCMBJ,28,85.3,2350.69,One year,Electronic check,Fiber optic,2,9,Daily,0
3294-PTUNG,0,84.8,,Month-to-month,Credit card (automatic),DSL,2,23,Weekly,1
6680-XYZUU,7,115.13,804.33,Two year,Credit card (automatic),Fiber optic,2,4,Daily,0
5843-COKGB,57,22.79,1275.85,One year,Bank transfer (automatic),No,1,7,Daily,0
6580-FXXTC,36,24.73,906.85,Two year,Electronic check,No,0,6,Daily,0
6547-RDRAH,51,89.4,4653.24,One year,Bank transfer (automatic),Fiber optic,1,25,Daily,0
6752-DYOXA,23,113.21,2655.48,Month-to-month,Mailed check,Fiber optic,3,20,Weekly,1
5625-TMMWB,5,80.19,396.61,Month-to-month,Credit card (automatic),Fiber optic,1,16,Weekly,0
7213-YAJDN,69,89.55,6400.11,Two year,Bank transfer (automatic),Fiber optic,2,4,Daily,0
5738-PQUTY,1,44.55,42.53,One year,Electronic check,DSL,0,54,Weekly,1
1148-LEEHP,68,82.08,5564.86,One year,Electronic check,DSL,0,7,Daily,1
1317-BYZEU,7,21.04,153.87,One year,Electronic check,No,0,0,Daily,0
9621-PMTOI,68,50.32,3393.78,One year,Mailed check,DSL,0,28,Daily,0
9182-ODGZE,32,80.76,2708.96,One year,Electronic check,Fiber optic,2,1,Rarely,0
6269-PHMGO,67,60.8,4159.67,Month-to-month,Bank transfer (automatic),DSL,0,12,Weekly,0
2571-OQIPS,1,62.19,61.63,Month-to-month,Mailed check,DSL,3,12,Weekly,1
8032-SOHNN,32,69.95,2279.26,Month-to-month,Bank transfer (automatic),DSL,3,0,Daily,0
2289-YJITQ,8,109.24,912.97,Month-to-month,Credit card (automatic),Fiber optic,5,14,Weekly,1
4395-LASTY,54,104.08,5816.58,One year,Mailed check,Fiber optic,0,3,Daily,0
3968-NNFLA,3,22.19,64.54,Month-to-month,Credit card (automatic),No,0,31,Rarely,1
1111-NSURU,39,95.98,3861.45,Month-to-month,Credit card (automatic),Fiber optic,2,14,Daily,0
8262-RULPQ,39,25.82,979.51,One year,Electronic check,No,2,18,Weekly,0
5587-OOUGI,26,91.68,2288.3,Month-to-month,Electronic check,Fiber optic,1,67,Rarely,1
3845-NQNFV,58,53.79,3089.67,Month-to-month,Electronic check,DSL,0,7,Daily,0
5564-OLWLE,66,23.34,1554.65,Two year,Bank transfer (automatic),No,0,6,Daily,0
1000-ZJXNG,3,102.63,302.11,Month-to-month,Bank transfer (automatic),Fiber optic,1,23,Rarely,1
4932-JXYDZ,50,115.46,5973.39,One year,Bank transfer (automatic),Fiber optic,1,14,Weekly,0
5675-WQEPL,26,55.2,1410.23,Month-to-month,Bank transfer (automatic),DSL,2,9,Weekly,1
4057-DZPCI,22,94.72,2004.72,One year,Mailed check,Fiber optic,0,3,Daily,1
8472-VLMDC,2,67.72,135.42,Month-to-month,Electronic check,DSL,0,41,Weekly,1
3248-ZYCOR,37,71.6,2684.6,Month-to-month,Electronic check,DSL,1,78,Rarely,1
2240-WOWDA,53,71.94,3727.42,One year,Credit card (automatic),Fiber optic,2,3,Daily,0
5747-MGTIK,65,25.25,1706.05,Two year,Electronic check,No,0,13,Daily,0
8984-NYBOK,69,19.83,1308.26,Two year,Mailed check,No,2,21,Weekly,0
4377-AVXET,69,20.19,1406.49,Month-to-month,Bank transfer (automatic),No,1,17,Daily,0
1419-SSLIB,10,23.71,245.21,Month-to-month,Bank transfer (automatic),No,1,48,Rarely,1
9728-AENDR,21,19.99,432.83,One year,Mailed check,No,0,14,Weekly,0
4998-QICNV,1,76.48,77.64,Month-to-month,Mailed check,Fiber optic,1,32,Weekly,1
2556-KUHCQ,50,116.04,5536.28,One year,Credit card (automatic),Fiber optic,3,15,Weekly,1
6539-XWYCB,4,68.58,262.82,Month-to-month,Mailed check,DSL,2,50,Weekly,1
3876-OYZHJ,71,25.61,1815.0,Two year,Credit card (automatic),No,1,27,Weekly,0
9439-RXEZV,7,73.06,534.18,Month-to-month,Credit card (automatic),Fiber optic,1,7,Weekly,1
3645-BVQZF,0,40.63,,Month-to-month,Electronic check,DSL,1,28,Daily,0
5950-ZBBLR,55,83.55,4757.3,One year,Bank transfer (automatic),Fiber optic,0,5,Daily,0
5889-EHKDE,4,18.79,77.51,Month-to-month,Credit card (automatic),No,1,5,Daily,1
3181-DYYQR,10,91.27,954.12,Month-to-month,Mailed check,Fiber optic,3,15,Weekly,0
5493-DBJZM,43,83.23,3454.14,Two year,Mailed check,DSL,1,15,Weekly,0
1981-VJIVM,50,87.31,4192.97,One year,Mailed check,Fiber optic,2,16,Rarely,0
6793-TSSRV,8,105.51,833.89,Month-to-month,Bank transfer (automatic),Fiber optic,0,27,Weekly,1
7824-MHNIB,23,101.35,2335.34,Two year,Bank transfer (automatic),Fiber optic,1,1,Daily,0
9549-JNNIS,6,40.48,251.57,Month-to-month,Mailed check,DSL,2,5,Weekly,1
3931-HQHZQ,29,81.26,2455.65,Month-to-month,Bank transfer (automatic),Fiber optic,1,13,Weekly,1
3566-OLTLU,3,100.56,296.25,Month-to-month,Bank transfer (automatic),Fiber optic,5,13,Weekly,1
5938-EVZGF,24,43.23,1071.08,One year,Electronic check,DSL,0,31,Rarely,0
7234-YKSEL,37,60.04,2296.45,Month-to-month,Electronic check,DSL,4,10,Weekly,0
9931-SXLBK,64,102.86,6525.3,One year,Electronic check,Fiber optic,0,2,Daily,0
1225-QWVTE,34,86.48,2927.9,Month-to-month,Mailed check,Fiber optic,4,10,Weekly,0
3144-NOMXY,63,20.84,1363.04,Month-to-month,Bank transfer (automatic),No,3,84,Daily,0
3361-FYWSJ,24,23.92,595.72,Month-to-month,Credit card (automatic),No,2,28,Rarely,1
3298-TPXSZ,1,90.31,94.47,Month-to-month,Credit card (automatic),Fiber optic,0,13,Weekly,1
5173-KCMZR,6,95.8,581.24,Month-to-month,Mailed check,Fiber optic,2,23,Weekly,1
8855-SQPBK,17,48.19,818.15,Two year,Mailed check,DSL,0,10,Weekly,0
1278-CISUF,5,108.29,559.14,One year,Mailed check,Fiber optic,5,4,Daily,1
8341-RFFYP,11,99.09,1044.29,Month-to-month,Electronic check,Fiber optic,0,10,Daily,1
6558-FDBMC,1,117.19,121.55,Month-to-month,Electronic check,Fiber optic,4,63,Weekly,1
6536-PLQFD,0,24.17,,Month-to-month,Credit card (automatic),No,2,22,Weekly,0
7104-CCBGU,3,66.57,199.1,Month-to-month,Electronic check,DSL,2,5,Daily,1
2038-PGYTU,30,99.8,3049.77,Two year,Electronic check,Fiber optic,3,1,Rarely,0
7719-XTYIW,52,86.15,4268.29,Two year,Electronic check,Fiber optic,0,1,Daily,0
3232-CHXDN,9,91.6,815.38,Month-to-month,Mailed check,Fiber optic,1,43,Rarely,0
5648-ICGNQ,71,69.97,4864.97,Two year,Electronic check,DSL,0,5,Daily,0
7091-RDICA,9,94.98,817.92,Month-to-month,Mailed check,Fiber optic,2,76,Rarely,1
6434-KQJBF,62,82.9,4969.26,Two year,Credit card (automatic),DSL,1,3,Daily,0
3907-LJVPZ,42,96.84,3928.81,Month-to-month,Mailed check,Fiber optic,2,23,Rarely,0
4564-EJCAY,26,18.6,495.75,Two year,Bank transfer (automatic),No,1,18,Weekly,0
5288-MRHBX,33,76.12,2487.98,Two year,Credit card (automatic),Fiber optic,3,4,Daily,0
1371-RSNKK,26,41.12,1020.6,Month-to-month,Bank transfer (automatic),DSL,2,1,Daily,0
7533-TFIHN,44,25.27,1081.05,One year,Bank transfer (automatic),No,0,7,Weekly,0
1899-ZXOFY,4,53.5,218.78,Month-to-month,Credit card (automatic),DSL,4,52,Rarely,1
5126-IJXGM,59,77.46,4443.63,Two year,Electronic check,DSL,1,7,Daily,0
6894-XIQAZ,49,21.84,1063.5,One year,Credit card (automatic),No,2,15,Weekly,0
1723-KRNLK,33,114.64,3842.84,Two year,Electronic check,Fiber optic,2,13,Rarely,1
9959-AHJJH,64,61.18,4096.07,Two year,Electronic check,DSL,1,0,Daily,0
4394-QVXZQ,5,111.72,534.04,Month-to-month,Mailed check,Fiber optic,3,12,Weekly,1
1142-KQDVN,37,102.58,3689.81,Month-to-month,Credit card (automatic),Fiber optic,1,15,Weekly,0
6927-ELHJB,18,20.5,358.75,One year,Electronic check,No,1,52,Rarely,0
6017-AJHZG,1,97.96,101.72,Month-to-month,Electronic check,Fiber optic,1,90,Rarely,1
6762-IXWBC,56,83.0,4671.76,One year,Electronic check,Fiber optic,1,21,Rarely,1
7758-CLOJA,65,48.2,3211.6,Two year,Mailed check,DSL,3,51,Rarely,0
5280-FPJDQ,70,53.68,3742.28,Two year,Credit card (automatic),DSL,2,41,Rarely,0
8440-PMYVB,25,52.65,1312.69,One year,Bank transfer (automatic),DSL,0,33,Rarely,0
4330-XBMXZ,0,94.08,,Month-to-month,Mailed check,Fiber optic,3,22,Daily,1
5906-ABGHH,48,100.9,4680.91,Month-to-month,Electronic check,Fiber optic,5,77,Weekly,1
2426-KIPWO,10,83.5,826.43,Month-to-month,Credit card (automatic),DSL,2,8,Weekly,0
6578-IOQXY,58,60.58,3684.74,Two year,Electronic check,DSL,2,11,Weekly,0
3354-HXVDO,5,106.91,521.75,Month-to-month,Electronic check,Fiber optic,2,7,Daily,0
7269-DMBHP,50,61.59,2959.7,One year,Electronic check,DSL,1,25,Daily,0
8208-HAKOT,58,21.75,1235.81,Two year,Mailed check,No,1,18,Weekly,0
8729-DMFDD,5,21.59,111.58,One year,Credit card (automatic),No,2,2,Daily,0
9360-TXRJY,5,112.47,590.22,Month-to-month,Bank transfer (automatic),Fiber optic,3,65,Weekly,1
2100-MNQRM,37,19.6,734.13,One year,Mailed check,No,1,1,Daily,0
2241-MIRRL,4,84.07,352.74,Month-to-month,Bank transfer (automatic),Fiber optic,2,15,Daily,1
9334-SDKZT,62,104.96,6298.01,Two year,Bank transfer (automatic),Fiber optic,3,10,Weekly,0
4427-SWPRM,9,84.35,768.95,Month-to-month,Electronic check,Fiber optic,0,0,Daily,0
1234-VSNDU,31,39.1,1223.32,Month-to-month,Electronic check,DSL,2,12,Daily,0
3582-IJDFD,1,48.97,47.17,One year,Electronic check,DSL,2,4,Daily,0
8524-CAHTW,6,71.43,433.55,Month-to-month,Credit card (automatic),Fiber optic,4,22,Weekly,1
4194-FLVSX,11,52.45,579.05,Month-to-month,Credit card (automatic),DSL,2,11,Weekly,0
1690-KEDSA,55,20.95,1181.78,Two year,Credit card (automatic),No,2,8,Weekly,0
7498-LJXZM,58,82.85,4964.11,One year,Bank transfer (automatic),DSL,1,10,Rarely,0
2751-PJUHT,65,109.19,6901.51,Month-to-month,Mailed check,Fiber optic,6,26,Weekly,1
4174-XEFJV,31,75.93,2262.03,Month-to-month,Mailed check,Fiber optic,5,10,Weekly,1
1035-QFJQZ,1,44.65,46.54,Month-to-month,Credit card (automatic),DSL,2,3,Daily,0
6417-LBCAD,3,84.86,260.71,Month-to-month,Bank transfer (automatic),DSL,1,44,Weekly,1
5006-KHHTM,35,102.57,3540.54,One year,Credit card (automatic),Fiber optic,3,2,Daily,0
8802-SOFYM,10,67.77,680.19,Month-to-month,Electronic check,DSL,2,56,Weekly,1
4008-VCWSG,7,66.07,477.4,Month-to-month,Mailed check,DSL,3,64,Daily,1
2841-UTXFX,44,45.89,1951.05,Month-to-month,Credit card (automatic),DSL,1,25,Weekly,0
2493-TIJGM,11,82.82,865.59,Month-to-month,Mailed check,Fiber optic,4,3,Daily,1
2801-XVDDB,23,21.74,502.34,Month-to-month,Electronic check,No,1,3,Weekly,0
5059-PITTF,28,21.85,586.91,One year,Mailed check,No,1,16,Daily,0
1784-STZSJ,64,117.08,7839.43,Two year,Electronic check,Fiber optic,0,18,Weekly,0
4620-ZHUJY,25,72.12,1749.58,Month-to-month,Credit card (automatic),Fiber optic,3,90,Rarely,1
8691-UPFEY,70,18.61,1333.47,One year,Bank transfer (automatic),No,3,13,Rarely,0
7908-UNWUK,2,114.37,233.57,Month-to-month,Credit card (automatic),Fiber optic,1,58,Weekly,1
6734-VUMAT,4,25.08,96.97,Month-to-month,Electronic check,No,1,4,Daily,1
9037-IJSVC,0,84.05,,Month-to-month,Electronic check,Fiber optic,2,16,Weekly,1
8021-VHOWF,7,53.78,366.3,Month-to-month,Mailed check,DSL,2,8,Weekly,0
6872-FZJYJ,32,98.71,3171.66,Month-to-month,Electronic check,Fiber optic,1,8,Weekly,0
8766-QNZON,50,20.02,963.6,Month-to-month,Bank transfer (automatic),No,2,14,Weekly,0
2119-MJLLT,67,79.27,5544.82,Two year,Electronic check,DSL,0,3,Daily,0
8363-BNOTR,5,51.4,264.27,Month-to-month,Electronic check,DSL,1,90,Weekly,1
3658-LCJGF,11,41.76,446.69,Month-to-month,Mailed check,DSL,4,13,Weekly,1
7596-SMUDZ,9,63.51,549.47,Month-to-month,Credit card (automatic),DSL,3,14,Weekly,1
9218-MGJVS,56,72.74,3897.29,Two year,Bank transfer (automatic),DSL,1,10,Daily,0
5463-EZDHS,7,116.38,840.7,Month-to-month,Bank transfer (automatic),Fiber optic,5,17,Weekly,1
1798-NLYUZ,43,100.31,4478.15,One year,Bank transfer (automatic),Fiber optic,0,9,Daily,0
4331-HWFUO,0,43.69,,Month-to-month,Credit card (automatic),DSL,2,85,Rarely,1
4661-PCWHP,63,23.47,1488.16,One year,Bank transfer (automatic),No,0,32,Rarely,0
9429-EYITT,13,19.19,247.53,Month-to-month,Mailed check,No,4,6,Daily,1
9481-ODHPN,2,79.42,163.58,Month-to-month,Electronic check,Fiber optic,2,14,Weekly,1
6115-PGNCM,34,20.72,730.8,Month-to-month,Bank transfer (automatic),No,1,4,Daily,0
9555-CROWM,72,72.69,5136.34,Two year,Electronic check,Fiber optic,1,19,Daily,0
4926-EGVYB,13,55.83,754.86,One year,Electronic check,DSL,1,8,Weekly,1
4700-RMGNY,58,74.28,4196.96,Two year,Credit card (automatic),DSL,1,17,Weekly,0
8527-FVCSB,60,72.61,4234.79,Two year,Bank transfer (automatic),Fiber optic,1,2,Daily,0
7005-BAUOR,27,22.22,621.02,One year,Bank transfer (automatic),No,0,1,Daily,0
5700-EXVMX,63,49.41,3119.15,Two year,Bank transfer (automatic),DSL,0,4,Daily,0
5110-DHBEV,51,97.47,4748.44,One year,Mailed check,Fiber optic,2,49,Weekly,1
7349-KQWTK,3,22.19,63.92,Month-to-month,Credit card (automatic),No,1,2,Daily,0
7780-JCVZN,60,19.75,1159.9,Two year,Mailed check,No,2,14,Weekly,0
5414-MWIKX,46,24.89,1108.11,One year,Mailed check,No,3,35,Weekly,0
1284-JYEMM,31,62.02,2018.05,Two year,Electronic check,DSL,1,21,Rarely,1
1916-HZMWF,15,84.34,1292.6,One year,Credit card (automatic),DSL,1,7,Weekly,0
2297-JMOFI,70,84.3,5864.81,Two year,Mailed check,DSL,0,6,Weekly,0
5158-QHTMZ,71,50.55,3699.2,Month-to-month,Electronic check,DSL,2,76,Rarely,0
6527-GVMCS,8,25.12,196.82,Month-to-month,Credit card (automatic),No,0,58,Rarely,0
8233-FDNUG,16,104.9,1599.36,Month-to-month,Mailed check,Fiber optic,2,10,Weekly,0
3092-QAETA,22,21.74,471.83,Month-to-month,Bank transfer (automatic),No,1,2,Daily,0
8078-JNBZN,70,109.53,7558.23,Month-to-month,Electronic check,Fiber optic,3,27,Weekly,1
6993-IZORC,18,90.39,1568.47,One year,Electronic check,Fiber optic,3,4,Daily,1
1464-EBNVX,0,61.65,,Month-to-month,Electronic check,DSL,0,11,Rarely,1
4160-OBQQP,6,88.03,522.19,Month-to-month,Electronic check,Fiber optic,2,33,Weekly,1
3723-SOSMD,9,24.83,218.97,Month-to-month,Credit card (automatic),No,1,90,Weekly,1
8978-CXLIH,6,113.98,691.02,Month-to-month,Credit card (automatic),Fiber optic,4,90,Weekly,1
9289-BYCFL,1,19.63,20.07,Month-to-month,Electronic check,No,3,4,Daily,0
8372-JBIUG,10,22.92,240.45,Month-to-month,Bank transfer (automatic),No,2,10,Weekly,1
5751-WJACV,67,44.38,3087.96,Two year,Credit card (automatic),DSL,1,2,Daily,0
5435-KZUAI,5,79.73,379.33,Month-to-month,Electronic check,DSL,0,21,Daily,1
3803-SBZEU,7,80.68,545.09,Month-to-month,Credit card (automatic),Fiber optic,5,0,Daily,0
7955-VNUXT,62,71.75,4468.65,Two year,Mailed check,Fiber optic,1,5,Daily,0
1776-SKHWF,9,73.3,657.28,One year,Mailed check,DSL,0,11,Weekly,0
3439-KNKJP,50,69.65,3612.38,One year,Credit card (automatic),DSL,0,7,Daily,0
2216-IZEKV,57,21.58,1268.76,Month-to-month,Electronic check,No,2,4,Daily,0
5447-MSQIT,11,23.14,255.27,Month-to-month,Mailed check,No,1,90,Rarely,1
3697-GTDSC,18,74.48,1400.85,One year,Electronic check,DSL,0,17,Weekly,0
2777-WQBCE,11,78.25,848.65,One year,Mailed check,Fiber optic,2,26,Weekly,1
4387-YPHHA,31,53.01,1668.3,Month-to-month,Mailed check,DSL,3,21,Daily,1
8747-FWPJA,26,61.34,1626.1,One year,Bank transfer (automatic),DSL,0,27,Daily,0
6021-IJDPR,8,68.13,545.5,Month-to-month,Electronic check,DSL,8,22,Daily,1
8406-ZJHVJ,37,67.23,2416.8,One year,Credit card (automatic),DSL,1,2,Weekly,0
9224-QTWIQ,32,22.2,685.89,Two year,Credit card (automatic),No,1,28,Weekly,0
9118-DUBSF,5,69.43,335.4,Month-to-month,Credit card (automatic),DSL,3,13,Weekly,1
4158-MBRMR,7,71.02,491.57,Two year,Bank transfer (automatic),Fiber optic,3,4,Daily,1
8896-JAPSR,17,20.93,361.9,One year,Bank transfer (automatic),No,1,32,Rarely,1
9183-GSOFC,7,65.33,448.62,Month-to-month,Credit card (automatic),DSL,2,25,Weekly,1
9635-IASAB,53,84.85,4659.19,Two year,Electronic check,Fiber optic,3,4,Daily,0
4158-EIAQD,52,115.67,6072.53,Two year,Bank transfer (automatic),Fiber optic,6,25,Weekly,0
3054-UOCKD,61,83.33,5059.77,Two year,Bank transfer (automatic),DSL,2,19,Weekly,0
6257-ZPVJD,8,56.08,440.63,Month-to-month,Bank transfer (automatic),DSL,1,88,Weekly,1
9385-GKULY,22,20.24,428.07,Month-to-month,Electronic check,No,1,90,Rarely,0
9104-JGMCR,16,80.88,1300.56,Month-to-month,Electronic check,Fiber optic,3,15,Weekly,1
6140-CQJJP,54,59.42,3169.59,Two year,Credit card (automatic),DSL,2,1,Daily,0
2343-SYHVV,60,116.44,7309.77,Month-to-month,Electronic check,Fiber optic,1,43,Rarely,1
4802-ZZUHS,13,20.27,269.9,Two year,Credit card (automatic),No,1,18,Weekly,0
7426-UHVSM,11,86.06,912.13,Month-to-month,Bank transfer (automatic),Fiber optic,3,16,Weekly,0
6042-WCRUB,7,22.69,159.72,Month-to-month,Electronic check,No,1,90,Rarely,0
4108-KNFWQ,67,97.64,6786.46,Two year,Bank transfer (automatic),Fiber optic,1,32,Rarely,0
4083-HLCCT,46,69.48,3336.46,Month-to-month,Credit card (automatic),DSL,0,15,Weekly,0
1537-ZHGRN,53,72.49,4007.76,Month-to-month,Electronic check,DSL,0,62,Weekly,1
3596-DRFCM,49,108.38,5479.03,Two year,Bank transfer (automatic),Fiber optic,1,2,Daily,0
7023-TNQGM,55,93.83,5045.65,Two year,Credit card (automatic),Fiber optic,3,2,Daily,0
3171-SNGYB,33,73.45,2455.87,Month-to-month,Electronic check,Fiber optic,3,22,Rarely,0
9939-XSCGJ,50,102.8,5247.93,One year,Credit card (automatic),Fiber optic,0,12,Weekly,0
1741-YNGXD,54,66.26,3697.58,Two year,Electronic check,DSL,1,21,Daily,0
6298-VVKBX,52,20.11,1086.12,Month-to-month,Bank transfer (automatic),No,1,32,Rarely,0
5468-ZJEHD,70,111.41,7823.06,Month-to-month,Electronic check,Fiber optic,3,13,Weekly,0
8498-PNJQQ,43,105.96,4475.8,Two year,Mailed check,Fiber optic,3,2,Daily,0
8988-AKWUW,61,90.46,5532.54,Two year,Electronic check,Fiber optic,2,3,Daily,0
5890-YBHLN,41,116.99,4999.04,Month-to-month,Credit card (automatic),Fiber optic,0,32,Weekly,1
6670-USSER,69,23.58,1631.28,Two year,Credit card (automatic),No,1,7,Daily,0
7289-UTPCD,59,81.78,4651.71,Two year,Credit card (automatic),DSL,0,3,Weekly,0
5688-TWVLP,62,105.34,6488.61,Month-to-month,Credit card (automatic),Fiber optic,2,14,Rarely,1
2663-EPFUU,39,104.46,4180.32,One year,Bank transfer (automatic),Fiber optic,3,26,Weekly,0
4856-BYUJL,68,20.13,1433.67,Two year,Electronic check,No,1,2,Daily,0
3173-CYCXR,64,90.33,5736.33,Two year,Credit card (automatic),Fiber optic,2,23,Rarely,0
5179-XJXLJ,31,68.25,2178.62,One year,Mailed check,DSL,0,8,Weekly,0
6535-IYMMQ,45,110.17,4845.02,Month-to-month,Credit card (automatic),Fiber optic,1,7,Daily,0
2883-OOJEZ,59,114.19,6645.37,One year,Bank transfer (automatic),Fiber optic,2,6,Weekly,0
3244-MZLPO,54,42.76,2262.39,Two year,Bank transfer (automatic),DSL,0,19,Rarely,0
8405-ZCNDW,20,104.67,2130.7,Month-to-month,Bank transfer (automatic),Fiber optic,3,4,Daily,1
4399-NXHEQ,38,82.9,3281.67,Two year,Electronic check,Fiber optic,2,22,Daily,0
2785-DJIFD,55,71.66,4066.96,One year,Bank transfer (automatic),DSL,2,12,Daily,0
7417-RTKHE,59,53.6,3191.92,Month-to-month,Electronic check,DSL,0,6,Weekly,0
7448-RVOLQ,8,97.69,784.25,Month-to-month,Credit card (automatic),Fiber optic,1,45,Daily,1
8434-XZFMW,0,63.23,,Month-to-month,Electronic check,DSL,1,43,Rarely,1
7839-QVZCP,70,79.11,5780.17,One year,Credit card (automatic),DSL,1,31,Weekly,0
9926-NHQCM,61,101.71,6377.55,One year,Credit card (automatic),Fiber optic,0,48,Weekly,0
6173-KKPYY,45,50.18,2293.4,One year,Bank transfer (automatic),DSL,1,9,Rarely,0
3581-SIZZW,62,67.93,4336.74,Two year,Bank transfer (automatic),DSL,0,33,Rarely,0
8765-WVTSQ,46,23.31,1070.88,Two year,Mailed check,No,0,10,Daily,0
3383-QKXQP,3,87.67,261.02,Month-to-month,Bank transfer (automatic),Fiber optic,5,4,Weekly,1
3619-TBXPY,52,51.09,2779.8,One year,Mailed check,DSL,1,47,Rarely,0
8455-CGYSQ,2,80.84,162.52,One year,Bank transfer (automatic),DSL,0,40,Weekly,1
8933-KOOFO,4,46.08,185.71,Month-to-month,Electronic check,DSL,1,30,Weekly,0
4053-NIITR,58,76.87,4287.79,Two year,Credit card (automatic),Fiber optic,1,6,Rarely,0
7563-MPGMO,21,98.57,2073.04,Month-to-month,Bank transfer (automatic),Fiber optic,2,30,Weekly,1
9300-GENYM,11,53.19,577.99,One year,Bank transfer (automatic),DSL,2,3,Daily,0
8187-XWTXK,16,22.28,348.61,Two year,Mailed check,No,1,5,Daily,0
1044-TDIOA,26,82.99,2258.06,Month-to-month,Bank transfer (automatic),Fiber optic,1,21,Daily,0
6980-TYCZC,32,21.26,709.53,Month-to-month,Mailed check,No,1,13,Weekly,0
2528-DTRYL,0,89.8,,Month-to-month,Electronic check,Fiber optic,1,8,Weekly,1
8616-ODRZP,36,22.72,805.64,Month-to-month,Mailed check,No,3,22,Weekly,0
1603-YKZND,38,73.82,2847.29,One year,Mailed check,Fiber optic,2,13,Weekly,0
9936-JMBXG,26,58.88,1501.48,Month-to-month,Electronic check,DSL,1,36,Weekly,0
2595-RXLPN,52,70.62,3651.88,Two year,Electronic check,DSL,0,19,Daily,0
4781-TBJPC,23,71.62,1608.78,Month-to-month,Bank transfer (automatic),DSL,0,9,Weekly,1
3106-WQAAE,72,20.53,1490.64,One year,Bank transfer (automatic),No,1,30,Daily,0
8324-RNMOM,67,96.36,6319.74,Two year,Electronic check,Fiber optic,2,30,Daily,0
4541-IAART,2,56.67,111.0,Month-to-month,Credit card (automatic),DSL,1,3,Weekly,1
7700-GGKQP,9,40.69,363.33,Two year,Electronic check,DSL,0,4,Daily,0
1604-OALTP,40,90.94,3464.05,One year,Bank transfer (automatic),Fiber optic,1,16,Weekly,0
5075-USXOO,50,102.67,5337.99,Month-to-month,Credit card (automatic),Fiber optic,3,29,Weekly,0
9198-OGLEL,7,115.85,788.41,Month-to-month,Bank transfer (automatic),Fiber optic,1,15,Weekly,1
9341-DMYLT,11,19.34,215.52,Two year,Mailed check,No,1,11,Weekly,0
2878-LXFVS,24,90.73,2083.49,Two year,Credit card (automatic),Fiber optic,2,2,Daily,0
4549-XDXXH,65,82.29,5285.55,One year,Bank transfer (automatic),DSL,4,16,Daily,0
4681-QPBNR,11,92.77,973.93,Month-to-month,Electronic check,Fiber optic,2,4,Daily,0
6088-FJPYB,12,113.35,1427.91,Month-to-month,Bank transfer (automatic),Fiber optic,2,6,Weekly,1
5835-YVVBO,11,23.62,269.41,Month-to-month,Electronic check,No,1,88,Rarely,1
1953-JXTQA,56,78.84,4570.47,One year,Electronic check,DSL,1,19,Daily,0
7863-WMEWX,57,106.78,5907.68,Two year,Mailed check,Fiber optic,1,6,Daily,0
3031-MRPHT,25,73.5,1850.13,One year,Mailed check,Fiber optic,1,2,Daily,0
3834-ZYRJX,59,106.98,6544.07,Two year,Electronic check,Fiber optic,3,13,Rarely,0
8565-YAIOP,39,44.88,1729.12,One year,Electronic check,DSL,0,4,Daily,0
7206-SNAET,49,73.44,3431.23,Month-to-month,Bank transfer (automatic),DSL,1,9,Daily,0
4568-SQLHI,8,21.64,171.74,Month-to-month,Mailed check,No,3,5,Daily,0
9211-RNDKV,11,70.5,805.9,Month-to-month,Bank transfer (automatic),DSL,3,24,Rarely,0
4546-PWNMY,43,72.94,3014.45,Month-to-month,Bank transfer (automatic),Fiber optic,2,5,Daily,0
6088-NDKQI,0,75.53,,Month-to-month,Credit card (automatic),Fiber optic,3,10,Weekly,1
3213-KWLHC,66,43.9,2925.89,Month-to-month,Mailed check,DSL,3,10,Rarely,0
2648-KTHMR,46,88.21,3946.81,Month-to-month,Bank transfer (automatic),Fiber optic,2,90,Rarely,1
5424-YVHER,7,46.8,323.96,Month-to-month,Bank transfer (automatic),DSL,1,14,Daily,0
6066-GKCUE,61,70.38,4249.96,One year,Bank transfer (automatic),Fiber optic,2,2,Daily,0
8251-JKBUQ,44,79.44,3565.26,Two year,Mailed check,DSL,4,3,Daily,0
4517-OEBBQ,21,106.45,2129.98,One year,Credit card (automatic),Fiber optic,1,31,Rarely,1
9055-TUUKA,11,97.57,1090.35,One year,Bank transfer (automatic),Fiber optic,0,40,Rarely,1
6465-GUTNA,71,23.93,1697.42,Two year,Bank transfer (automatic),No,0,23,Weekly,0
1630-UVFUQ,30,52.91,1589.33,One year,Electronic check,DSL,0,4,Weekly,0
7651-XQCQC,57,71.46,4157.58,One year,Credit card (automatic),DSL,0,14,Daily,0
6172-GWZMH,51,62.92,3254.26,One year,Bank transfer (automatic),DSL,1,14,Weekly,0
4503-KGOKB,41,43.09,1797.9,Month-to-month,Credit card (automatic),DSL,5,41,Weekly,0
5204-PQRYS,0,102.23,,Month-to-month,Electronic check,Fiber optic,5,55,Weekly,1
3715-RFMLY,34,25.95,913.41,Two year,Mailed check,No,1,10,Daily,0
6527-MROBY,9,82.42,750.36,Month-to-month,Bank transfer (automatic),Fiber optic,3,3,Rarely,0
6101-RFBYH,48,39.21,1874.61,Month-to-month,Credit card (automatic),DSL,0,37,Weekly,0
5025-AQAFX,3,24.13,72.4,Month-to-month,Credit card (automatic),No,0,7,Weekly,0
3566-ATQHH,3,83.52,244.17,Month-to-month,Bank transfer (automatic),Fiber optic,3,48,Rarely,1
4587-MNXGP,27,89.65,2490.38,Month-to-month,Bank transfer (automatic),Fiber optic,0,16,Weekly,1
5480-RAXZC,41,70.38,2821.56,Two year,Mailed check,Fiber optic,2,2,Daily,0
5246-GUVEX,38,73.13,2801.02,Month-to-month,Electronic check,Fiber optic,4,13,Weekly,1
3783-IHJRF,69,23.82,1714.87,Two year,Mailed check,No,1,10,Weekly,0
6237-OBDTJ,65,83.35,5445.7,Two year,Credit card (automatic),DSL,0,27,Daily,0
3038-UTZDY,52,98.64,4892.39,One year,Mailed check,Fiber optic,1,9,Daily,0
5508-XLDDN,42,110.85,4873.66,Month-to-month,Mailed check,Fiber optic,2,23,Weekly,1
2093-ACNOW,40,20.04,806.76,Month-to-month,Credit card (automatic),No,0,90,Rarely,1
5248-ZGIFF,57,73.28,4044.22,Two year,Electronic check,Fiber optic,3,42,Weekly,0
8055-LZXXL,1,54.96,54.94,Month-to-month,Electronic check,DSL,2,1,Daily,1
8359-RSGMO,8,20.06,158.38,Month-to-month,Bank transfer (automatic),No,1,51,Weekly,0
7251-JMLBT,7,99.91,693.74,Month-to-month,Mailed check,Fiber optic,2,39,Weekly,1
7710-XTYLB,61,116.38,7087.81,Month-to-month,Bank transfer (automatic),Fiber optic,3,3,Daily,0
1593-GWDOA,58,49.64,2973.39,One year,Mailed check,DSL,4,2,Daily,0
4072-ICCEN,4,25.26,98.42,Month-to-month,Mailed check,No,1,0,Daily,0
6887-RHVKT,0,96.05,,Month-to-month,Credit card (automatic),Fiber optic,3,18,Daily,1
8204-NSZZP,11,19.27,216.61,Month-to-month,Mailed check,No,0,2,Daily,0
6245-ZSGYD,28,96.0,2817.08,One year,Bank transfer (automatic),Fiber optic,1,5,Daily,0
8682-MDUXV,5,60.48,296.78,Month-to-month,Credit card (automatic),DSL,2,11,Daily,0
3457-CHIDN,62,106.33,6394.97,Two year,Mailed check,Fiber optic,1,24,Weekly,0
2381-APOPX,57,73.44,4368.13,Two year,Electronic check,DSL,0,2,Weekly,0
1777-UGOUW,52,68.49,3722.13,Two year,Bank transfer (automatic),DSL,0,24,Weekly,0
6243-QCLWB,53,23.51,1280.69,Month-to-month,Bank transfer (automatic),No,0,37,Rarely,1
6985-POFIZ,65,23.05,1481.35,Two year,Mailed check,No,0,1,Daily,0
3567-PYMVQ,51,81.48,4351.46,Two year,Bank transfer (automatic),Fiber optic,1,22,Weekly,0
8052-XIJBF,15,81.57,1233.76,Month-to-month,Bank transfer (automatic),DSL,0,32,Rarely,1
7651-DEIWJ,51,80.27,3978.51,Month-to-month,Electronic check,Fiber optic,1,60,Rarely,1
4240-VVZNW,19,98.86,1939.5,One year,Electronic check,Fiber optic,1,28,Weekly,0
3148-KQVDB,35,107.53,3756.67,Month-to-month,Bank transfer (automatic),Fiber optic,2,7,Daily,1
7680-ESMHT,5,74.06,353.92,Month-to-month,Mailed check,Fiber optic,3,21,Weekly,0
7041-AEMXT,29,91.83,2737.13,Month-to-month,Electronic check,Fiber optic,4,69,Weekly,1
2536-RSILX,62,40.37,2582.17,One year,Electronic check,DSL,0,11,Rarely,0
3295-SPCTJ,67,80.97,5617.98,Two year,Electronic check,Fiber optic,1,16,Weekly,0
5373-KRKOA,18,68.26,1187.23,Month-to-month,Electronic check,DSL,3,54,Rarely,1
5599-ENYTK,36,25.35,897.66,Month-to-month,Bank transfer (automatic),No,2,34,Rarely,1
2493-ZHXKC,51,20.78,1090.68,Month-to-month,Credit card (automatic),No,2,20,Weekly,0
9536-AZQDZ,55,110.49,6235.94,Two year,Credit card (automatic),Fiber optic,0,1,Daily,0
4497-BITBX,31,22.44,722.48,Month-to-month,Mailed check,No,1,30,Weekly,0
4431-RYVVF,9,106.9,966.7,Month-to-month,Bank transfer (automatic),Fiber optic,4,36,Rarely,1
1544-FGERB,44,24.58,1061.05,One year,Bank transfer (automatic),No,1,11,Daily,0
8880-LPOMF,59,23.27,1360.65,One year,Electronic check,No,0,6,Daily,0
3116-CZMPO,8,90.5,709.08,Month-to-month,Mailed check,Fiber optic,2,7,Daily,1
9881-JSJKU,50,22.88,1160.29,One year,Mailed check,No,0,1,Daily,0
5463-ISRAR,5,70.79,353.76,Month-to-month,Electronic check,DSL,1,5,Daily,0
8872-UHXAE,49,24.96,1231.26,Two year,Credit card (automatic),No,3,11,Weekly,0
2611-YWTPF,38,96.59,3733.71,One year,Electronic check,Fiber optic,1,27,Daily,0
2492-MOCPC,72,112.37,7879.61,Two year,Bank transfer (automatic),Fiber optic,2,2,Daily,0
8209-DEECY,60,56.88,3547.48,Two year,Electronic check,DSL,1,27,Weekly,0
8376-UNJEY,64,73.93,4517.1,Month-to-month,Mailed check,DSL,1,18,Daily,0
5887-UTMAQ,49,67.04,3201.11,Two year,Bank transfer (automatic),DSL,1,4,Daily,0
1289-MHIBW,8,42.57,327.77,Month-to-month,Bank transfer (automatic),DSL,0,90,Weekly,0
9492-EVZBQ,1,94.35,93.51,Month-to-month,Electronic check,Fiber optic,1,30,Weekly,1
4539-BVNAU,4,74.13,309.71,Two year,Mailed check,DSL,1,26,Weekly,0
9422-TYMYR,71,23.54,1725.98,One year,Bank transfer (automatic),No,1,51,Rarely,0
8835-NJHQT,57,22.73,1294.75,Two year,Electronic check,No,3,46,Rarely,0
8662-AKBKU,10,108.45,1073.89,Month-to-month,Bank transfer (automatic),Fiber optic,3,90,Rarely,1
7198-RDSAA,67,25.27,1615.09,Two year,Bank transfer (automatic),No,0,19,Rarely,0
7058-XAGDP,7,76.96,538.21,Month-to-month,Bank transfer (automatic),Fiber optic,1,16,Weekly,1
5794-NVZTM,4,20.42,79.68,Month-to-month,Electronic check,No,0,20,Weekly,1
1222-BXOFO,46,117.96,5155.37,Two year,Mailed check,Fiber optic,2,11,Weekly,0
4490-KJLTE,48,81.72,4057.89,Month-to-month,Bank transfer (automatic),Fiber optic,1,4,Daily,0
7574-ZBDRD,9,77.06,708.96,Month-to-month,Mailed check,DSL,0,90,Rarely,1
8309-UTLLZ,72,22.49,1690.47,Two year,Bank transfer (automatic),No,2,7,Daily,0
6035-UQDPB,60,88.67,5303.26,Two year,Electronic check,Fiber optic,3,4,Daily,0
7385-GSKZY,39,72.46,2825.02,Month-to-month,Mailed check,DSL,1,0,Daily,0
1195-CWWCK,3,73.65,222.29,Month-to-month,Electronic check,DSL,0,4,Daily,0
5215-YABNY,55,20.54,1172.89,One year,Mailed check,No,0,9,Weekly,0
5569-HUSDH,61,18.58,1100.05,One year,Credit card (automatic),No,1,6,Daily,0
9031-QMGFO,41,107.75,4227.15,Two year,Mailed check,Fiber optic,0,1,Daily,0
3799-VKYRK,3,70.72,215.64,Month-to-month,Credit card (automatic),DSL,1,18,Weekly,1
3069-SLTZU,26,75.84,1973.68,One year,Bank transfer (automatic),Fiber optic,2,6,Daily,0
4171-DBVWO,22,40.7,903.69,Month-to-month,Credit card (automatic),DSL,1,80,Rarely,1
2533-GWLHJ,5,23.45,121.79,One year,Credit card (automatic),No,0,4,Daily,0
6025-HHIRA,71,66.65,4924.48,One year,Credit card (automatic),DSL,2,11,Rarely,0
6784-JEQZU,11,74.1,805.2,Two year,Electronic check,DSL,0,57,Rarely,0
8209-GNAKH,60,112.35,6868.1,Two year,Credit card (automatic),Fiber optic,1,17,Weekly,0
9746-NKROY,26,102.21,2655.37,Two year,Electronic check,Fiber optic,4,17,Weekly,1
1662-BYUSV,40,23.27,936.0,Month-to-month,Credit card (automatic),No,0,1,Daily,0
3225-BFAUJ,56,95.25,5500.95,Month-to-month,Mailed check,Fiber optic,2,30,Weekly,0
3706-JPLQY,37,65.05,2353.8,One year,Electronic check,DSL,0,23,Daily,0
3246-IXNJX,8,83.8,643.01,Month-to-month,Credit card (automatic),DSL,1,40,Rarely,1
8444-MDHVN,39,72.26,2869.5,Month-to-month,Bank transfer (automatic),Fiber optic,2,13,Weekly,0
2255-ORFCL,23,64.01,1443.57,One year,Bank transfer (automatic),DSL,1,25,Rarely,0
1267-XDSZC,59,82.0,4740.13,Two year,Credit card (automatic),Fiber optic,0,1,Weekly,0
8744-DWCTU,72,105.18,7289.12,One year,Credit card (automatic),Fiber optic,3,12,Rarely,0
9652-IHNNW,53,106.31,5888.93,One year,Bank transfer (automatic),Fiber optic,2,18,Daily,0
3037-PZGHG,67,51.2,3545.03,Two year,Bank transfer (automatic),DSL,0,9,Weekly,0
3995-QAWUZ,1,24.19,24.75,Month-to-month,Electronic check,No,2,15,Weekly,1
5528-YBTNT,11,101.23,1118.35,Month-to-month,Bank transfer (automatic),Fiber optic,3,46,Weekly,1
5733-WPAWL,8,115.91,883.63,Month-to-month,Mailed check,Fiber optic,1,34,Rarely,1
9916-LPXNF,38,109.56,4359.39,Two year,Mailed check,Fiber optic,0,44,Rarely,0
4636-TQBNU,9,107.44,937.58,Month-to-month,Bank transfer (automatic),Fiber optic,4,5,Weekly,1
1109-WHNVP,10,76.81,784.63,Month-to-month,Bank transfer (automatic),Fiber optic,0,3,Daily,1
4804-KEBRZ,53,25.9,1379.15,Two year,Electronic check,No,1,7,Daily,0
6007-PURJN,4,108.62,424.97,Month-to-month,Electronic check,Fiber optic,1,55,Rarely,1
5651-HFPQZ,3,77.76,232.27,Month-to-month,Electronic check,DSL,2,0,Daily,1
5610-GHEYU,3,24.14,72.97,Month-to-month,Bank transfer (automatic),No,2,90,Rarely,0
9302-IZSMJ,9,111.45,1023.32,Month-to-month,Mailed check,Fiber optic,2,33,Weekly,1
8266-OCEYF,0,67.01,,Month-to-month,Bank transfer (automatic),DSL,4,30,Daily,1
3265-EWYVC,1,39.6,37.76,Month-to-month,Mailed check,DSL,2,4,Daily,0
4197-VGAXG,10,92.48,959.11,Month-to-month,Credit card (automatic),Fiber optic,2,12,Weekly,1
7007-RBEWP,66,82.04,5533.65,Month-to-month,Bank transfer (automatic),Fiber optic,1,40,Rarely,0
4692-ZEXWY,32,20.83,685.39,Month-to-month,Credit card (automatic),No,3,36,Rarely,0
4855-BCNDB,63,51.68,3206.09,Two year,Bank transfer (automatic),DSL,2,7,Daily,0
2511-VSVYD,60,100.62,6154.35,Two year,Mailed check,Fiber optic,4,6,Daily,0
3289-VBJHG,59,75.25,4489.59,Two year,Electronic check,DSL,2,57,Weekly,0
7666-SDVWR,57,112.17,6290.25,Two year,Mailed check,Fiber optic,2,28,Weekly,0
8585-CPQJJ,35,25.06,847.98,One year,Electronic check,No,0,4,Daily,0
8061-MZANI,11,39.93,442.87,Two year,Bank transfer (automatic),DSL,1,28,Daily,0
3770-OAXLZ,3,24.16,74.44,Month-to-month,Mailed check,No,1,9,Daily,0
2229-EPRUA,3,81.78,241.53,Month-to-month,Electronic check,DSL,1,7,Weekly,0
2437-QDLBB,56,107.52,6242.54,One year,Credit card (automatic),Fiber optic,1,1,Rarely,0
4540-TSXSP,40,75.65,3137.55,One year,Electronic check,Fiber optic,2,13,Rarely,1
5659-DTFCT,2,116.43,238.96,Month-to-month,Credit card (automatic),Fiber optic,2,20,Weekly,1
9035-PDORM,9,22.27,192.97,Month-to-month,Credit card (automatic),No,2,7,Daily,0
9088-SNJFG,49,97.85,4800.99,Two year,Electronic check,Fiber optic,0,18,Daily,0
1024-VJSJN,23,20.62,497.14,Two year,Mailed check,No,1,3,Daily,0
7367-PMTYW,11,111.06,1192.29,One year,Bank transfer (automatic),Fiber optic,1,12,Weekly,0
3688-XATSK,49,112.54,5258.62,One year,Mailed check,Fiber optic,2,1,Weekly,0
2780-IBVVB,72,76.53,5520.31,One year,Electronic check,DSL,0,6,Daily,0
5994-POEOV,19,80.04,1485.24,One year,Mailed check,Fiber optic,4,1,Daily,0
1305-ISZLC,22,19.45,438.18,Two year,Mailed check,No,1,9,Weekly,0
4006-HDJQF,42,117.36,5146.84,Month-to-month,Electronic check,Fiber optic,2,34,Rarely,1
5969-NZGWH,2,25.04,49.74,Month-to-month,Electronic check,No,3,66,Rarely,1
3448-PEGWP,71,24.92,1822.11,One year,Mailed check,No,1,3,Weekly,0
6339-ONGYK,56,74.88,4283.62,One year,Credit card (automatic),DSL,2,29,Weekly,0
5139-AXBXG,20,75.17,1529.12,Month-to-month,Credit card (automatic),Fiber optic,3,14,Rarely,0
8193-BFROD,58,22.36,1236.22,Two year,Credit card (automatic),No,3,18,Weekly,0
2633-HFQWG,61,44.31,2763.78,Two year,Mailed check,DSL,0,1,Daily,0
1513-XKCIW,9,58.44,540.57,Month-to-month,Electronic check,DSL,2,1,Daily,1
5766-VSKUS,4,46.43,177.83,Month-to-month,Credit card (automatic),DSL,1,38,Weekly,1
3311-UONZY,63,22.1,1449.11,One year,Credit card (automatic),No,2,14,Rarely,0
7359-NFKNR,6,23.54,140.71,Month-to-month,Electronic check,No,2,6,Daily,0
1839-IBVYC,59,24.81,1503.53,Two year,Mailed check,No,0,11,Weekly,0
6177-ILTUI,41,73.91,3090.31,Month-to-month,Bank transfer (automatic),Fiber optic,2,51,Weekly,0
9907-IKGLG,4,113.27,466.65,One year,Bank transfer (automatic),Fiber optic,2,2,Weekly,0
1837-BSUHK,9,47.73,409.05,Month-to-month,Bank transfer (automatic),DSL,2,28,Weekly,0
3716-KAOLY,67,25.58,1738.41,Two year,Credit card (automatic),No,0,12,Weekly,0
8598-JUKEJ,0,22.11,,Month-to-month,Electronic check,No,1,34,Daily,1
5801-WGVRT,10,72.75,718.45,Month-to-month,Credit card (automatic),Fiber optic,0,39,Rarely,1
2574-TNPBS,23,75.38,1670.56,Month-to-month,Electronic check,DSL,1,20,Weekly,1
2917-SCNNI,3,18.85,56.95,Month-to-month,Mailed check,No,2,7,Daily,0
7882-BAFGF,23,23.21,545.67,Month-to-month,Mailed check,No,1,20,Weekly,0
8747-PKCCR,54,24.48,1288.03,Two year,Bank transfer (automatic),No,2,10,Rarely,0
4244-YVTIS,52,92.45,4642.08,Two year,Mailed check,Fiber optic,2,28,Daily,0
5264-CEDEJ,24,103.04,2584.57,Month-to-month,Electronic check,Fiber optic,4,5,Weekly,0
8044-BVSQE,45,97.77,4286.21,Month-to-month,Credit card (automatic),Fiber optic,1,5,Daily,0
2592-WAZSF,49,73.41,3535.37,Two year,Electronic check,Fiber optic,1,17,Weekly,0
2856-FSVMB,55,23.7,1353.22,Two year,Electronic check,No,2,3,Daily,0
7969-MMIXI,72,82.82,5914.43,Two year,Electronic check,DSL,1,11,Daily,0
2679-GRQQN,12,86.63,1022.01,Month-to-month,Mailed check,Fiber optic,1,63,Rarely,1
7936-IGDEP,8,19.45,148.9,One year,Bank transfer (automatic),No,0,19,Weekly,0
5472-KTUOC,5,50.79,261.27,Month-to-month,Mailed check,DSL,3,58,Rarely,1
9909-AFHBU,11,100.82,1135.18,Month-to-month,Electronic check,Fiber optic,1,31,Rarely,1
1296-JTFAD,0,25.88,,Month-to-month,Credit card (automatic),No,2,15,Rarely,1
9512-MMLYQ,62,109.37,6855.06,One year,Electronic check,Fiber optic,3,11,Weekly,0
3027-TDMQP,12,107.88,1237.28,Month-to-month,Credit card (automatic),Fiber optic,5,19,Weekly,0
1315-YMJYI,0,87.48,,Month-to-month,Mailed check,Fiber optic,1,17,Weekly,1
7515-OAEBK,70,67.06,4840.11,One year,Bank transfer (automatic),DSL,0,11,Weekly,0
5792-YBZWA,72,89.6,6740.02,Two year,Bank transfer (automatic),Fiber optic,1,3,Daily,0
8535-AXPEY,9,18.94,175.08,One year,Mailed check,No,1,2,Daily,0
1975-OQRFJ,12,61.6,755.5,Month-to-month,Credit card (automatic),DSL,0,15,Weekly,1
1726-DNZQR,51,64.2,3328.97,Month-to-month,Credit card (automatic),DSL,2,67,Rarely,1
6104-FOZCF,61,77.99,4554.45,Month-to-month,Bank transfer (automatic),DSL,1,12,Weekly,0
8937-SAFYA,33,107.01,3550.85,One year,Electronic check,Fiber optic,3,17,Rarely,1
4651-LIKGH,33,92.03,3089.82,Month-to-month,Bank transfer (automatic),Fiber optic,1,16,Weekly,0
8176-TADGV,16,94.13,1545.73,Month-to-month,Credit card (automatic),Fiber optic,6,48,Weekly,1
9154-KANQL,51,108.44,5647.3,One year,Credit card (automatic),Fiber optic,1,14,Daily,0
8826-CWWXZ,6,84.02,495.52,Month-to-month,Mailed check,Fiber optic,3,1,Weekly,1
5577-IKYLW,22,87.46,1939.51,One year,Mailed check,Fiber optic,5,2,Daily,1
7285-QYASU,52,25.28,1354.99,Month-to-month,Mailed check,No,1,17,Rarely,0
5730-FTFXX,67,106.87,7157.03,Two year,Mailed check,Fiber optic,2,1,Daily,0
7066-ANJXI,4,25.57,101.38,Month-to-month,Bank transfer (automatic),No,0,32,Rarely,1
6103-SDFZK,51,112.62,5508.18,One year,Bank transfer (automatic),Fiber optic,0,3,Daily,0
5725-TZZAG,41,106.98,4406.91,Two year,Bank transfer (automatic),Fiber optic,1,6,Daily,0
4930-SYZSC,7,51.02,364.59,Month-to-month,Bank transfer (automatic),DSL,0,17,Daily,0
6874-THVOE,8,95.27,751.03,Month-to-month,Mailed check,Fiber optic,2,19,Weekly,1
7759-VZNVB,5,90.21,462.44,Month-to-month,Mailed check,Fiber optic,1,11,Rarely,1
9271-HDHJL,61,21.43,1371.73,One year,Credit card (automatic),No,2,5,Daily,0
6518-IOFJV,8,107.79,837.11,Month-to-month,Mailed check,Fiber optic,2,52,Weekly,1
1904-OAIVE,56,21.41,1213.54,Two year,Electronic check,No,1,49,Weekly,0
6286-XHQMQ,26,45.79,1170.99,One year,Mailed check,DSL,0,6,Rarely,0
3841-UDJOG,57,86.91,4826.32,Two year,Electronic check,Fiber optic,3,2,Daily,0
1241-JXFEP,55,109.15,6038.47,Two year,Electronic check,Fiber optic,4,16,Daily,0
1652-CAWHD,50,62.36,3081.81,One year,Bank transfer (automatic),DSL,0,16,Weekly,0
6321-RMLLD,61,70.61,4358.87,Two year,Electronic check,Fiber optic,1,8,Weekly,0
9502-WAMHQ,36,67.66,2475.44,One year,Electronic check,DSL,1,7,Daily,0
5549-OKNFD,12,47.04,559.54,Month-to-month,Bank transfer (automatic),DSL,0,11,Daily,0
5006-XPQZX,6,75.22,429.37,Month-to-month,Electronic check,Fiber optic,1,8,Weekly,1
1797-PUNGQ,35,20.78,757.31,Two year,Credit card (automatic),No,1,6,Weekly,0
7077-XWNYF,1,24.28,25.4,Month-to-month,Bank transfer (automatic),No,3,2,Daily,0
1499-BKFYD,46,18.88,848.93,One year,Bank transfer (automatic),No,0,16,Weekly,0
8569-NUCBO,7,48.53,351.98,Month-to-month,Mailed check,DSL,0,4,Daily,0
8346-XAAYP,64,48.33,3220.72,Two year,Bank transfer (automatic),DSL,2,17,Rarely,0
9918-SHIMF,5,76.85,373.52,Month-to-month,Bank transfer (automatic),DSL,0,7,Daily,0
3558-LYTWM,6,82.13,492.02,Month-to-month,Credit card (automatic),Fiber optic,4,12,Weekly,1
2455-UKQSV,20,22.85,437.82,One year,Electronic check,No,1,5,Daily,0
3695-YCUST,37,76.12,2800.64,One year,Mailed check,Fiber optic,3,1,Daily,0
8194-AMYXG,66,108.36,7013.49,Month-to-month,Mailed check,Fiber optic,2,9,Rarely,0
2969-MWYIU,22,51.0,1084.21,One year,Mailed check,DSL,0,10,Weekly,0
8985-VDABD,60,92.37,5573.18,Two year,Electronic check,Fiber optic,1,6,Daily,0
2387-TKRCP,10,20.99,202.1,One year,Electronic check,No,0,34,Rarely,0
1439-TZIOM,0,101.89,,Month-to-month,Mailed check,Fiber optic,1,8,Weekly,1
2973-JQOVA,53,82.53,4532.99,One year,Mailed check,Fiber optic,1,12,Weekly,0
7786-FPOXR,7,70.02,498.95,One year,Credit card (automatic),Fiber optic,0,12,Weekly,1
6419-AMVWU,64,95.49,6298.22,Two year,Bank transfer (automatic),Fiber optic,1,2,Daily,0
4192-MCFWI,70,117.28,7990.67,Month-to-month,Electronic check,Fiber optic,1,7,Weekly,0
6903-TAMYG,12,24.73,298.6,Month-to-month,Bank transfer (automatic),No,2,82,Rarely,1
6836-AHBPE,57,118.16,6595.77,Month-to-month,Electronic check,Fiber optic,4,62,Weekly,1
5991-GPIQY,32,59.46,1893.7,One year,Electronic check,DSL,1,14,Daily,0
5625-YSZTB,6,97.54,591.61,Month-to-month,Electronic check,Fiber optic,5,49,Rarely,1
1913-YOAQG,13,75.69,972.23,Month-to-month,Electronic check,DSL,1,43,Rarely,1
3337-NRALB,43,54.52,2351.2,One year,Credit card (automatic),DSL,1,23,Weekly,0
5748-CFUKB,71,44.19,3165.15,Month-to-month,Mailed check,DSL,3,8,Weekly,0
2216-TODOG,11,19.77,209.39,Month-to-month,Electronic check,No,2,5,Daily,0
5282-QYITA,48,83.28,3806.22,One year,Bank transfer (automatic),DSL,2,21,Weekly,0
2052-KXBYC,11,24.43,257.7,Month-to-month,Mailed check,No,1,25,Weekly,1
8084-MEAJP,8,52.29,434.33,Month-to-month,Credit card (automatic),DSL,1,35,Rarely,0
1929-SIMES,14,107.87,1583.57,Month-to-month,Bank transfer (automatic),Fiber optic,6,71,Rarely,1
1832-EWERI,61,23.79,1399.86,One year,Credit card (automatic),No,0,22,Weekly,0
6739-ZHYVM,62,60.59,3701.31,Two year,Bank transfer (automatic),DSL,0,10,Weekly,0
2984-MJLMD,66,18.67,1211.64,Two year,Credit card (automatic),No,3,5,Weekly,0
4162-IWZBT,3,105.31,318.91,Month-to-month,Mailed check,Fiber optic,1,10,Weekly,1
3828-GRQWS,41,52.36,2105.52,Two year,Electronic check,DSL,0,9,Weekly,0
2949-VUQKI,9,20.54,193.29,Month-to-month,Mailed check,No,0,59,Rarely,0
7855-JJHIO,59,63.2,3610.58,Month-to-month,Mailed check,DSL,1,90,Rarely,0
7226-HJSIC,6,51.23,306.79,Month-to-month,Electronic check,DSL,2,1,Weekly,1
3148-ATYRB,7,23.87,162.42,One year,Electronic check,No,2,3,Daily,0
7180-OHIXV,72,52.43,3737.66,Two year,Mailed check,DSL,1,2,Daily,0
7420-TNPXR,5,109.13,529.33,Two year,Mailed check,Fiber optic,2,7,Daily,1
5851-PCZVJ,52,59.11,2947.08,Two year,Bank transfer (automatic),DSL,0,1,Weekly,0
6204-GZYKG,69,22.37,1605.48,Two year,Electronic check,No,2,43,Rarely,0
9413-UQXOO,32,71.7,2313.35,One year,Electronic check,Fiber optic,1,7,Rarely,0
5084-DPJFU,33,39.94,1340.61,Two year,Electronic check,DSL,0,10,Daily,0
4468-IFYZM,62,20.09,1233.65,Two year,Electronic check,No,1,6,Daily,0
5850-HEQPQ,70,86.87,5872.64,One year,Bank transfer (automatic),Fiber optic,1,17,Daily,0
8521-TMRRU,8,19.82,166.0,Month-to-month,Mailed check,No,2,14,Rarely,0
7385-TAQZO,58,94.37,5385.42,One year,Bank transfer (automatic),Fiber optic,0,1,Weekly,0
1676-NPOKZ,27,99.16,2741.55,Two year,Mailed check,Fiber optic,1,6,Weekly,0
5133-BVEFP,50,75.95,3950.67,Two year,Bank transfer (automatic),DSL,0,10,Daily,0
7657-QYHAG,41,94.92,3915.08,Month-to-month,Electronic check,Fiber optic,3,3,Daily,1
3015-OJGXO,2,87.81,174.04,Month-to-month,Bank transfer (automatic),Fiber optic,0,37,Rarely,1
9895-RTKTZ,49,114.8,5488.3,One year,Electronic check,Fiber optic,1,11,Weekly,0
8272-SHUGB,10,59.04,563.84,Month-to-month,Bank transfer (automatic),DSL,0,26,Daily,0
8618-LNMGH,58,20.61,1144.29,Month-to-month,Credit card (automatic),No,1,8,Weekly,0
1735-XHUGC,72,42.49,3111.42,Two year,Mailed check,DSL,2,8,Weekly,0
6216-BGVLS,69,78.95,5676.35,Two year,Electronic check,Fiber optic,1,13,Daily,0
5749-ZBCXO,2,103.52,212.39,Two year,Electronic check,Fiber optic,4,19,Weekly,0
6640-QIVQG,42,48.13,1982.64,Month-to-month,Electronic check,DSL,2,13,Daily,0
8651-QAGFU,12,87.7,1011.74,Month-to-month,Electronic check,Fiber optic,4,32,Weekly,1
4179-TCXVL,4,40.26,156.26,One year,Bank transfer (automatic),DSL,1,4,Daily,0
5805-FKPQJ,5,56.39,292.03,Month-to-month,Bank transfer (automatic),DSL,2,40,Rarely,1
7114-CPSGQ,19,23.36,432.75,Month-to-month,Bank transfer (automatic),No,2,60,Weekly,0
7777-ONAHJ,37,80.64,2996.6,Two year,Electronic check,Fiber optic,2,21,Weekly,0
7932-VVWMI,68,70.19,5009.04,One year,Electronic check,Fiber optic,1,11,Weekly,0
4032-MUQPL,0,77.34,,Month-to-month,Electronic check,DSL,2,11,Rarely,1
9983-SWRKV,24,104.97,2447.65,One year,Mailed check,Fiber optic,4,29,Weekly,1
1086-YUWGK,53,84.66,4692.69,Two year,Electronic check,DSL,3,2,Daily,0
5431-GJTRA,6,45.23,266.19,Month-to-month,Credit card (automatic),DSL,1,6,Daily,1
6478-TEEOG,62,102.86,6589.37,Month-to-month,Electronic check,Fiber optic,2,2,Daily,0
1551-ZDDTH,65,82.48,5219.49,One year,Mailed check,Fiber optic,1,13,Weekly,1
5059-SREPN,55,62.1,3258.05,One year,Credit card (automatic),DSL,2,27,Rarely,0
6362-CTWYC,38,73.35,2871.89,Month-to-month,Credit card (automatic),DSL,2,90,Rarely,1
6467-EVHQJ,60,78.16,4668.98,Month-to-month,Electronic check,Fiber optic,2,49,Weekly,0
2071-FQFDN,64,60.41,4054.14,Two year,Bank transfer (automatic),DSL,0,2,Daily,0
3497-FEUNO,9,51.38,455.66,One year,Credit card (automatic),DSL,2,55,Rarely,0
3202-DEKKL,24,19.66,465.55,Two year,Electronic check,No,2,9,Weekly,0
6758-DXJVK,50,72.25,3636.45,Two year,Mailed check,DSL,0,16,Weekly,0
3958-MCRBT,6,82.53,509.81,Month-to-month,Credit card (automatic),Fiber optic,4,5,Weekly,1
6142-WJXSA,35,22.47,748.76,One year,Credit card (automatic),No,2,33,Rarely,0
7578-FQSCR,40,70.86,2872.45,Two year,Credit card (automatic),DSL,1,9,Rarely,0
8174-VCWNQ,12,91.49,1069.65,Month-to-month,Bank transfer (automatic),Fiber optic,1,90,Weekly,1
2654-BPLJU,47,76.47,3495.05,Month-to-month,Bank transfer (automatic),Fiber optic,3,45,Weekly,1
9130-GBMTD,68,39.56,2579.22,One year,Electronic check,DSL,0,39,Weekly,0
2491-ZRYMD,9,56.58,484.19,Month-to-month,Credit card (automatic),DSL,5,15,Weekly,1
1196-ENPTU,11,25.93,279.63,Two year,Bank transfer (automatic),No,1,58,Rarely,0
1404-TPANV,52,83.75,4418.92,One year,Mailed check,DSL,0,26,Daily,0
2809-WVALQ,52,21.86,1128.49,Two year,Credit card (automatic),No,0,9,Daily,0
8858-GKCFA,45,90.17,,One year,Electronic check,Fiber optic,1,1,Weekly,0
2870-ZWKAI,30,101.34,3037.53,Two year,Credit card (automatic),Fiber optic,2,8,Rarely,0
7240-LERZV,9,110.38,1025.51,Month-to-month,Bank transfer (automatic),Fiber optic,1,16,Daily,0
4766-WVBOO,64,98.04,6485.57,Two year,Electronic check,Fiber optic,4,23,Weekly,0
1359-CDOSF,1,105.12,105.98,One year,Mailed check,Fiber optic,3,11,Daily,1
4996-MBCPO,68,71.16,4864.02,Two year,Bank transfer (automatic),Fiber optic,2,5,Daily,0
1254-TXEIW,70,25.09,1732.73,One year,Bank transfer (automatic),No,2,10,Daily,0
5285-BVYCD,1,22.54,22.52,Month-to-month,Mailed check,No,1,16,Weekly,0
6027-RMZOR,17,61.65,1076.54,Two year,Electronic check,DSL,1,11,Daily,0
5691-GIEDC,51,48.94,2479.1,Two year,Electronic check,DSL,1,6,Rarely,0
3542-XBNNB,67,19.52,1352.42,Month-to-month,Credit card (automatic),No,2,10,Daily,0
7898-VNDDS,46,55.93,2602.07,Month-to-month,Mailed check,DSL,1,9,Weekly,1
6369-QKKAA,9,25.4,226.48,Month-to-month,Mailed check,No,0,33,Weekly,0
3292-NJGJP,68,64.72,4586.95,Two year,Electronic check,DSL,0,23,Rarely,0
4911-HJHRB,43,57.95,2588.42,Month-to-month,Mailed check,DSL,0,26,Daily,0
1976-XOGTY,23,45.4,1033.62,Month-to-month,Credit card (automatic),DSL,1,26,Weekly,0
9308-BFDBT,2,41.85,85.72,Month-to-month,Mailed check,DSL,2,33,Weekly,1
7776-FJVPR,51,99.41,5287.46,One year,Bank transfer (automatic),Fiber optic,2,20,Rarely,1
3589-CZCSQ,18,116.47,2115.05,Two year,Credit card (automatic),Fiber optic,2,13,Weekly,0
7073-KVXBY,4,21.86,91.26,Month-to-month,Credit card (automatic),No,1,51,Weekly,1
7111-GUVOW,4,81.49,312.26,Month-to-month,Credit card (automatic),Fiber optic,3,5,Daily,1
6486-VNELX,12,88.27,1105.65,Two year,Credit card (automatic),Fiber optic,2,44,Rarely,1
1486-FZERQ,19,94.75,1832.96,Month-to-month,Bank transfer (automatic),Fiber optic,1,3,Daily,1
8905-FMDJY,6,73.67,426.91,Month-to-month,Credit card (automatic),DSL,1,33,Rarely,1
9601-BWRTH,19,21.9,400.3,Month-to-month,Credit card (automatic),No,0,3,Daily,0
9766-YGNAX,1,114.94,117.59,Month-to-month,Credit card (automatic),Fiber optic,1,13,Rarely,0
9825-SEREL,2,101.08,197.09,Month-to-month,Credit card (automatic),Fiber optic,4,10,Weekly,1
9358-NYIAL,3,75.85,216.95,Two year,Mailed check,Fiber optic,0,27,Weekly,0
7650-YUBBT,6,75.54,439.71,Two year,Electronic check,Fiber optic,3,10,Weekly,1
1511-SOCHW,13,64.37,803.76,Month-to-month,Credit card (automatic),DSL,2,23,Daily,1
5186-DFLTV,27,75.93,,Month-to-month,Mailed check,DSL,2,80,Weekly,0
3206-PMKBG,55,22.5,1241.1,Two year,Credit card (automatic),No,2,43,Weekly,0
2979-FBTJN,43,24.53,1058.28,Two year,Mailed check,No,1,2,Weekly,0
8474-FPDRT,61,19.1,1159.08,One year,Bank transfer (automatic),No,0,7,Weekly,0
8311-IFUFE,11,85.95,968.78,Month-to-month,Credit card (automatic),Fiber optic,3,4,Daily,1
5698-IZMGN,18,72.33,1238.91,Month-to-month,Electronic check,Fiber optic,3,1,Daily,0
7626-JRLPL,8,21.17,175.95,Two year,Mailed check,No,2,4,Weekly,0
2164-MLKZG,43,97.59,4401.93,Month-to-month,Credit card (automatic),Fiber optic,3,5,Daily,0
2997-USNIM,47,25.44,1248.86,One year,Mailed check,No,0,4,Daily,0
8743-WEPTQ,69,92.32,6220.44,Month-to-month,Bank transfer (automatic),Fiber optic,1,38,Rarely,1
5060-DNEYJ,29,88.21,2654.89,One year,Mailed check,Fiber optic,1,2,Weekly,0
5919-KWLFX,4,102.96,421.78,Month-to-month,Mailed check,Fiber optic,0,49,Rarely,1
5164-QPBLL,9,72.04,647.33,Month-to-month,Mailed check,DSL,1,59,Rarely,1
2819-GOGMU,53,46.87,2605.52,Month-to-month,Credit card (automatic),DSL,2,11,Weekly,0
8436-THFAI,10,23.75,231.02,Month-to-month,Bank transfer (automatic),No,0,74,Rarely,1
7823-ADZWO,8,96.17,775.89,Month-to-month,Credit card (automatic),Fiber optic,0,15,Weekly,0
7153-UMPXC,10,62.42,606.32,One year,Credit card (automatic),DSL,0,35,Rarely,1
4178-JDUVS,65,25.86,1639.85,Two year,Electronic check,No,0,32,Rarely,0
6787-PMAUX,62,24.28,1555.25,Month-to-month,Credit card (automatic),No,0,33,Rarely,0
9578-ZIFRA,4,109.52,444.04,Month-to-month,Electronic check,Fiber optic,2,11,Weekly,1
6847-BVYKN,11,76.78,862.64,Month-to-month,Credit card (automatic),DSL,0,4,Daily,0
5447-ODFHV,72,68.79,4882.22,Month-to-month,Mailed check,DSL,1,6,Weekly,0
3433-LSFYW,6,18.69,116.88,One year,Electronic check,No,2,3,Daily,0
5704-MFZVN,0,55.95,,Month-to-month,Bank transfer (automatic),DSL,1,26,Rarely,0
4345-GQJRV,27,74.28,1971.01,One year,Credit card (automatic),DSL,0,19,Daily,0
6500-MBOWF,17,47.27,778.37,One year,Credit card (automatic),DSL,0,13,Weekly,0
1410-YJRSE,5,116.43,568.43,One year,Electronic check,Fiber optic,4,11,Weekly,1
2711-BYSQH,44,70.34,3184.31,One year,Bank transfer (automatic),Fiber optic,0,16,Weekly,0
8081-CHOSI,58,22.69,1294.08,Month-to-month,Electronic check,No,1,11,Daily,0
4426-FGZQZ,47,19.13,883.06,Month-to-month,Electronic check,No,3,17,Weekly,1
4896-ALLKK,2,24.2,47.85,Month-to-month,Electronic check,No,1,28,Weekly,1
5894-CAULE,3,67.37,198.62,Month-to-month,Bank transfer (automatic),DSL,1,19,Weekly,0
4943-JYMZE,51,89.64,4581.96,One year,Electronic check,Fiber optic,2,10,Weekly,0
7826-DORZM,8,74.92,628.01,Two year,Bank transfer (automatic),Fiber optic,4,25,Weekly,0
3207-FOHEC,13,21.89,297.32,Month-to-month,Credit card (automatic),No,0,0,Weekly,0
7825-SQEOX,7,86.96,635.14,Month-to-month,Bank transfer (automatic),Fiber optic,3,54,Rarely,1
2884-VLBQN,2,47.64,96.26,Month-to-month,Electronic check,DSL,1,1,Rarely,0
4334-XOTNO,34,78.91,2813.03,Month-to-month,Credit card (automatic),Fiber optic,2,21,Daily,1
6289-IKHMY,4,111.1,438.43,Month-to-month,Credit card (automatic),Fiber optic,7,0,Daily,1
8972-IMYDG,14,54.12,734.87,Month-to-month,Bank transfer (automatic),DSL,0,4,Daily,0
3092-MKIUM,8,74.82,622.83,Month-to-month,Credit card (automatic),Fiber optic,2,26,Rarely,1
6285-JMXZG,55,77.67,4408.03,Two year,Electronic check,Fiber optic,2,2,Daily,0
1577-BALQB,40,102.06,4037.1,One year,Electronic check,Fiber optic,4,3,Daily,0
1678-NKYPL,12,56.0,654.55,Month-to-month,Electronic check,DSL,1,8,Weekly,1
7906-PDMIE,58,72.73,4163.46,Month-to-month,Electronic check,Fiber optic,2,39,Rarely,1
7469-KQPZH,51,41.52,2103.19,Two year,Electronic check,DSL,0,21,Weekly,0
4387-SOWXS,8,41.74,345.1,Month-to-month,Mailed check,DSL,1,26,Rarely,1
6606-LNQUF,22,105.76,2300.99,Month-to-month,Electronic check,Fiber optic,3,13,Weekly,1
4421-WUCHG,35,78.1,2728.33,Two year,Bank transfer (automatic),DSL,1,3,Daily,0
3494-PFHEB,25,110.99,2687.11,One year,Electronic check,Fiber optic,5,18,Daily,1
4881-LINFH,8,96.46,789.59,Month-to-month,Mailed check,Fiber optic,3,19,Weekly,1
3806-XUGEZ,11,89.02,991.65,Month-to-month,Mailed check,Fiber optic,4,16,Daily,1
8334-RMSFL,3,53.6,155.13,Month-to-month,Electronic check,DSL,1,21,Weekly,1
4704-KSEMV,10,73.29,716.97,Month-to-month,Credit card (automatic),DSL,4,81,Rarely,1
3887-FDVWL,12,109.18,1285.37,Month-to-month,Electronic check,Fiber optic,1,9,Weekly,0
5824-BOHPD,58,82.19,4821.74,Two year,Electronic check,DSL,1,31,Rarely,0
7821-URQNF,11,84.3,882.9,Month-to-month,Mailed check,DSL,0,5,Daily,0
3462-YGJYB,42,104.19,4412.47,Month-to-month,Credit card (automatic),Fiber optic,2,10,Weekly,0
9454-DTJPP,4,47.85,186.74,Month-to-month,Mailed check,DSL,1,6,Daily,0
5171-VQLOT,33,116.67,4007.59,Month-to-month,Mailed check,Fiber optic,1,67,Weekly,1
6947-JEMZC,67,44.64,3087.25,Two year,Mailed check,DSL,0,13,Weekly,0
9614-EZVDF,67,51.85,3494.6,Month-to-month,Credit card (automatic),DSL,3,90,Weekly,0
4884-RUTWN,35,24.74,848.39,Month-to-month,Mailed check,No,1,73,Weekly,0
2798-WPMQL,34,94.99,3153.42,One year,Electronic check,Fiber optic,4,8,Weekly,0
7729-PVYPA,11,50.24,528.25,Month-to-month,Electronic check,DSL,3,22,Daily,0
1059-QGGWL,71,63.1,4427.1,One year,Credit card (automatic),DSL,0,11,Rarely,0
5120-UJPRX,10,107.37,1035.93,Month-to-month,Electronic check,Fiber optic,2,47,Weekly,1
9818-FOKMW,8,83.28,674.81,Month-to-month,Mailed check,Fiber optic,4,85,Rarely,1
4729-DOKXF,46,94.3,4494.74,Month-to-month,Bank transfer (automatic),Fiber optic,4,12,Weekly,1
7156-GCLAN,0,52.21,,Month-to-month,Electronic check,DSL,2,21,Weekly,1
5727-FKPRB,12,21.48,267.93,Month-to-month,Electronic check,No,2,3,Weekly,0
2931-DINWD,63,20.09,1253.5,Two year,Credit card (automatic),No,0,22,Weekly,0
3859-BQZVO,9,104.32,894.6,Month-to-month,Credit card (automatic),Fiber optic,3,14,Weekly,1
5711-AOLLM,9,20.86,179.92,Month-to-month,Credit card (automatic),No,1,18,Weekly,0
1938-OSEBB,2,62.31,118.39,Month-to-month,Bank transfer (automatic),DSL,3,32,Weekly,1
4733-KNULN,0,76.01,,Month-to-month,Electronic check,DSL,1,73,Daily,1
4733-ZTRJD,67,45.51,2979.03,One year,Mailed check,DSL,0,17,Weekly,0
8513-XOCMC,51,69.43,3529.77,Two year,Bank transfer (automatic),DSL,1,23,Weekly,0
2114-ZNUMA,60,54.21,,One year,Bank transfer (automatic),DSL,0,1,Daily,0
8583-QQFSF,69,22.16,1516.7,One year,Mailed check,No,0,13,Weekly,0
4693-RTDHE,31,23.87,717.54,Month-to-month,Mailed check,No,1,0,Weekly,0
6861-SGQKC,40,114.79,4746.79,One year,Electronic check,Fiber optic,0,18,Weekly,0
6011-WSGWS,17,111.74,1843.8,One year,Mailed check,Fiber optic,1,5,Daily,0
3697-VEABO,60,80.4,4932.56,Two year,Mailed check,DSL,0,25,Weekly,0
9375-UXYPQ,69,41.28,2901.76,Month-to-month,Bank transfer (automatic),DSL,1,5,Weekly,0
3019-HAFBR,37,90.42,3446.27,Two year,Mailed check,Fiber optic,1,8,Weekly,0
1325-NUDXS,35,108.86,3789.39,Month-to-month,Mailed check,Fiber optic,1,3,Daily,0
7750-XQIQP,14,109.36,1596.71,One year,Credit card (automatic),Fiber optic,3,30,Daily,1
6592-ECQCC,0,90.36,,Month-to-month,Electronic check,Fiber optic,3,43,Rarely,1
9013-BQYMD,23,20.64,476.46,Month-to-month,Credit card (automatic),No,1,23,Weekly,0
5119-NMPLN,25,64.24,1639.19,Two year,Electronic check,DSL,0,2,Daily,0
1151-IXNIA,40,73.34,3040.59,One year,Mailed check,DSL,0,23,Weekly,0
1182-RJGMM,43,70.81,3090.15,Month-to-month,Electronic check,DSL,0,60,Rarely,0
4898-UOSQW,56,20.38,1159.72,Two year,Mailed check,No,2,19,Daily,0
3245-AJSDL,71,70.01,5200.39,Two year,Mailed check,Fiber optic,2,17,Daily,0
9298-KUZCF,0,112.98,,Month-to-month,Mailed check,Fiber optic,3,5,Daily,1
2066-UEMYZ,0,21.84,,Month-to-month,Electronic check,No,2,57,Rarely,1
8926-YDDEU,2,110.37,224.58,Month-to-month,Electronic check,Fiber optic,1,6,Daily,0
2950-ELVMY,6,79.08,463.5,Month-to-month,Electronic check,DSL,4,2,Daily,0
2074-MJZOE,0,82.18,,Month-to-month,Mailed check,DSL,4,11,Daily,1
3470-QUVAC,59,87.11,5236.12,Two year,Mailed check,Fiber optic,2,67,Rarely,0
2297-QTQJT,66,102.0,6660.82,Two year,Electronic check,Fiber optic,0,16,Daily,0
4611-PYJTD,9,22.97,215.18,Month-to-month,Bank transfer (automatic),No,5,2,Daily,1
3973-TTGBZ,54,46.55,2530.98,Two year,Mailed check,DSL,0,7,Daily,0
5760-BMAKV,0,91.19,,Two year,Electronic check,Fiber optic,1,4,Daily,0
5833-NGKCP,61,58.81,3466.14,One year,Electronic check,DSL,0,0,Daily,0
1008-AJBGB,37,19.93,772.09,Month-to-month,Electronic check,No,2,90,Rarely,0
2123-YUYRM,59,56.25,3482.81,Two year,Electronic check,DSL,2,15,Weekly,0
2456-EZXKF,10,59.07,600.74,Month-to-month,Electronic check,DSL,0,90,Daily,1
2752-KKXBQ,2,108.79,211.27,Month-to-month,Electronic check,Fiber optic,3,6,Daily,1
1842-TTFKI,3,24.94,75.14,Month-to-month,Electronic check,No,4,2,Weekly,1
3831-KCCAZ,58,71.99,4007.94,Month-to-month,Mailed check,DSL,0,90,Rarely,1
5946-KFUMJ,69,76.04,5013.55,Two year,Mailed check,DSL,1,1,Weekly,0
3779-CKQQK,25,43.53,1066.81,Month-to-month,Credit card (automatic),DSL,0,25,Daily,0
3961-PTYNF,51,22.68,1124.63,Two year,Credit card (automatic),No,1,8,Daily,0
5225-DEAOF,12,82.55,1035.99,Month-to-month,Electronic check,Fiber optic,5,44,Rarely,1
5935-FSIVD,57,21.64,1264.05,Month-to-month,Credit card (automatic),No,1,41,Rarely,0
3978-IBNDG,69,71.34,5027.7,One year,Bank transfer (automatic),DSL,1,2,Daily,0
2996-TWOZT,16,115.93,1903.38,Two year,Bank transfer (automatic),Fiber optic,0,4,Daily,1
4684-TZCGL,34,87.31,2926.89,Month-to-month,Credit card (automatic),Fiber optic,2,58,Rarely,1
1218-QZCFH,2,65.56,137.59,Month-to-month,Mailed check,DSL,0,11,Weekly,0
5432-RYYTU,3,75.19,227.39,Month-to-month,Mailed check,Fiber optic,2,9,Daily,1
9471-KPENH,10,103.1,1001.03,Month-to-month,Bank transfer (automatic),Fiber optic,4,7,Weekly,1
4581-YJKKX,50,49.95,2540.86,One year,Credit card (automatic),DSL,1,14,Weekly,0
1974-YLZTW,61,92.75,5687.55,Two year,Mailed check,Fiber optic,2,18,Weekly,0
7363-XIOHI,6,85.8,520.41,Month-to-month,Electronic check,Fiber optic,1,51,Rarely,1
2141-MBFVE,71,72.46,5024.71,Month-to-month,Bank transfer (automatic),Fiber optic,0,88,Daily,1
2742-QTGLW,65,105.93,6944.01,One year,Bank transfer (automatic),Fiber optic,0,42,Rarely,1
2318-VXQXK,16,23.15,354.64,Month-to-month,Bank transfer (automatic),No,4,7,Daily,0
8952-PRZJW,52,109.65,5881.59,Two year,Mailed check,Fiber optic,3,3,Daily,0
9830-NCRZL,50,115.9,5855.79,Two year,Electronic check,Fiber optic,2,0,Daily,1
6126-OYXKT,11,57.9,647.28,Month-to-month,Mailed check,DSL,2,33,Weekly,1
6558-QQSIH,62,106.68,6664.84,Two year,Electronic check,Fiber optic,3,37,Rarely,0
6808-AWHRR,37,53.25,2066.28,Two year,Electronic check,DSL,1,0,Daily,0
6491-SWWAV,3,58.91,169.35,Month-to-month,Bank transfer (automatic),DSL,1,32,Weekly,1
5896-FQRBH,3,110.54,330.54,Month-to-month,Electronic check,Fiber optic,2,7,Daily,0
9879-XDGCE,56,25.24,1437.67,Two year,Credit card (automatic),No,0,19,Daily,0
7597-QVPHW,55,56.29,3127.6,Two year,Mailed check,DSL,0,18,Weekly,0
1795-JINDJ,16,108.93,1781.56,Two year,Electronic check,Fiber optic,1,1,Daily,1
4527-UPZUJ,17,74.23,1322.49,One year,Mailed check,DSL,3,34,Weekly,0
9769-TWQTN,3,47.58,142.52,Month-to-month,Mailed check,DSL,2,8,Rarely,1
4632-XGLGC,68,100.34,7026.14,Two year,Electronic check,Fiber optic,0,10,Rarely,0
2835-QDFTG,6,61.82,370.83,Month-to-month,Electronic check,DSL,2,25,Daily,1
8815-WBLBB,44,18.97,854.73,Two year,Electronic check,No,1,17,Daily,0
6607-UBXPM,23,64.17,1475.81,One year,Bank transfer (automatic),DSL,4,9,Weekly,1
6062-XKKKQ,3,117.51,350.83,Month-to-month,Bank transfer (automatic),Fiber optic,1,1,Daily,1
4780-WOHXP,52,74.88,4074.58,Two year,Mailed check,DSL,0,14,Daily,0
2119-VLFYR,56,48.24,2751.56,One year,Electronic check,DSL,1,4,Weekly,0
4455-IWAYP,38,80.72,3123.32,Month-to-month,Bank transfer (automatic),Fiber optic,3,90,Rarely,1
4936-PAESO,57,85.47,4881.29,Two year,Bank transfer (automatic),Fiber optic,2,10,Daily,0
9380-DRTHR,70,39.83,2667.74,Two year,Mailed check,DSL,3,10,Weekly,0
3765-ZMFZX,0,42.39,,Month-to-month,Bank transfer (automatic),DSL,1,13,Weekly,1
2342-LLVAI,5,72.09,344.22,Month-to-month,Mailed check,DSL,0,3,Daily,1
4847-ORQJW,55,22.6,1272.86,Month-to-month,Bank transfer (automatic),No,3,10,Weekly,0
9972-QOYCS,31,23.72,757.15,Month-to-month,Mailed check,No,2,11,Daily,0
5339-YROJH,17,71.91,1165.21,One year,Electronic check,DSL,0,4,Daily,0
4411-OXMDM,13,42.39,551.01,One year,Electronic check,DSL,0,4,Daily,0
7001-CYNFQ,52,82.51,4462.58,Two year,Electronic check,DSL,1,6,Daily,0
6838-NNPYW,9,117.01,1011.61,Month-to-month,Mailed check,Fiber optic,3,5,Weekly,1
3693-GGZQA,4,40.57,159.97,Month-to-month,Electronic check,DSL,0,90,Weekly,1
9710-NDAEG,8,42.12,324.12,Month-to-month,Credit card (automatic),DSL,0,6,Daily,0
6335-CVLOW,21,109.75,2304.39,One year,Mailed check,Fiber optic,0,20,Weekly,0
1518-VVFTZ,64,99.49,6388.19,Two year,Electronic check,Fiber optic,1,11,Weekly,0
4667-AWWVK,67,118.1,7827.13,One year,Credit card (automatic),Fiber optic,1,10,Weekly,0
9304-FTQSG,47,81.98,3983.03,Month-to-month,Credit card (automatic),Fiber optic,0,5,Daily,0
4539-EXNWY,18,75.59,1348.34,One year,Electronic check,DSL,2,9,Weekly,0
6109-LGXSR,6,63.14,364.04,Month-to-month,Bank transfer (automatic),DSL,3,19,Weekly,0
6513-YGJBK,16,96.93,1596.94,One year,Bank transfer (automatic),Fiber optic,2,3,Weekly,0
7338-LLDVM,71,80.13,5525.9,Two year,Mailed check,Fiber optic,2,3,Daily,0
8849-LWMXF,9,66.91,615.65,Month-to-month,Bank transfer (automatic),DSL,1,4,Daily,1
2342-WZTXT,72,57.89,4140.79,Two year,Credit card (automatic),DSL,0,45,Weekly,0
5650-PTYPR,2,49.15,95.53,Month-to-month,Mailed check,DSL,0,9,Weekly,1
5799-CYUEH,5,24.78,118.94,Month-to-month,Mailed check,No,1,14,Weekly,0
2371-FIXMK,25,48.85,1261.16,Month-to-month,Bank transfer (automatic),DSL,3,52,Weekly,0
7060-UJXTG,49,20.75,988.16,Two year,Credit card (automatic),No,2,3,Daily,0
2063-QMIXK,19,19.15,381.61,Two year,Credit card (automatic),No,1,53,Rarely,0
5105-DKNDT,70,102.8,7212.3,One year,Bank transfer (automatic),Fiber optic,4,5,Daily,1
3971-FCNEU,60,20.63,1265.93,Two year,Mailed check,No,1,12,Weekly,0
2394-BKBJY,14,83.06,1170.54,One year,Bank transfer (automatic),DSL,1,45,Rarely,0
8400-QNEIJ,4,73.11,307.01,Two year,Electronic check,DSL,3,4,Daily,0
3196-PFZQI,7,113.71,775.24,Month-to-month,Credit card (automatic),Fiber optic,2,0,Weekly,1
3296-CPLRP,40,79.53,3146.68,One year,Electronic check,Fiber optic,4,1,Daily,0
8688-QVNSJ,24,23.3,580.6,Two year,Electronic check,No,1,21,Rarely,0
8895-YKRZJ,31,112.67,3385.02,One year,Electronic check,Fiber optic,1,4,Daily,1
1310-CGGBO,36,83.23,3034.93,Two year,Bank transfer (automatic),DSL,0,49,Rarely,0
3500-HCDHJ,10,68.91,716.45,Month-to-month,Electronic check,DSL,1,4,Daily,1
7379-ZSSRU,9,115.96,1094.96,Month-to-month,Mailed check,Fiber optic,2,2,Daily,1
8002-ICNAF,19,77.16,1510.03,One year,Electronic check,Fiber optic,2,2,Weekly,0
9993-TNRNO,54,71.97,3719.28,One year,Credit card (automatic),Fiber optic,1,34,Rarely,0
5991-HFGUZ,59,21.99,1306.21,One year,Credit card (automatic),No,1,33,Weekly,0
1067-CNMOG,69,53.6,3767.6,Two year,Mailed check,DSL,0,7,Daily,0
8861-AFEBJ,47,114.91,5295.84,One year,Credit card (automatic),Fiber optic,0,1,Daily,0
2449-RZREJ,11,39.74,444.89,Two year,Electronic check,DSL,5,8,Rarely,0
2087-HFZRM,15,85.38,1333.28,Month-to-month,Bank transfer (automatic),Fiber optic,6,9,Weekly,1
7066-LIKQY,58,86.96,5117.5,One year,Electronic check,Fiber optic,1,15,Weekly,0
6433-MEYIC,28,104.58,2926.39,Month-to-month,Credit card (automatic),Fiber optic,5,11,Daily,1
1539-OUGHH,29,70.09,2085.22,Two year,Mailed check,Fiber optic,2,8,Daily,0
2523-UYWFW,23,78.1,1759.79,Month-to-month,Bank transfer (automatic),DSL,2,34,Rarely,1
6307-IWZSY,11,25.51,285.33,One year,Bank transfer (automatic),No,1,10,Weekly,0
3297-DRBQI,9,93.48,841.89,Month-to-month,Credit card (automatic),Fiber optic,6,12,Rarely,1
7155-ZMTHB,4,19.31,78.1,Month-to-month,Mailed check,No,2,45,Rarely,1
4705-TFSMZ,32,41.33,1321.3,One year,Bank transfer (automatic),DSL,0,2,Daily,0
6292-JKTUD,55,50.89,2775.13,Two year,Bank transfer (automatic),DSL,0,7,Daily,0
5274-TMZQU,7,76.53,511.7,Month-to-month,Electronic check,Fiber optic,1,1,Weekly,1
4286-IHUAP,12,94.39,1146.47,Month-to-month,Electronic check,Fiber optic,3,79,Rarely,1
4081-ZZSMV,65,89.89,6121.69,One year,Bank transfer (automatic),Fiber optic,3,6,Daily,0
7274-AUETJ,48,47.82,2261.9,Two year,Electronic check,DSL,1,1,Weekly,0
5628-TPYUX,29,110.41,3241.81,Month-to-month,Bank transfer (automatic),Fiber optic,2,48,Weekly,1
6348-DJLAA,3,99.11,303.98,Month-to-month,Credit card (automatic),Fiber optic,2,17,Weekly,0
6195-BTLTV,26,67.81,1781.35,Month-to-month,Electronic check,DSL,2,21,Weekly,1
2868-AWFKZ,25,103.14,2681.7,One year,Credit card (automatic),Fiber optic,2,28,Daily,1
9218-HYNAV,64,111.94,7473.63,Two year,Mailed check,Fiber optic,1,4,Daily,0
6067-BQLDN,12,70.05,871.8,Month-to-month,Bank transfer (automatic),DSL,0,73,Rarely,1
7461-JCOBN,57,19.5,1102.68,Two year,Electronic check,No,0,5,Daily,0
8936-FVYYY,36,21.37,741.63,One year,Credit card (automatic),No,1,2,Daily,0
9321-CNFCK,66,95.3,6227.25,Two year,Bank transfer (automatic),Fiber optic,1,18,Weekly,0
7000-LHCKE,10,19.89,199.36,Month-to-month,Bank transfer (automatic),No,1,31,Rarely,0
8083-BLBZV,62,115.6,6839.25,Two year,Credit card (automatic),Fiber optic,1,12,Weekly,0
5245-YCMVO,29,50.61,1517.34,Month-to-month,Electronic check,DSL,1,9,Daily,0
7639-HVIZC,6,74.52,464.36,Month-to-month,Electronic check,DSL,1,12,Weekly,1
3893-SAXJA,13,116.15,1529.9,Month-to-month,Electronic check,Fiber optic,6,35,Rarely,1
7405-VZXMB,6,51.64,312.32,Two year,Credit card (automatic),DSL,2,2,Weekly,0
1772-FABEO,0,21.92,,Month-to-month,Credit card (automatic),No,3,16,Weekly,1
9227-TPFPG,2,20.37,42.69,Month-to-month,Mailed check,No,1,61,Weekly,1
3201-LXDWH,10,109.89,1091.89,Month-to-month,Bank transfer (automatic),Fiber optic,5,22,Weekly,1
6908-RGELJ,44,108.57,4636.71,One year,Credit card (automatic),Fiber optic,1,11,Rarely,1
1100-NGZRV,38,25.2,1001.74,Month-to-month,Mailed check,No,1,9,Weekly,0
2401-USDPX,58,73.04,4378.38,Two year,Electronic check,Fiber optic,1,0,Daily,0
9878-CMEUY,44,73.04,3158.25,One year,Credit card (automatic),DSL,1,1,Daily,1
8499-BUJZA,12,22.85,275.8,Month-to-month,Electronic check,No,1,13,Rarely,0
3002-ESUCE,15,90.54,1369.67,Month-to-month,Mailed check,Fiber optic,3,21,Weekly,1
2177-IAURT,41,79.92,3400.29,Month-to-month,Bank transfer (automatic),DSL,1,6,Weekly,0
8333-MQOSL,54,78.9,4280.87,Two year,Mailed check,DSL,0,15,Daily,0
9910-QQQWJ,3,23.75,70.67,Month-to-month,Mailed check,No,1,18,Weekly,0
2517-WAMLW,63,46.92,2983.1,Two year,Credit card (automatic),DSL,0,4,Weekly,0
6974-BFMVM,68,20.45,1456.28,One year,Bank transfer (automatic),No,1,9,Weekly,0
3552-QEYUB,57,19.67,1070.99,Month-to-month,Credit card (automatic),No,6,23,Weekly,0
7698-SDOSY,46,50.79,2370.72,One year,Electronic check,DSL,4,6,Daily,0
4764-BHRGS,25,74.57,1786.39,Month-to-month,Electronic check,DSL,1,48,Rarely,1
2128-EEORF,57,86.18,4795.74,One year,Electronic check,Fiber optic,1,20,Daily,0
3919-WWCHO,71,52.0,3764.28,Two year,Mailed check,DSL,0,14,Weekly,0
5847-MGNZH,71,82.07,5949.4,Two year,Electronic check,Fiber optic,0,21,Daily,0
8184-FTORQ,55,18.88,1073.05,Two year,Credit card (automatic),No,0,57,Rarely,0
1189-TSPLL,61,86.5,5297.92,Two year,Credit card (automatic),Fiber optic,0,1,Daily,0
9618-GLPSU,69,74.58,5301.42,Two year,Credit card (automatic),Fiber optic,1,4,Rarely,0
6845-JTLJE,7,22.71,159.02,Month-to-month,Electronic check,No,1,10,Weekly,0
8876-GRFCH,31,19.89,598.19,Month-to-month,Bank transfer (automatic),No,0,51,Rarely,1
9369-ZDDKJ,38,20.54,776.26,One year,Credit card (automatic),No,3,28,Rarely,0
2382-XGKHG,62,61.0,3658.17,Two year,Mailed check,DSL,0,6,Daily,0
1843-IGSUE,46,56.53,2612.31,One year,Mailed check,DSL,0,7,Rarely,0
7989-MGWCK,23,85.59,1971.74,Two year,Electronic check,Fiber optic,5,5,Daily,1
2690-IJYOJ,68,83.0,5509.24,One year,Credit card (automatic),DSL,0,40,Rarely,0
2331-VUDMK,39,72.83,2836.46,Month-to-month,Bank transfer (automatic),Fiber optic,1,15,Rarely,0
5216-LJVZA,6,25.1,152.16,Month-to-month,Credit card (automatic),No,1,90,Rarely,1
9219-WWJMC,53,25.46,1340.58,Two year,Electronic check,No,1,5,Weekly,0
8159-JGXCI,8,83.52,649.69,Month-to-month,Bank transfer (automatic),DSL,2,26,Weekly,1
5660-MZVYI,3,24.97,78.31,Month-to-month,Electronic check,No,5,4,Daily,0
2767-GOIAV,44,109.28,4953.79,One year,Electronic check,Fiber optic,4,8,Weekly,0
4027-CFYTQ,65,81.48,5144.18,Two year,Credit card (automatic),Fiber optic,2,1,Daily,0
7195-DGFQN,0,47.29,,Month-to-month,Electronic check,DSL,4,5,Daily,1
2413-JTUTC,2,66.73,131.83,Month-to-month,Bank transfer (automatic),DSL,2,44,Weekly,1
5719-PFHZK,45,22.52,1063.73,Two year,Mailed check,No,0,15,Weekly,0
1106-UGZHE,60,104.96,6437.1,Two year,Credit card (automatic),Fiber optic,1,14,Rarely,0
3925-IEPDF,24,19.38,472.05,One year,Mailed check,No,2,5,Daily,0
3231-SBLSL,40,52.16,2012.77,Month-to-month,Bank transfer (automatic),DSL,2,2,Daily,0
7129-AEZUJ,59,69.92,3997.49,One year,Bank transfer (automatic),DSL,2,4,Daily,0
9225-WABWR,64,67.15,4482.98,One year,Mailed check,DSL,1,3,Daily,0
2318-PIVPL,7,86.91,605.27,Two year,Credit card (automatic),Fiber optic,1,3,Daily,0
8174-JJORU,30,77.18,2203.1,Month-to-month,Electronic check,Fiber optic,2,88,Weekly,1
6902-KGOPH,56,111.61,6248.17,Two year,Electronic check,Fiber optic,1,20,Weekly,0
9727-BIBCZ,10,77.23,781.43,Month-to-month,Bank transfer (automatic),DSL,3,90,Weekly,1
9202-UAJGZ,67,45.73,2999.79,One year,Mailed check,DSL,1,36,Rarely,0
1906-LGQME,6,73.47,437.53,Month-to-month,Mailed check,DSL,1,4,Daily,1
7688-HDSZV,8,45.53,356.08,Month-to-month,Bank transfer (automatic),DSL,2,27,Weekly,1
6329-JMBJA,3,21.89,65.29,Month-to-month,Bank transfer (automatic),No,2,2,Daily,0
2017-TXERP,7,60.44,443.57,Month-to-month,Credit card (automatic),DSL,1,45,Weekly,0
3314-KTRHU,49,57.48,2805.02,Two year,Electronic check,DSL,0,42,Weekly,0
9341-RITQD,16,21.07,347.45,One year,Credit card (automatic),No,0,7,Weekly,0
5885-EIBKM,51,22.01,1080.83,Two year,Bank transfer (automatic),No,0,14,Weekly,0
4045-UEORL,62,104.52,6668.1,Month-to-month,Credit card (automatic),Fiber optic,2,24,Weekly,0
3883-XIKAK,17,54.23,922.51,One year,Bank transfer (automatic),DSL,4,0,Weekly,0
8539-AZGVD,50,98.14,4841.54,One year,Credit card (automatic),Fiber optic,1,10,Rarely,0
3550-HDJPK,55,55.5,3075.83,Two year,Bank transfer (automatic),DSL,0,45,Rarely,0
2429-PUBLP,12,83.67,989.05,Month-to-month,Credit card (automatic),DSL,0,31,Weekly,0
6164-NDFJQ,51,103.16,5424.11,Two year,Bank transfer (automatic),Fiber optic,1,5,Daily,0
9931-ZJNHA,61,24.89,1562.19,Two year,Mailed check,No,3,5,Daily,0
2649-KJDRG,37,58.88,2119.73,One year,Mailed check,DSL,0,8,Daily,0
3297-FKZQL,12,82.43,982.44,Month-to-month,Mailed check,Fiber optic,1,8,Weekly,1
5221-VAIOM,2,73.83,142.32,Month-to-month,Bank transfer (automatic),Fiber optic,0,31,Rarely,1
2798-RSLYY,71,109.63,7398.89,Month-to-month,Electronic check,Fiber optic,3,16,Weekly,0
6856-MXQDD,68,71.11,4737.07,Two year,Electronic check,DSL,0,7,Daily,0
3282-CFIBP,72,24.66,1786.28,Two year,Electronic check,No,0,10,Weekly,0
2153-KPNHP,51,70.24,3675.13,Month-to-month,Credit card (automatic),DSL,2,5,Daily,0
3351-YIHNU,1,40.74,42.57,Month-to-month,Credit card (automatic),DSL,2,25,Weekly,1
9374-NVBCK,48,58.54,2788.25,Month-to-month,Electronic check,DSL,1,11,Weekly,0
9413-GAFHX,30,86.08,2454.17,One year,Electronic check,Fiber optic,2,35,Daily,0
5551-UJYVG,69,21.75,1523.25,One year,Mailed check,No,0,7,Rarely,0
4603-MXLJX,2,69.73,135.37,Month-to-month,Bank transfer (automatic),DSL,2,13,Weekly,1
8374-RLWTJ,1,65.05,65.54,Month-to-month,Bank transfer (automatic),DSL,1,28,Rarely,1
2748-LBCYB,9,23.27,208.42,Month-to-month,Credit card (automatic),No,2,18,Weekly,0
6884-VFOSZ,5,80.21,392.15,Month-to-month,Bank transfer (automatic),Fiber optic,2,18,Weekly,1
7119-JYLWC,1,22.22,21.77,Month-to-month,Mailed check,No,3,7,Weekly,1
7389-GQSUJ,5,81.41,400.63,Month-to-month,Credit card (automatic),Fiber optic,3,20,Daily,1
2961-QQZDA,40,94.79,3668.23,Month-to-month,Electronic check,Fiber optic,6,2,Daily,1
7444-OAFNG,70,84.31,6023.12,Two year,Electronic check,Fiber optic,0,59,Rarely,1
6507-GJRJU,2,48.99,96.95,Month-to-month,Electronic check,DSL,0,4,Weekly,1
8875-ECEXH,1,115.61,118.13,Two year,Electronic check,Fiber optic,2,11,Rarely,0
2569-AIRJJ,35,83.0,2928.93,One year,Mailed check,Fiber optic,2,16,Weekly,0
6521-CRFCS,63,100.36,6150.13,Two year,Electronic check,Fiber optic,1,0,Daily,0
8465-YPYKN,15,100.38,1478.79,One year,Credit card (automatic),Fiber optic,1,10,Weekly,0
3503-JNXQA,63,65.53,4303.41,One year,Credit card (automatic),DSL,1,2,Daily,0
7693-PJOOP,10,104.86,1040.39,Month-to-month,Credit card (automatic),Fiber optic,0,32,Rarely,1
1895-WWZPH,29,99.51,2774.17,Month-to-month,Bank transfer (automatic),Fiber optic,2,17,Weekly,1
7462-FWXAF,60,24.87,1513.57,Two year,Bank transfer (automatic),No,1,3,Daily,0
6455-REBZC,42,40.17,1660.53,Two year,Electronic check,DSL,4,19,Rarely,0
2732-FZCUO,28,73.58,2053.17,Two year,Mailed check,Fiber optic,1,1,Daily,0
1597-OVABF,70,96.87,6581.84,One year,Bank transfer (automatic),Fiber optic,2,5,Daily,0
7708-MZBKL,0,57.38,,Two year,Credit card (automatic),DSL,0,21,Weekly,1
3171-FIFDN,5,80.28,404.8,Month-to-month,Electronic check,Fiber optic,5,89,Rarely,1
5476-YKQRV,5,87.11,432.68,Month-to-month,Mailed check,Fiber optic,2,19,Weekly,1
1546-VXVYZ,69,101.5,6937.29,Two year,Mailed check,Fiber optic,1,6,Daily,0
9670-TMHOV,68,78.24,5545.39,Two year,Electronic check,DSL,2,3,Daily,0
5939-TNBHP,2,19.86,38.77,Month-to-month,Credit card (automatic),No,1,51,Rarely,1
9383-KLHBM,29,52.45,1534.19,One year,Credit card (automatic),DSL,0,8,Daily,0
2442-LUCMW,33,76.79,2616.9,One year,Electronic check,Fiber optic,2,0,Daily,0
2851-GICOW,8,118.34,942.46,Month-to-month,Electronic check,Fiber optic,4,2,Daily,1
6493-MKTLK,63,39.92,2578.64,One year,Bank transfer (automatic),DSL,1,2,Weekly,0
6439-THWGN,28,46.26,1302.98,Month-to-month,Electronic check,DSL,2,57,Rarely,1
8116-GQLGT,53,56.7,2960.32,Two year,Bank transfer (automatic),DSL,0,5,Daily,0
9351-YAOSS,71,79.65,5885.35,Month-to-month,Credit card (automatic),Fiber optic,3,0,Daily,0
8396-FCNQH,0,102.99,,Month-to-month,Mailed check,Fiber optic,0,31,Rarely,1
2261-JNLMR,50,18.67,929.66,One year,Credit card (automatic),No,1,15,Weekly,0
3785-ZUAJA,51,62.68,3243.91,One year,Electronic check,DSL,0,11,Weekly,1
9223-WQFVO,11,19.97,221.73,Month-to-month,Electronic check,No,1,14,Rarely,1
5940-BDVHN,10,23.24,232.69,Month-to-month,Bank transfer (automatic),No,2,74,Weekly,1
8802-XHACX,62,44.39,2804.49,Two year,Mailed check,DSL,2,5,Daily,0
6066-PICSB,39,79.58,3163.75,One year,Bank transfer (automatic),Fiber optic,3,8,Daily,0
1447-CPQOX,55,24.73,1364.16,Two year,Mailed check,No,2,7,Weekly,0
5255-GOHJD,2,80.4,160.89,One year,Credit card (automatic),DSL,0,24,Daily,0
8421-USSDD,56,87.53,4737.32,One year,Mailed check,Fiber optic,0,11,Daily,0
6895-URARZ,63,98.5,6336.38,One year,Electronic check,Fiber optic,2,2,Weekly,0
2194-THITK,2,102.76,215.61,Month-to-month,Bank transfer (automatic),Fiber optic,1,3,Weekly,0
2890-TYKOM,6,24.21,142.22,Two year,Mailed check,No,0,33,Rarely,0
8688-NBZOF,43,95.98,4003.43,One year,Bank transfer (automatic),Fiber optic,0,28,Weekly,0
9812-OKVTJ,62,65.62,4247.24,Two year,Electronic check,DSL,1,14,Weekly,0
7775-SAZNR,8,108.0,856.3,Two year,Credit card (automatic),Fiber optic,2,13,Weekly,0
1882-QIRKR,54,64.14,3530.15,One year,Electronic check,DSL,1,13,Weekly,0
6572-CDYTD,12,96.09,1149.74,One year,Electronic check,Fiber optic,3,18,Weekly,1
8462-FOAKI,51,83.73,4296.98,Two year,Electronic check,Fiber optic,2,6,Daily,0
6761-DHHBQ,6,110.65,652.87,Month-to-month,Bank transfer (automatic),Fiber optic,3,63,Rarely,1
6346-HAAZD,59,21.81,1321.62,Two year,Bank transfer (automatic),No,1,0,Daily,0
5205-XECOW,33,96.81,3196.01,One year,Mailed check,Fiber optic,1,15,Weekly,0
3203-BITBE,18,100.67,1808.8,Month-to-month,Electronic check,Fiber optic,4,48,Weekly,1
3526-HUVSR,71,22.56,1611.51,Month-to-month,Electronic check,No,1,10,Weekly,0
7710-AGXSG,5,59.35,309.73,Month-to-month,Electronic check,DSL,3,19,Weekly,1
1628-SSTZO,7,93.55,675.7,Month-to-month,Mailed check,Fiber optic,1,90,Rarely,1
1760-BVAQU,7,74.85,500.89,Month-to-month,Mailed check,Fiber optic,1,7,Daily,0
4569-DUVRI,43,109.88,4658.29,Month-to-month,Bank transfer (automatic),Fiber optic,2,6,Daily,0
7968-FSERE,71,19.11,1309.87,Month-to-month,Credit card (automatic),No,3,15,Rarely,0
6912-INEUS,11,25.9,296.64,Month-to-month,Credit card (automatic),No,3,23,Weekly,1
6309-AWSVP,63,117.04,7186.41,Two year,Mailed check,Fiber optic,1,3,Daily,0
5806-QJFGI,47,25.12,1212.12,Two year,Electronic check,No,1,73,Weekly,0
1996-HTNKS,60,42.53,2581.04,Month-to-month,Credit card (automatic),DSL,2,61,Rarely,0
3985-TYIGA,46,71.26,3365.48,Month-to-month,Bank transfer (automatic),Fiber optic,2,37,Rarely,1
1715-EPVPZ,61,23.13,1434.82,Month-to-month,Electronic check,No,1,18,Daily,0
7822-QWGIV,14,78.02,1069.08,Two year,Credit card (automatic),Fiber optic,0,39,Rarely,0
7756-RMYTH,59,115.62,6820.41,Two year,Electronic check,Fiber optic,4,10,Weekly,0
3322-PKKUR,23,23.43,521.24,Month-to-month,Mailed check,No,1,56,Weekly,0
3636-AOQNH,10,78.52,764.12,Month-to-month,Mailed check,DSL,1,6,Daily,0
3856-QYCPX,72,118.22,8192.02,Month-to-month,Electronic check,Fiber optic,2,31,Rarely,0
9002-KIGFK,26,115.51,3116.2,One year,Electronic check,Fiber optic,2,6,Daily,0
5396-UEGZZ,4,75.1,293.96,Month-to-month,Electronic check,Fiber optic,2,33,Rarely,0
7857-FKKHD,14,25.87,348.83,One year,Bank transfer (automatic),No,0,14,Daily,0
5038-BPBQC,57,73.41,4075.98,One year,Credit card (automatic),Fiber optic,1,18,Weekly,0
7283-EAKII,67,74.81,4893.56,One year,Credit card (automatic),DSL,1,3,Daily,0
5754-IYLVG,0,24.12,,Month-to-month,Mailed check,No,0,32,Rarely,1
3507-MBGBA,57,48.8,2836.54,One year,Bank transfer (automatic),DSL,0,25,Rarely,0
8885-EEITD,33,88.54,2970.45,Month-to-month,Electronic check,Fiber optic,3,45,Rarely,1
7379-PJKXM,7,23.23,164.06,Month-to-month,Bank transfer (automatic),No,1,30,Weekly,0
7923-GGEUR,11,22.23,253.56,Month-to-month,Mailed check,No,2,1,Weekly,1
9532-GMNBX,7,104.14,696.46,Month-to-month,Bank transfer (automatic),Fiber optic,2,19,Daily,1
3238-UNSCZ,42,19.48,826.91,Month-to-month,Electronic check,No,2,6,Daily,0
1823-QYWPH,9,89.74,814.77,Month-to-month,Bank transfer (automatic),Fiber optic,3,5,Daily,0
6239-RNKSX,11,72.0,809.18,Month-to-month,Mailed check,DSL,2,35,Rarely,1
3935-EOUII,7,70.39,484.14,Month-to-month,Mailed check,Fiber optic,3,7,Daily,1
4921-AIPZN,54,101.54,5442.54,Two year,Electronic check,Fiber optic,1,38,Weekly,0
3111-HVEEN,35,22.56,776.87,Month-to-month,Mailed check,No,1,20,Weekly,0
4585-VFASP,40,114.86,4544.02,Two year,Electronic check,Fiber optic,2,14,Weekly,0
4538-RKDIM,64,83.26,5403.27,One year,Mailed check,DSL,1,2,Weekly,0
4154-LXFIE,11,70.7,758.9,Month-to-month,Electronic check,DSL,1,5,Weekly,0
7680-OUWFL,72,96.13,7176.07,Two year,Credit card (automatic),Fiber optic,1,14,Weekly,0
6333-TBSDA,11,22.48,259.49,Month-to-month,Electronic check,No,1,90,Weekly,1
5267-CWRUR,4,91.56,363.53,Month-to-month,Electronic check,Fiber optic,1,29,Daily,1
2014-UMVBP,4,74.81,313.93,Month-to-month,Credit card (automatic),DSL,1,12,Weekly,0
6136-TZJES,10,54.38,542.83,One year,Bank transfer (automatic),DSL,2,10,Weekly,1
2575-BUSRH,12,81.75,933.89,One year,Bank transfer (automatic),Fiber optic,3,12,Daily,0
3827-DPJKE,55,91.41,5229.88,Two year,Electronic check,Fiber optic,2,4,Daily,0
4733-IVXJD,35,20.99,722.63,Month-to-month,Bank transfer (automatic),No,3,0,Daily,0
2271-AEARQ,5,24.61,117.64,Month-to-month,Bank transfer (automatic),No,0,56,Rarely,0
4505-UIVEG,18,83.35,1452.95,Month-to-month,Mailed check,Fiber optic,4,41,Rarely,1
3402-XWPPS,56,89.5,5124.31,Month-to-month,Credit card (automatic),Fiber optic,4,13,Weekly,0
8647-VGBEJ,69,51.43,3453.92,Month-to-month,Electronic check,DSL,2,5,Daily,0
8736-GNDPS,6,96.11,590.11,One year,Bank transfer (automatic),Fiber optic,3,4,Weekly,1
1041-CHOBR,68,84.85,5961.13,Month-to-month,Electronic check,Fiber optic,4,3,Rarely,1
6421-TJANW,52,67.83,3671.8,One year,Mailed check,DSL,4,18,Rarely,1
6764-HWWHP,24,76.09,1900.35,Month-to-month,Electronic check,DSL,1,65,Rarely,1
4401-BOWYF,1,24.12,23.35,Month-to-month,Bank transfer (automatic),No,4,62,Rarely,1
5221-RBHVQ,24,84.63,2043.0,One year,Bank transfer (automatic),Fiber optic,1,60,Weekly,0
8108-KZTAC,11,97.43,,Month-to-month,Credit card (automatic),Fiber optic,2,5,Daily,1
4401-QWENV,54,88.56,4659.33,Two year,Electronic check,Fiber optic,3,18,Rarely,0
1580-WQZYV,54,101.53,5756.27,Month-to-month,Bank transfer (automatic),Fiber optic,2,20,Weekly,0
4352-RZACN,8,79.09,647.68,Month-to-month,Mailed check,DSL,2,14,Weekly,0
3284-RXRGX,4,24.8,103.5,Month-to-month,Mailed check,No,2,9,Weekly,1
4444-CCSZN,57,79.81,4463.12,One year,Electronic check,DSL,1,17,Daily,1
3070-DBZHQ,15,57.52,837.14,Two year,Bank transfer (automatic),DSL,2,22,Weekly,1
2348-IFRTM,21,109.35,2399.6,One year,Bank transfer (automatic),Fiber optic,0,6,Daily,0
9867-NMPUS,48,88.27,4144.44,Month-to-month,Credit card (automatic),Fiber optic,3,71,Rarely,0
2159-HGRQJ,9,74.93,701.63,Two year,Bank transfer (automatic),Fiber optic,3,18,Rarely,1
7354-VKIOF,38,22.92,842.24,One year,Bank transfer (automatic),No,0,11,Daily,0
7457-SXYLG,59,66.44,3864.48,One year,Mailed check,DSL,0,36,Rarely,0
6559-MCRLD,1,74.0,74.95,One year,Electronic check,DSL,0,17,Rarely,1
9202-OSFKX,8,77.66,646.87,Month-to-month,Credit card (automatic),DSL,1,5,Daily,0
1044-SULMM,62,80.18,4951.93,Two year,Bank transfer (automatic),DSL,0,6,Daily,0
3714-LDBVN,8,23.77,192.05,Month-to-month,Mailed check,No,1,20,Rarely,0
2658-NPKXM,12,100.39,1183.76,Month-to-month,Credit card (automatic),Fiber optic,2,90,Rarely,1
6191-NNEEE,28,39.72,1078.27,Two year,Electronic check,DSL,0,9,Daily,0
6719-GEFYJ,70,75.51,5412.91,Two year,Bank transfer (automatic),Fiber optic,4,6,Weekly,0
9080-UKVTV,29,76.79,2279.21,Two year,Electronic check,Fiber optic,2,0,Daily,0
4417-HCISR,10,20.44,,Month-to-month,Mailed check,No,3,10,Rarely,0
3122-SZFLM,43,113.32,4702.55,Two year,Mailed check,Fiber optic,4,21,Daily,1
9317-DRBXC,34,105.21,3419.25,Month-to-month,Bank transfer (automatic),Fiber optic,3,8,Weekly,1
7056-CEXWX,57,68.13,3932.04,One year,Mailed check,DSL,3,1,Weekly,0
7881-VYMAL,63,19.43,1222.72,One year,Mailed check,No,1,5,Daily,0
5004-FGREI,1,23.41,23.7,Month-to-month,Electronic check,No,5,14,Weekly,0
5026-KBSTO,57,105.41,5851.42,One year,Credit card (automatic),Fiber optic,2,19,Weekly,0
4501-AULGY,54,84.94,4736.11,One year,Electronic check,Fiber optic,2,1,Daily,0
7744-WLLXE,56,81.82,4556.68,Month-to-month,Mailed check,Fiber optic,2,16,Weekly,1
2895-KOJIC,31,103.3,3259.08,One year,Mailed check,Fiber optic,1,12,Weekly,0
9777-GJVIE,9,75.84,661.74,Month-to-month,Mailed check,Fiber optic,3,35,Rarely,1
2583-WJXCA,23,98.21,2157.1,One year,Bank transfer (automatic),Fiber optic,2,15,Weekly,0
5148-XCAQI,32,25.82,814.5,One year,Credit card (automatic),No,1,18,Daily,0
3831-MKHMG,44,71.2,3109.59,Month-to-month,Electronic check,Fiber optic,1,62,Rarely,1
6782-FFDNO,12,47.39,564.67,Month-to-month,Bank transfer (automatic),DSL,2,32,Rarely,0
7125-ALTAH,4,95.71,372.86,Month-to-month,Electronic check,Fiber optic,0,24,Rarely,1
9267-YLANK,5,73.44,366.0,Month-to-month,Electronic check,Fiber optic,3,63,Rarely,1
8102-FBWVR,1,71.56,71.6,Month-to-month,Electronic check,DSL,1,90,Rarely,1
3237-AWMMW,11,73.92,795.75,Month-to-month,Credit card (automatic),Fiber optic,1,18,Daily,1
2859-LGGYO,3,47.81,141.02,Month-to-month,Credit card (automatic),DSL,1,59,Weekly,0
8978-PPFKY,6,96.56,582.8,Two year,Electronic check,Fiber optic,2,20,Daily,0
5390-DYHHA,2,76.51,146.05,Month-to-month,Bank transfer (automatic),DSL,3,26,Daily,1
1877-RILPQ,65,87.8,5445.21,One year,Electronic check,Fiber optic,3,5,Daily,0
8423-YOESB,31,18.92,582.56,Two year,Bank transfer (automatic),No,2,3,Daily,0
6835-VHSEK,3,55.0,157.78,Month-to-month,Credit card (automatic),DSL,1,17,Weekly,0
1230-SQAAZ,55,42.39,2388.9,One year,Credit card (automatic),DSL,0,5,Daily,0
8044-NWBMO,23,79.14,1836.02,One year,Bank transfer (automatic),Fiber optic,5,40,Rarely,1
6465-XSQHZ,7,92.71,618.23,One year,Mailed check,Fiber optic,2,26,Daily,0
6530-IHSZW,30,25.11,740.46,Month-to-month,Mailed check,No,0,57,Weekly,0
8783-EVJFY,6,113.34,652.02,Month-to-month,Electronic check,Fiber optic,3,17,Weekly,1
5459-YJAFO,37,23.78,915.6,Two year,Electronic check,No,1,18,Daily,0
5150-BFDYJ,6,77.75,457.67,Month-to-month,Electronic check,DSL,0,53,Weekly,1
6555-JKAOX,34,63.6,2136.92,Two year,Mailed check,DSL,0,12,Weekly,0
2779-VGAUV,9,25.67,237.66,Two year,Electronic check,No,1,11,Rarely,0
2364-XPMTR,11,77.39,827.15,Month-to-month,Bank transfer (automatic),DSL,3,22,Weekly,1
8593-THXAC,57,101.87,5636.98,Two year,Bank transfer (automatic),Fiber optic,4,4,Weekly,0
2939-ROOXW,11,81.35,922.35,Month-to-month,Mailed check,Fiber optic,1,90,Weekly,1
5538-SECDP,17,24.21,412.93,One year,Credit card (automatic),No,0,2,Daily,0
3428-SUCHI,11,112.44,1206.73,Month-to-month,Credit card (automatic),Fiber optic,2,11,Weekly,1
3073-QBVCN,65,22.09,1386.71,One year,Electronic check,No,1,15,Weekly,0
6379-YFROV,33,87.63,2976.09,Month-to-month,Credit card (automatic),Fiber optic,1,25,Weekly,0
8220-PWKER,53,55.78,2868.81,One year,Credit card (automatic),DSL,0,17,Weekly,0
4976-ZLVWQ,26,73.6,1911.9,One year,Mailed check,DSL,0,10,Weekly,0
2248-UOUIN,68,116.08,7648.78,Two year,Mailed check,Fiber optic,2,13,Weekly,0
3200-CFPSA,6,57.42,340.24,Month-to-month,Electronic check,DSL,1,59,Rarely,1
2480-BANIB,52,43.9,2187.81,Two year,Electronic check,DSL,5,7,Weekly,0
8944-UNARX,28,72.04,1918.32,One year,Credit card (automatic),Fiber optic,2,7,Weekly,1
3875-KYKCD,11,110.33,1222.93,Month-to-month,Credit card (automatic),Fiber optic,4,1,Daily,1
4364-BHKLM,54,85.07,4625.57,Two year,Bank transfer (automatic),Fiber optic,2,10,Daily,0
1639-WAXGY,55,24.67,1314.76,Month-to-month,Electronic check,No,1,9,Weekly,0
5013-DCDHY,67,44.33,2880.22,Month-to-month,Electronic check,DSL,0,23,Rarely,0
9224-MEQNS,7,18.8,135.19,Month-to-month,Bank transfer (automatic),No,3,23,Weekly,0
4686-TUDMQ,19,85.02,1606.76,Two year,Electronic check,Fiber optic,0,2,Daily,0
6860-OZYVG,6,20.87,126.52,Two year,Bank transfer (automatic),No,1,14,Weekly,0
2637-NUGSG,20,118.38,2315.48,One year,Electronic check,Fiber optic,3,4,Daily,0
2286-DGYZW,36,49.98,1814.78,One year,Credit card (automatic),DSL,0,0,Daily,0
7583-HUFDG,12,105.96,1261.12,Month-to-month,Electronic check,Fiber optic,0,19,Rarely,0
1591-DQRAC,2,25.41,49.67,Month-to-month,Electronic check,No,3,12,Weekly,1
5035-MCVKK,69,107.96,7489.22,One year,Electronic check,Fiber optic,0,8,Rarely,0
3850-ASSTO,10,25.81,246.98,Month-to-month,Mailed check,No,1,59,Weekly,0
1146-HCIOD,0,46.7,,Month-to-month,Electronic check,DSL,0,0,Daily,1
5780-BFBAM,9,23.63,211.47,Two year,Bank transfer (automatic),No,0,7,Daily,0
9675-TMCIA,31,22.42,681.67,One year,Credit card (automatic),No,1,15,Weekly,0
1622-QGKXP,9,25.02,232.09,Month-to-month,Credit card (automatic),No,2,39,Rarely,0
8341-TJYSN,60,106.03,6168.79,Two year,Bank transfer (automatic),Fiber optic,5,8,Weekly,0
5852-PQEGR,9,24.34,211.04,Month-to-month,Credit card (automatic),No,0,51,Rarely,1
7511-LUNBR,12,88.74,1018.74,Month-to-month,Electronic check,Fiber optic,1,60,Rarely,0
1868-PJUJC,6,102.83,636.51,Month-to-month,Credit card (automatic),Fiber optic,5,10,Daily,1
8820-DXJKH,7,25.11,182.1,Month-to-month,Electronic check,No,1,22,Weekly,1
1102-TPXXZ,41,48.07,2049.93,Month-to-month,Bank transfer (automatic),DSL,1,4,Weekly,0
9160-IPJST,4,18.74,77.86,Month-to-month,Credit card (automatic),No,0,4,Daily,0
6919-GWHZW,61,85.11,5385.84,Month-to-month,Bank transfer (automatic),Fiber optic,0,90,Weekly,1
4037-AKKVS,47,78.7,3874.55,One year,Electronic check,DSL,1,13,Weekly,0
1063-BVFJE,0,92.54,,One year,Electronic check,Fiber optic,2,25,Daily,1
6498-ENCCU,5,82.46,418.82,One year,Credit card (automatic),Fiber optic,4,49,Weekly,0
1786-IQZBU,33,80.9,2547.41,Month-to-month,Credit card (automatic),DSL,1,14,Weekly,0
6478-CTHDF,2,72.05,149.38,Month-to-month,Bank transfer (automatic),Fiber optic,1,11,Weekly,1
7957-JSRSA,28,109.12,2946.95,Two year,Electronic check,Fiber optic,0,21,Daily,0
3405-ZLCYU,49,108.76,5426.19,Two year,Electronic check,Fiber optic,2,13,Weekly,0
3148-CLXRF,7,62.87,432.45,Month-to-month,Electronic check,DSL,0,7,Weekly,0
2997-SEJFS,24,51.14,1238.14,Two year,Mailed check,DSL,1,9,Weekly,0
3023-YBPGT,44,58.99,2671.65,Two year,Mailed check,DSL,0,8,Weekly,0
2025-DJFWC,8,55.29,442.71,Month-to-month,Electronic check,DSL,1,9,Weekly,1
3247-PDPTT,47,76.87,3775.66,Month-to-month,Bank transfer (automatic),Fiber optic,5,1,Weekly,0
6933-AUHRZ,35,98.86,3394.1,Two year,Electronic check,Fiber optic,2,20,Weekly,0
3722-DJWDG,33,79.49,2639.0,One year,Electronic check,Fiber optic,0,8,Weekly,0
8027-OZHKU,24,118.31,2941.09,One year,Mailed check,Fiber optic,3,15,Daily,0
8372-DIIKO,2,65.42,131.51,Two year,Bank transfer (automatic),DSL,1,11,Weekly,0
7847-FKXVY,33,19.38,641.74,Two year,Electronic check,No,0,6,Daily,0
5855-RPFEO,59,99.81,5821.92,Month-to-month,Bank transfer (automatic),Fiber optic,2,25,Weekly,0
3846-KUAXE,15,56.49,870.88,One year,Electronic check,DSL,2,3,Daily,1
9368-KJYSA,13,79.01,1012.67,Two year,Electronic check,Fiber optic,0,15,Weekly,0
2847-WRBUA,21,84.41,1727.95,Month-to-month,Credit card (automatic),Fiber optic,1,50,Weekly,0
5180-LEAOR,37,82.41,2935.94,Month-to-month,Electronic check,Fiber optic,4,38,Rarely,1
5082-MINDB,6,98.26,585.28,One year,Bank transfer (automatic),Fiber optic,2,23,Weekly,1
7709-EBTPE,45,83.37,3671.34,One year,Electronic check,Fiber optic,1,44,Rarely,0
5920-OMCZY,31,72.33,2352.02,Month-to-month,Mailed check,Fiber optic,2,15,Weekly,1
8194-TVOUN,4,109.67,443.55,Month-to-month,Electronic check,Fiber optic,3,17,Weekly,1
9270-EEWLS,4,83.84,351.88,One year,Electronic check,Fiber optic,4,16,Weekly,1
4515-DLCFC,6,84.78,518.62,Month-to-month,Mailed check,Fiber optic,2,27,Weekly,1
8872-FPAFR,46,58.93,2805.01,Month-to-month,Credit card (automatic),DSL,2,22,Weekly,1
2526-DOWUD,5,75.49,362.81,One year,Electronic check,DSL,0,20,Weekly,0
9243-DSJKM,62,99.83,6307.95,Two year,Mailed check,Fiber optic,1,13,Daily,0
2601-PLACA,62,74.25,4427.86,One year,Mailed check,Fiber optic,2,7,Daily,0
8651-GVZMA,60,92.29,5341.62,Two year,Bank transfer (automatic),Fiber optic,6,12,Weekly,0
4511-BVIWN,2,106.7,204.38,Month-to-month,Credit card (automatic),Fiber optic,1,17,Daily,0
9680-WDWOL,24,40.87,993.02,Month-to-month,Mailed check,DSL,1,4,Daily,0
2162-NIPUV,59,71.96,4309.55,Two year,Credit card (automatic),Fiber optic,0,17,Weekly,0
5189-ZKTXA,58,104.05,5908.37,Two year,Credit card (automatic),Fiber optic,2,55,Rarely,0
9116-MSLCR,6,94.33,588.36,Month-to-month,Credit card (automatic),Fiber optic,4,84,Rarely,1
1427-KQAAP,55,77.94,4468.2,One year,Electronic check,Fiber optic,5,2,Rarely,0
3384-ZQYWH,33,102.51,3485.96,One year,Bank transfer (automatic),Fiber optic,4,4,Daily,1
1751-COQUN,70,73.97,5243.18,One year,Electronic check,Fiber optic,2,16,Daily,0
3891-XVPOA,67,21.83,1476.91,One year,Electronic check,No,0,2,Weekly,0
4512-URXCD,65,109.76,7058.07,Two year,Mailed check,Fiber optic,2,1,Daily,0
6569-RMPLQ,37,19.83,730.51,Two year,Mailed check,No,1,35,Rarely,0
3318-RETMO,7,22.92,154.68,Month-to-month,Bank transfer (automatic),No,0,8,Weekly,0
2428-QTHAE,46,56.06,2696.28,Month-to-month,Electronic check,DSL,2,3,Daily,0
2529-ZFGWG,43,25.2,1093.28,One year,Electronic check,No,3,4,Weekly,0
9444-MJRPN,38,101.36,3805.51,Month-to-month,Electronic check,Fiber optic,3,1,Daily,0
9577-NVPNX,13,21.19,267.25,One year,Credit card (automatic),No,2,9,Daily,1
2992-CVFIA,22,22.17,483.19,Two year,Credit card (automatic),No,0,2,Daily,0
2758-OVJRK,35,95.51,3231.81,One year,Electronic check,Fiber optic,2,6,Rarely,1
1487-TZSIV,50,117.74,6062.47,One year,Electronic check,Fiber optic,3,15,Daily,0
9633-AZVQQ,49,106.15,5316.85,Two year,Electronic check,Fiber optic,2,9,Weekly,1
7354-GLCIP,32,104.63,3430.68,Month-to-month,Mailed check,Fiber optic,5,32,Rarely,1
7846-JUWOI,39,117.71,4675.41,Month-to-month,Electronic check,Fiber optic,3,6,Daily,1
3614-HOSDL,38,77.43,3058.29,Month-to-month,Bank transfer (automatic),Fiber optic,3,2,Weekly,1
6767-LHGVL,45,92.66,4037.21,Month-to-month,Credit card (automatic),Fiber optic,4,67,Daily,1
1538-OAHFI,4,116.64,467.71,Month-to-month,Mailed check,Fiber optic,2,5,Weekly,1
7083-VOXKU,68,24.89,1712.31,One year,Mailed check,No,1,15,Daily,0
6216-EVPBR,64,79.94,5362.63,Two year,Mailed check,Fiber optic,2,8,Weekly,0
3982-MAWNP,23,90.44,2051.54,Month-to-month,Electronic check,Fiber optic,3,2,Daily,1
7393-PCISI,50,19.91,973.28,Two year,Bank transfer (automatic),No,0,10,Rarely,0
6817-XILLA,48,23.76,1090.2,Month-to-month,Bank transfer (automatic),No,1,2,Daily,0
4950-VDMXZ,51,99.94,5336.58,One year,Electronic check,Fiber optic,4,15,Daily,0
2680-FJOSG,55,65.74,3526.56,Two year,Electronic check,DSL,3,11,Weekly,0
1212-OVTVX,38,113.8,4156.28,Month-to-month,Mailed check,Fiber optic,4,11,Weekly,0
9438-WNZMS,58,74.87,4514.75,One year,Credit card (automatic),Fiber optic,0,14,Weekly,0
3531-YBYVZ,53,82.26,4547.89,Two year,Electronic check,DSL,1,45,Rarely,0
3715-UEHAP,42,22.13,933.3,Month-to-month,Electronic check,No,2,5,Weekly,0
7128-LMTVB,8,40.24,314.56,Month-to-month,Electronic check,DSL,0,36,Rarely,1
3296-XJTPL,4,81.08,324.13,Month-to-month,Electronic check,DSL,1,13,Daily,1
4381-FETIF,45,115.16,4980.73,One year,Bank transfer (automatic),Fiber optic,1,1,Daily,0
7399-AVKJJ,49,115.77,5464.67,One year,Electronic check,Fiber optic,2,4,Daily,1
6357-PMOHH,40,110.49,4410.59,Two year,Electronic check,Fiber optic,4,12,Weekly,0
6907-WLZVS,48,83.5,4145.85,Month-to-month,Credit card (automatic),Fiber optic,2,3,Daily,1
1042-OVBMS,56,20.65,1115.28,Two year,Electronic check,No,0,16,Weekly,0
5061-CEBMO,3,54.09,164.61,Month-to-month,Electronic check,DSL,3,45,Rarely,1
5276-MBMXA,10,20.19,198.53,Month-to-month,Mailed check,No,1,1,Daily,0
6691-UHBBA,54,114.05,5885.21,One year,Credit card (automatic),Fiber optic,0,28,Daily,0
2362-KMQCR,3,95.94,280.68,Month-to-month,Credit card (automatic),Fiber optic,3,66,Weekly,1
2435-TBRDL,65,20.5,1275.09,Month-to-month,Bank transfer (automatic),No,3,39,Weekly,0
7861-RWNLV,50,24.29,1176.59,Month-to-month,Mailed check,No,3,35,Weekly,1
7059-FFMDA,35,100.44,3446.9,Month-to-month,Mailed check,Fiber optic,2,1,Rarely,1
8299-JDQOM,35,88.39,2992.65,One year,Mailed check,Fiber optic,3,12,Weekly,0
3435-MCKBJ,63,81.05,5057.1,One year,Credit card (automatic),DSL,1,15,Weekly,0
9977-RZHGR,53,96.94,4882.54,Two year,Credit card (automatic),Fiber optic,1,2,Daily,0
3455-XHVIQ,41,100.47,3925.25,Month-to-month,Bank transfer (automatic),Fiber optic,2,63,Rarely,1
6858-FGZKA,67,71.58,4923.12,Two year,Credit card (automatic),Fiber optic,1,8,Weekly,0
2459-UDCVJ,31,23.22,739.75,One year,Mailed check,No,2,11,Rarely,0
9265-DZHQG,9,90.02,800.73,Month-to-month,Bank transfer (automatic),Fiber optic,2,20,Weekly,0
3991-PSTKQ,25,106.28,2785.3,One year,Bank transfer (automatic),Fiber optic,2,30,Weekly,1
8221-VVTKN,57,72.12,4017.58,One year,Mailed check,Fiber optic,2,24,Daily,0
3980-ZGSUM,64,88.71,5817.94,One year,Bank transfer (automatic),Fiber optic,0,22,Weekly,0
8116-WLVQB,7,18.99,132.17,Month-to-month,Mailed check,No,4,35,Weekly,1
5087-VSFSN,20,25.49,501.74,One year,Credit card (automatic),No,0,8,Weekly,0
1562-YHGBU,36,58.31,2054.73,One year,Mailed check,DSL,1,18,Rarely,0
2713-ZRJWG,57,19.54,1083.69,One year,Bank transfer (automatic),No,2,19,Daily,0
7150-SPWZJ,50,24.07,1223.08,Two year,Electronic check,No,1,9,Daily,0
2736-CETJD,9,79.56,682.36,Month-to-month,Bank transfer (automatic),DSL,2,3,Daily,0
3477-VQDSQ,58,107.6,6493.34,Two year,Bank transfer (automatic),Fiber optic,1,15,Daily,0
5875-ZZZXU,22,111.25,2387.4,Two year,Credit card (automatic),Fiber optic,2,41,Rarely,0
3277-ROUZD,60,111.07,6651.64,Month-to-month,Credit card (automatic),Fiber optic,1,17,Weekly,0
2159-DMHNI,62,25.92,1589.48,One year,Mailed check,No,2,56,Rarely,0
6618-UXHUC,11,21.23,244.01,Month-to-month,Bank transfer (automatic),No,1,27,Weekly,1
7199-USSMC,57,55.03,3032.69,Two year,Electronic check,DSL,0,2,Daily,0
7596-VCMEW,35,44.13,1523.73,Month-to-month,Credit card (automatic),DSL,3,5,Daily,0
9494-ONIUF,72,78.45,5739.75,Two year,Bank transfer (automatic),DSL,1,11,Rarely,0
2120-SZGRI,1,25.48,24.93,Month-to-month,Electronic check,No,2,36,Weekly,1
4840-YXIGC,63,51.99,3289.99,Month-to-month,Credit card (automatic),DSL,0,90,Rarely,0
3105-SXDVT,2,99.83,190.21,Month-to-month,Bank transfer (automatic),Fiber optic,3,12,Weekly,1
9109-MFQPV,4,81.88,340.69,Month-to-month,Bank transfer (automatic),Fiber optic,3,3,Daily,1
5857-OBFJM,49,78.65,3984.3,Two year,Electronic check,DSL,0,1,Weekly,0
1884-JWHRJ,12,39.32,454.11,Month-to-month,Electronic check,DSL,1,7,Daily,1
7228-ZXUTQ,10,23.71,242.53,Month-to-month,Bank transfer (automatic),No,2,21,Weekly,0
1386-POAYZ,67,96.33,6170.9,One year,Electronic check,Fiber optic,6,6,Weekly,1
3467-NWKCV,32,83.87,2797.26,Month-to-month,Bank transfer (automatic),Fiber optic,1,20,Weekly,1
7491-NYFMR,18,114.77,1987.35,One year,Bank transfer (automatic),Fiber optic,1,17,Rarely,0
5553-DZPET,51,61.06,3070.11,One year,Electronic check,DSL,1,7,Daily,0
7848-WJPTD,44,95.44,4349.52,One year,Mailed check,Fiber optic,0,1,Daily,0
6140-NOHHQ,6,42.83,249.45,Month-to-month,Credit card (automatic),DSL,3,71,Rarely,1
8586-TKDUE,48,57.95,2900.67,Two year,Bank transfer (automatic),DSL,0,8,Weekly,0
6062-AIVTH,65,46.31,3060.46,Two year,Electronic check,DSL,0,8,Rarely,0
1511-NYSTC,11,96.88,1062.99,Month-to-month,Mailed check,Fiber optic,4,33,Rarely,1
1641-GCZIM,20,65.61,1262.66,Two year,Mailed check,DSL,0,17,Weekly,0
7991-ONBXJ,8,50.23,408.14,Month-to-month,Electronic check,DSL,2,26,Weekly,0
1347-XTSSZ,1,25.58,25.81,One year,Mailed check,No,1,10,Weekly,0
4388-HIRGU,10,84.69,840.32,Month-to-month,Electronic check,Fiber optic,4,17,Daily,1
1144-AXJAP,65,23.41,1506.97,Two year,Electronic check,No,0,2,Weekly,0
3729-HHMPD,4,25.84,104.28,Month-to-month,Electronic check,No,2,9,Weekly,0
6355-BLJPT,4,108.98,432.05,Month-to-month,Credit card (automatic),Fiber optic,2,22,Daily,1
2557-PCZSB,48,106.19,5190.5,Two year,Bank transfer (automatic),Fiber optic,0,3,Daily,0
5194-TWOVX,32,18.94,602.21,Two year,Electronic check,No,0,5,Daily,0
9963-ZYFAQ,71,95.42,7099.83,Month-to-month,Electronic check,Fiber optic,2,43,Rarely,0
1634-ROGYK,59,73.68,4370.61,One year,Mailed check,DSL,1,0,Daily,0
1572-TQXSQ,35,69.38,2341.07,Two year,Electronic check,DSL,0,4,Daily,0
3440-VBSPU,23,22.76,547.98,One year,Credit card (automatic),No,0,3,Daily,0
8442-FPHDO,10,81.37,853.21,Month-to-month,Mailed check,DSL,1,11,Weekly,0
4651-ACNXS,9,22.7,214.37,Month-to-month,Credit card (automatic),No,2,34,Weekly,1
6754-ACLLB,4,110.62,433.88,Month-to-month,Electronic check,Fiber optic,3,3,Daily,1
1304-GDORK,46,112.96,5114.71,One year,Electronic check,Fiber optic,3,19,Daily,1
7614-OFWAN,6,108.13,616.74,Month-to-month,Credit card (automatic),Fiber optic,2,42,Daily,1
1606-ILNQY,60,77.27,4815.98,One year,Bank transfer (automatic),Fiber optic,2,27,Weekly,0
7404-OFNNW,1,74.65,76.22,Month-to-month,Bank transfer (automatic),DSL,2,8,Weekly,1
2331-OWQOI,41,108.18,4338.51,Month-to-month,Electronic check,Fiber optic,1,8,Weekly,1
8725-GCOXA,8,102.67,795.62,Month-to-month,Electronic check,Fiber optic,5,4,Rarely,1
3664-YWLIP,2,88.02,182.9,Month-to-month,Electronic check,Fiber optic,0,21,Daily,1
2653-WALBQ,48,84.02,3974.4,One year,Electronic check,Fiber optic,3,17,Weekly,0
4030-BITTF,50,101.56,5109.97,Two year,Bank transfer (automatic),Fiber optic,1,1,Daily,0
1007-NEPAV,23,105.39,2341.08,One year,Credit card (automatic),Fiber optic,2,47,Rarely,0
2485-APKFO,39,25.4,958.51,Month-to-month,Credit card (automatic),No,0,6,Daily,0
6386-DPQLJ,22,54.71,1190.1,Two year,Mailed check,DSL,3,5,Daily,0
3706-LYTAH,67,20.67,1350.36,Month-to-month,Electronic check,No,1,21,Rarely,0
4184-AGUWL,21,105.96,2163.44,Month-to-month,Credit card (automatic),Fiber optic,4,9,Weekly,1
8264-RJMVH,63,117.45,7330.86,Two year,Mailed check,Fiber optic,2,15,Daily,0
2113-IDFAV,11,84.09,898.1,Month-to-month,Mailed check,Fiber optic,4,3,Daily,1
4562-WKPGB,32,83.3,2784.01,Month-to-month,Electronic check,Fiber optic,3,61,Weekly,1
2675-NEWHT,16,80.11,1292.5,Two year,Electronic check,DSL,0,3,Daily,0
5345-GDOEK,2,82.84,158.12,Month-to-month,Electronic check,Fiber optic,2,0,Daily,1
3985-HWNSP,35,90.14,3066.64,One year,Electronic check,Fiber optic,0,2,Daily,0
1416-XLWXX,33,84.63,2778.47,One year,Bank transfer (automatic),DSL,0,4,Daily,0
1632-SZTIE,9,75.84,677.8,Month-to-month,Bank transfer (automatic),DSL,3,74,Rarely,1
8670-FOEGQ,52,20.37,1079.08,One year,Electronic check,No,3,18,Weekly,0
1512-IRZCQ,6,25.64,158.03,Month-to-month,Electronic check,No,1,8,Weekly,1
8043-VDUNQ,55,110.91,6142.96,Two year,Mailed check,Fiber optic,2,4,Daily,0
9243-BLJDT,29,83.81,2395.59,Two year,Bank transfer (automatic),DSL,1,1,Weekly,0
5191-NWETP,12,89.55,1041.03,Month-to-month,Bank transfer (automatic),Fiber optic,3,12,Rarely,1
3808-QIRGT,10,23.5,224.12,Month-to-month,Electronic check,No,0,9,Weekly,0
7986-LMPCJ,60,88.52,5077.64,Two year,Bank transfer (automatic),Fiber optic,0,3,Daily,0
9839-FZKAA,67,21.82,1448.85,Two year,Bank transfer (automatic),No,2,78,Weekly,0
2083-XEAFF,43,102.55,4189.77,Month-to-month,Electronic check,Fiber optic,1,38,Weekly,1
9678-CZBSV,44,90.11,3900.83,Month-to-month,Credit card (automatic),Fiber optic,6,10,Weekly,0
9492-QDSIK,5,58.27,277.0,Month-to-month,Credit card (automatic),DSL,1,30,Rarely,1
2282-GUPEK,60,96.28,5985.4,Two year,Mailed check,Fiber optic,2,5,Weekly,0
1492-UYYDW,68,19.3,1274.49,One year,Bank transfer (automatic),No,0,21,Weekly,0
7433-OTKQG,43,84.35,3686.39,One year,Mailed check,DSL,0,3,Daily,0
1698-NFKKW,62,77.04,4963.77,Two year,Credit card (automatic),DSL,1,4,Weekly,0
6406-QQHLM,23,22.12,528.58,Month-to-month,Electronic check,No,2,6,Daily,0
1582-UEBNV,29,24.17,723.55,One year,Electronic check,No,0,5,Daily,0
7215-TVKFR,35,84.88,3010.42,Month-to-month,Bank transfer (automatic),DSL,0,18,Daily,0
3085-AXSNF,0,95.05,,Month-to-month,Electronic check,Fiber optic,2,49,Rarely,1
1865-GZAAJ,8,72.29,573.96,Month-to-month,Credit card (automatic),DSL,1,4,Daily,1
1599-FRBUU,65,42.91,2763.82,Two year,Credit card (automatic),DSL,0,17,Weekly,0
2696-FPRWT,66,82.99,5526.76,One year,Credit card (automatic),DSL,0,17,Weekly,0
5866-ZDPUG,44,78.04,3395.54,Two year,Electronic check,Fiber optic,3,20,Daily,0
1689-FCZWD,8,75.84,582.02,Month-to-month,Electronic check,DSL,4,0,Daily,1
8219-GLXVW,5,22.16,105.74,One year,Credit card (automatic),No,0,23,Weekly,0
6436-VQHPM,29,68.64,1972.04,Month-to-month,Mailed check,DSL,3,16,Weekly,0
3675-YLTER,21,66.42,1446.52,Month-to-month,Bank transfer (automatic),DSL,0,2,Daily,0
9878-LLTMB,4,58.11,237.21,One year,Bank transfer (automatic),DSL,1,10,Daily,0
6926-KZYPQ,5,116.18,569.61,Month-to-month,Credit card (automatic),Fiber optic,2,56,Rarely,1
7047-GUPAY,56,20.83,1217.22,Two year,Credit card (automatic),No,0,3,Weekly,0
2565-WCKTT,2,49.63,100.81,Month-to-month,Bank transfer (automatic),DSL,2,9,Weekly,1
7396-EBZXT,45,113.37,5274.55,Month-to-month,Bank transfer (automatic),Fiber optic,6,7,Daily,1
6032-RRLRH,69,52.53,3742.06,Month-to-month,Credit card (automatic),DSL,0,10,Weekly,0
9860-CIHHM,1,43.96,44.5,One year,Mailed check,DSL,0,12,Weekly,0
5301-DKMEL,42,46.2,2025.7,One year,Mailed check,DSL,1,44,Weekly,0
7101-RKASP,8,55.43,441.22,One year,Credit card (automatic),DSL,1,0,Daily,0
4069-KACCW,1,25.09,25.81,Month-to-month,Credit card (automatic),No,2,74,Rarely,1
1361-ILSRB,68,102.19,6743.06,Two year,Credit card (automatic),Fiber optic,3,3,Daily,0
2151-YGTVO,48,19.45,974.89,One year,Bank transfer (automatic),No,1,41,Rarely,0
8802-EOGWT,11,22.51,253.31,Month-to-month,Mailed check,No,2,15,Weekly,1
7642-VVEAQ,12,100.21,1175.01,One year,Credit card (automatic),Fiber optic,0,13,Daily,0
4281-PWQUJ,1,109.19,110.14,One year,Electronic check,Fiber optic,3,22,Weekly,1
7279-DALAN,69,64.93,4266.05,Two year,Electronic check,DSL,1,1,Rarely,0
1039-KGPRB,50,54.8,2747.3,Two year,Electronic check,DSL,2,53,Rarely,0
1334-MYHUI,31,84.81,2697.81,Month-to-month,Bank transfer (automatic),DSL,3,1,Daily,1
5564-HWJWR,7,50.94,351.76,Month-to-month,Bank transfer (automatic),DSL,0,18,Daily,1
6624-VVXOY,58,83.37,4951.25,Month-to-month,Bank transfer (automatic),DSL,3,75,Weekly,0
9432-BMKCW,65,80.15,5329.56,Two year,Bank transfer (automatic),Fiber optic,1,2,Daily,0
7836-UTQPJ,12,95.12,1191.03,Month-to-month,Credit card (automatic),Fiber optic,4,5,Daily,1
3315-RZGIC,27,75.36,2128.39,Month-to-month,Electronic check,Fiber optic,3,61,Weekly,1
8335-XNPGA,21,113.31,2310.09,One year,Bank transfer (automatic),Fiber optic,1,5,Daily,0
5423-UWITO,35,61.51,2114.91,Month-to-month,Mailed check,DSL,2,64,Weekly,1
8433-QEPEF,2,79.66,154.94,Month-to-month,Credit card (automatic),DSL,2,10,Weekly,0
2563-JFXAX,4,110.01,435.16,Month-to-month,Electronic check,Fiber optic,4,18,Rarely,1
1236-EWIXO,37,19.93,703.45,Month-to-month,Electronic check,No,0,22,Rarely,0
1519-MDLOZ,24,72.84,1744.88,One year,Electronic check,Fiber optic,2,4,Weekly,0
9916-GCGGY,27,25.38,711.72,Month-to-month,Electronic check,No,0,0,Daily,0
1724-DZCVK,47,97.26,4674.39,Month-to-month,Bank transfer (automatic),Fiber optic,3,8,Weekly,1
9453-BPSVE,8,24.89,200.42,Month-to-month,Credit card (automatic),No,1,3,Daily,0
7542-QOLXL,15,103.46,1513.07,Two year,Mailed check,Fiber optic,1,30,Daily,0
2314-JNYWS,60,24.27,1419.33,One year,Credit card (automatic),No,2,11,Weekly,0
8775-CHACV,23,61.23,1349.49,Month-to-month,Bank transfer (automatic),DSL,1,24,Weekly,0
2297-VCLHB,66,24.0,1517.91,Two year,Bank transfer (automatic),No,1,6,Daily,0
2289-JCTZK,57,114.56,6702.46,One year,Electronic check,Fiber optic,0,9,Daily,0
6179-GMZER,50,104.4,5450.68,One year,Credit card (automatic),Fiber optic,0,25,Weekly,0
3594-CHLJE,37,115.19,4409.79,One year,Mailed check,Fiber optic,1,22,Rarely,0
3617-URLKB,7,81.71,596.97,Month-to-month,Credit card (automatic),Fiber optic,1,7,Daily,0
2755-RFHWQ,68,24.52,1597.85,Two year,Mailed check,No,0,9,Weekly,0
6468-SGNAG,37,22.47,819.39,One year,Mailed check,No,2,20,Weekly,0
1241-UMQUY,55,72.95,3906.95,Two year,Bank transfer (automatic),Fiber optic,2,11,Weekly,0
3205-CPZFW,41,68.69,2702.96,Two year,Credit card (automatic),DSL,0,0,Daily,0
5980-PIUWD,28,100.42,2737.62,Two year,Electronic check,Fiber optic,1,30,Daily,0
5378-RYROD,2,118.06,239.45,Month-to-month,Credit card (automatic),Fiber optic,3,3,Daily,0
7298-LXULI,39,101.52,3952.74,One year,Electronic check,Fiber optic,1,11,Weekly,0
2945-UZHVI,44,45.01,2061.46,Month-to-month,Electronic check,DSL,2,3,Daily,0
6830-VZRMI,67,118.07,7620.03,Two year,Electronic check,Fiber optic,5,7,Daily,0
7838-BBVRF,57,85.27,4949.43,Two year,Bank transfer (automatic),Fiber optic,1,34,Weekly,0
4492-OWQXD,27,71.07,1935.74,Month-to-month,Bank transfer (automatic),DSL,0,1,Daily,1
3311-BRPRZ,36,66.52,2452.34,One year,Credit card (automatic),DSL,2,3,Daily,0
5994-CYBNV,5,55.35,275.87,Month-to-month,Mailed check,DSL,2,39,Rarely,1
6209-RFPXF,7,21.55,143.84,Month-to-month,Credit card (automatic),No,6,11,Weekly,1
1846-YQCIW,56,101.67,5631.99,Two year,Bank transfer (automatic),Fiber optic,0,2,Weekly,0
6085-IYKIW,54,112.28,5888.16,Month-to-month,Mailed check,Fiber optic,1,7,Weekly,0
2388-UGUGX,21,82.54,1700.15,One year,Bank transfer (automatic),DSL,1,30,Rarely,0
6118-ARERZ,51,118.06,5855.17,Month-to-month,Electronic check,Fiber optic,3,0,Daily,1
9385-RLVFO,7,44.37,314.76,Month-to-month,Bank transfer (automatic),DSL,1,21,Daily,0
5833-ZJALM,57,79.11,4699.94,One year,Mailed check,Fiber optic,2,4,Daily,0
7852-VUIUD,61,79.97,4706.09,Two year,Credit card (automatic),Fiber optic,2,4,Weekly,0
3787-EPSUQ,6,83.77,497.01,Month-to-month,Mailed check,DSL,2,23,Rarely,1
9303-DRLGI,49,19.23,922.1,One year,Electronic check,No,0,44,Daily,0
8314-VEOCS,12,23.73,273.81,Month-to-month,Mailed check,No,2,37,Rarely,0
9249-DYWWJ,24,116.45,2766.66,Two year,Mailed check,Fiber optic,4,10,Daily,0
7673-UDHDB,8,97.9,806.38,Month-to-month,Electronic check,Fiber optic,4,33,Rarely,1
6843-JOWAK,11,39.36,423.22,Month-to-month,Bank transfer (automatic),DSL,1,21,Weekly,0
5724-SFTOO,28,73.18,1999.87,Month-to-month,Electronic check,Fiber optic,1,5,Daily,1
9353-DEWWL,25,104.43,2722.49,One year,Bank transfer (automatic),Fiber optic,4,61,Weekly,1
8632-PONSO,2,21.49,43.61,One year,Mailed check,No,0,4,Weekly,0
4749-DCWTF,58,94.53,5363.97,Two year,Electronic check,Fiber optic,1,0,Daily,0
1770-BFPPE,1,72.19,68.81,Month-to-month,Bank transfer (automatic),Fiber optic,3,25,Weekly,1
1032-EFLGL,13,80.32,1095.43,Month-to-month,Mailed check,DSL,1,68,Rarely,1
3101-AYXIU,28,113.91,3341.3,One year,Credit card (automatic),Fiber optic,0,1,Daily,0
1563-NAHBS,8,99.2,807.01,Month-to-month,Bank transfer (automatic),Fiber optic,1,35,Rarely,1
2903-UQAGM,69,22.07,1465.72,Two year,Credit card (automatic),No,1,3,Daily,0
1985-DCHPC,36,89.09,3279.0,One year,Electronic check,Fiber optic,3,4,Daily,0
9828-ZLEAY,11,79.6,871.47,Month-to-month,Bank transfer (automatic),Fiber optic,1,11,Weekly,1
1858-PWUZX,15,82.23,1177.56,Month-to-month,Bank transfer (automatic),DSL,0,19,Weekly,1
6641-TWWGP,26,93.73,2347.18,One year,Credit card (automatic),Fiber optic,1,3,Daily,0
4164-ZWCCF,2,75.24,143.58,Month-to-month,Bank transfer (automatic),Fiber optic,4,6,Daily,1
2567-TKQDB,0,24.45,,Month-to-month,Electronic check,No,0,13,Rarely,1
7310-UHBFI,24,117.13,2826.48,One year,Mailed check,Fiber optic,3,3,Daily,0
9734-KXFPH,63,51.99,3352.6,Two year,Bank transfer (automatic),DSL,0,27,Rarely,0
8115-MHIPP,2,23.65,49.56,Month-to-month,Credit card (automatic),No,4,22,Weekly,0
9776-DEGXI,31,84.85,2757.74,Two year,Electronic check,DSL,2,0,Daily,0
6311-PLJAL,9,75.57,701.39,Month-to-month,Mailed check,Fiber optic,1,2,Daily,1
7061-ZYHNH,5,24.59,117.4,Month-to-month,Credit card (automatic),No,1,70,Rarely,1
2317-XOXWI,56,94.17,5248.38,One year,Bank transfer (automatic),Fiber optic,2,8,Daily,0
8670-LOGVO,9,23.52,202.14,Month-to-month,Mailed check,No,2,11,Daily,0
7730-FMVKS,9,19.86,181.19,Month-to-month,Bank transfer (automatic),No,0,7,Weekly,1
3285-ZIZKO,9,49.03,426.11,Month-to-month,Electronic check,DSL,0,2,Daily,0
4192-UBSOR,36,96.97,3545.72,One year,Mailed check,Fiber optic,3,2,Daily,0
6497-YMYOF,23,82.15,1842.79,Month-to-month,Mailed check,Fiber optic,1,20,Daily,0
1116-QEXDM,14,98.94,1406.23,One year,Electronic check,Fiber optic,1,9,Rarely,0
8360-VAMNI,21,19.16,411.66,Month-to-month,Credit card (automatic),No,1,16,Rarely,1
3525-RIJHQ,25,24.36,596.11,Month-to-month,Credit card (automatic),No,5,17,Daily,0
1674-WEKFG,0,83.29,,Month-to-month,Bank transfer (automatic),Fiber optic,1,6,Weekly,1
3975-ZSYQR,9,72.9,638.4,Month-to-month,Electronic check,DSL,2,22,Weekly,1
8521-SQVIC,7,46.5,312.4,Month-to-month,Bank transfer (automatic),DSL,2,15,Rarely,0
3467-MABBC,64,75.78,4890.67,One year,Credit card (automatic),DSL,0,4,Daily,0
5852-SPYHI,3,70.66,210.1,Month-to-month,Credit card (automatic),Fiber optic,2,73,Rarely,1
8306-MUYSN,6,78.28,485.19,Month-to-month,Electronic check,Fiber optic,3,24,Daily,1
1303-ZEMGE,27,54.54,1474.93,Two year,Bank transfer (automatic),DSL,0,8,Daily,0
7838-KTIVP,14,107.83,1472.66,Month-to-month,Electronic check,Fiber optic,2,42,Weekly,1
3597-SGWFJ,54,40.46,2190.15,Month-to-month,Bank transfer (automatic),DSL,0,20,Weekly,0
7259-URHGL,18,24.05,448.64,Two year,Electronic check,No,1,1,Daily,0
2692-LBGEE,0,20.27,,Month-to-month,Credit card (automatic),No,0,28,Weekly,1
2250-JARRF,46,84.85,3755.21,Two year,Bank transfer (automatic),DSL,1,3,Daily,0
8093-WPIFL,60,52.2,3248.84,Two year,Electronic check,DSL,1,6,Daily,0
8269-YAAKX,48,19.59,974.33,One year,Bank transfer (automatic),No,1,9,Weekly,0
9830-HTOFX,15,70.43,1093.47,Month-to-month,Mailed check,DSL,2,27,Daily,1
7093-ENRRW,16,20.58,321.84,Two year,Credit card (automatic),No,2,9,Rarely,0
5192-SRDHJ,0,63.85,,Month-to-month,Mailed check,DSL,3,81,Rarely,1
2753-JCCLS,62,107.45,6500.02,One year,Electronic check,Fiber optic,3,1,Daily,1
3656-XYMXL,59,108.8,6496.73,Month-to-month,Credit card (automatic),Fiber optic,1,63,Weekly,1
6832-MFQIM,10,80.7,776.43,Month-to-month,Credit card (automatic),Fiber optic,6,30,Rarely,1
4114-YOHRT,27,20.07,537.53,One year,Mailed check,No,1,12,Daily,0
5351-PBFDY,33,20.54,705.43,Month-to-month,Credit card (automatic),No,2,6,Daily,1
2512-IMXZF,3,89.14,254.58,Month-to-month,Electronic check,Fiber optic,2,22,Weekly,1
4953-WSPER,58,106.23,5948.0,Two year,Electronic check,Fiber optic,2,23,Weekly,0
3141-PLPFQ,37,96.29,3612.32,One year,Credit card (automatic),Fiber optic,1,19,Daily,0
2008-DHMEX,2,112.67,231.99,Month-to-month,Mailed check,Fiber optic,1,59,Rarely,1
2187-XMOHF,69,71.13,4877.08,One year,Credit card (automatic),DSL,1,6,Daily,0
5664-YKYBC,72,99.74,7369.78,Two year,Credit card (automatic),Fiber optic,0,8,Weekly,0
4297-MULVD,2,95.25,199.52,Month-to-month,Mailed check,Fiber optic,4,39,Rarely,1
1899-WLHQU,36,57.98,2128.08,One year,Credit card (automatic),DSL,0,2,Daily,0
5628-YCSIN,62,86.78,5349.62,Two year,Credit card (automatic),Fiber optic,2,11,Rarely,0
2478-MUKHM,29,19.81,581.97,One year,Mailed check,No,0,30,Daily,0
1138-RWAOB,62,20.53,1248.23,Month-to-month,Mailed check,No,2,13,Weekly,0
2192-QQWFU,1,113.7,109.1,Month-to-month,Credit card (automatic),Fiber optic,0,1,Weekly,0
5036-RRQOB,67,24.72,1597.46,Two year,Mailed check,No,0,6,Daily,0
9586-VKCPY,27,39.21,1052.06,Two year,Electronic check,DSL,0,8,Weekly,0
3174-SGVWI,1,49.31,48.24,Month-to-month,Electronic check,DSL,1,11,Weekly,0
3563-NVEJL,51,109.15,5313.16,Month-to-month,Mailed check,Fiber optic,5,32,Weekly,1
3183-AEPGG,9,98.4,874.79,Month-to-month,Mailed check,Fiber optic,3,60,Rarely,1
4196-HDQGQ,7,19.03,137.9,Two year,Mailed check,No,0,74,Weekly,1
7455-VMXFZ,0,24.56,,Month-to-month,Bank transfer (automatic),No,1,1,Daily,0
3898-IHZLT,2,106.54,221.65,Month-to-month,Credit card (automatic),Fiber optic,5,90,Rarely,1
6917-ULIMK,6,51.95,301.08,Month-to-month,Mailed check,DSL,2,90,Rarely,1
9083-KGXOU,4,73.22,291.68,Month-to-month,Credit card (automatic),DSL,2,58,Rarely,1
9514-RJIZA,12,113.01,1409.17,Month-to-month,Bank transfer (automatic),Fiber optic,0,1,Daily,0
6066-HTOQA,1,101.39,97.1,Month-to-month,Credit card (automatic),Fiber optic,5,14,Daily,1
7418-FPIMY,0,24.08,,Month-to-month,Mailed check,No,0,27,Daily,0
9271-QQFPY,64,41.25,2706.52,Two year,Mailed check,DSL,1,15,Weekly,0
8079-QUYXI,12,22.74,274.96,Month-to-month,Electronic check,No,2,90,Rarely,1
3699-HHUJV,57,106.55,5794.53,Two year,Bank transfer (automatic),Fiber optic,5,27,Weekly,1
2188-URDSF,10,92.44,928.65,Two year,Electronic check,Fiber optic,2,4,Daily,0
2033-OFBQL,12,57.61,666.96,Month-to-month,Mailed check,DSL,2,5,Daily,1
8937-QMJAH,28,64.9,1799.91,Two year,Mailed check,DSL,1,13,Weekly,0
6005-WTMAZ,31,102.73,3096.79,Month-to-month,Credit card (automatic),Fiber optic,2,11,Weekly,1
3666-TAFEX,32,24.62,808.04,Month-to-month,Bank transfer (automatic),No,3,23,Weekly,0
4109-YKEQH,70,109.59,7906.95,One year,Mailed check,Fiber optic,0,20,Rarely,0
3534-DGGBS,7,104.1,707.32,Two year,Electronic check,Fiber optic,0,39,Rarely,0
8216-JOOUT,3,117.7,358.09,Month-to-month,Electronic check,Fiber optic,4,29,Weekly,1
6511-OVOAW,53,63.75,3482.56,Month-to-month,Mailed check,DSL,1,3,Weekly,0
8913-ULKXL,3,59.39,177.03,Two year,Electronic check,DSL,1,1,Weekly,0
3715-JTIKU,65,20.98,1420.58,Two year,Electronic check,No,2,6,Weekly,0
5252-FAIEJ,32,76.03,2364.35,One year,Credit card (automatic),Fiber optic,3,4,Daily,0
2095-BPNHQ,6,20.17,116.5,Month-to-month,Electronic check,No,1,54,Rarely,1
9741-DAMEW,9,84.84,737.07,Month-to-month,Credit card (automatic),Fiber optic,2,5,Daily,1
5606-HLHLC,12,62.3,778.46,Month-to-month,Bank transfer (automatic),DSL,1,18,Daily,0
5976-YEKWL,13,118.39,1557.57,One year,Electronic check,Fiber optic,1,4,Weekly,0
4722-SBHTG,63,107.61,6519.58,Month-to-month,Electronic check,Fiber optic,4,37,Weekly,1
3438-KCNJW,9,113.06,1006.24,Month-to-month,Electronic check,Fiber optic,1,4,Daily,0
9534-KVXVT,67,47.34,3110.36,Two year,Electronic check,DSL,1,4,Weekly,0
5400-PMCDJ,2,40.11,83.24,Month-to-month,Credit card (automatic),DSL,2,60,Rarely,1
7072-RAYZC,1,70.13,69.11,One year,Credit card (automatic),Fiber optic,7,14,Rarely,1
1335-CWFEE,26,94.38,2352.19,Month-to-month,Credit card (automatic),Fiber optic,1,11,Weekly,1
3483-SDEKP,50,44.41,2111.91,One year,Mailed check,DSL,1,17,Weekly,0
8235-ZGGOK,24,79.18,1913.86,Month-to-month,Electronic check,Fiber optic,2,6,Daily,0
1790-PGQYR,66,78.62,5007.84,One year,Bank transfer (automatic),Fiber optic,0,4,Daily,0
1912-TBXSQ,18,104.62,1975.94,Month-to-month,Electronic check,Fiber optic,2,12,Weekly,1
8287-EORQD,55,82.85,4742.09,Month-to-month,Electronic check,DSL,0,5,Weekly,0
3778-BMSKR,60,19.41,1166.9,One year,Mailed check,No,0,30,Weekly,0
3464-ZXQSC,67,43.92,3001.32,One year,Electronic check,DSL,0,40,Weekly,0
6087-CSUFP,35,54.17,1838.83,Two year,Electronic check,DSL,0,16,Daily,0
2754-HCJLU,28,68.33,1821.45,Month-to-month,Mailed check,DSL,2,17,Weekly,0
1386-WYCYN,59,55.99,3146.95,Month-to-month,Bank transfer (automatic),DSL,3,29,Weekly,1
1040-EQBMV,19,83.51,1597.29,One year,Bank transfer (automatic),Fiber optic,2,9,Daily,1
1713-ZHEPE,12,44.3,514.05,Month-to-month,Electronic check,DSL,1,69,Rarely,1
2426-ZIEGJ,54,60.07,3313.45,Two year,Electronic check,DSL,3,18,Weekly,0
7264-TWTQH,28,40.62,1160.34,One year,Electronic check,DSL,1,7,Daily,0
3681-YZQUH,29,67.9,2060.13,One year,Electronic check,DSL,1,13,Weekly,0
1645-LULTW,53,109.94,5985.21,One year,Bank transfer (automatic),Fiber optic,0,25,Weekly,0
1129-YHMKN,8,83.55,672.65,Month-to-month,Electronic check,DSL,1,23,Rarely,1
5293-TIGGT,36,53.83,1907.98,Two year,Electronic check,DSL,1,2,Weekly,0
8560-ZCZAN,8,24.69,206.56,One year,Bank transfer (automatic),No,2,11,Weekly,0
4047-DYTJR,72,94.58,6596.34,Two year,Mailed check,Fiber optic,1,4,Daily,0
1574-WFQHS,16,51.31,796.31,Month-to-month,Mailed check,DSL,0,38,Weekly,0
3052-OSQQC,66,74.68,4993.22,One year,Electronic check,Fiber optic,0,30,Weekly,0
5493-WEKNW,12,59.56,749.52,Month-to-month,Electronic check,DSL,2,27,Weekly,1
2698-QEHFP,68,78.89,5140.8,Month-to-month,Electronic check,DSL,0,51,Weekly,1
9805-SSTSX,5,82.59,433.18,Two year,Credit card (automatic),DSL,0,6,Daily,0
7869-XHHBG,11,60.25,655.62,Two year,Mailed check,DSL,4,11,Weekly,0
4100-NRWPZ,62,74.56,4686.98,Month-to-month,Electronic check,DSL,1,47,Rarely,0
9562-OWVMW,34,48.8,1689.79,Month-to-month,Bank transfer (automatic),DSL,3,23,Rarely,1
3924-WIFDX,50,106.09,5334.76,One year,Credit card (automatic),Fiber optic,2,3,Daily,0
2261-LOHKK,30,39.99,1249.85,One year,Electronic check,DSL,0,18,Daily,0
9443-PEUKG,7,58.24,400.47,Month-to-month,Mailed check,DSL,2,25,Weekly,1
9636-ACGTW,28,24.27,695.55,One year,Mailed check,No,3,38,Rarely,0
3813-YHQGD,57,87.78,5025.17,One year,Bank transfer (automatic),Fiber optic,3,24,Weekly,1
6352-OQTDT,17,75.01,1309.2,Month-to-month,Electronic check,Fiber optic,2,45,Weekly,1
2559-HHAFM,68,117.1,8253.51,One year,Electronic check,Fiber optic,0,3,Daily,0
6774-EINCW,1,84.5,83.58,Month-to-month,Mailed check,Fiber optic,2,1,Daily,1
7210-ITQTH,45,72.05,3083.56,One year,Mailed check,Fiber optic,1,30,Weekly,0
7388-EDFOQ,71,89.79,6558.43,Two year,Bank transfer (automatic),Fiber optic,4,84,Weekly,1
6118-TZVJM,72,23.73,1645.91,Month-to-month,Bank transfer (automatic),No,0,15,Weekly,0
7336-YSKVD,8,88.61,693.35,Month-to-month,Credit card (automatic),Fiber optic,3,6,Daily,1
5994-RYNPB,7,80.43,567.23,Month-to-month,Bank transfer (automatic),DSL,0,7,Weekly,1
8377-PHZII,2,48.8,94.55,Month-to-month,Credit card (automatic),DSL,1,33,Daily,0
2616-KSYJF,10,65.62,679.51,Month-to-month,Bank transfer (automatic),DSL,1,53,Weekly,1
5350-TOLZM,68,75.19,5001.77,One year,Bank transfer (automatic),Fiber optic,2,5,Daily,0
4747-QZFXY,46,19.39,876.75,Month-to-month,Credit card (automatic),No,1,35,Weekly,0
5799-MIEBZ,8,79.47,649.95,Month-to-month,Mailed check,Fiber optic,0,37,Rarely,0
2278-LRGIV,63,80.56,4880.33,Month-to-month,Electronic check,Fiber optic,1,73,Rarely,0
3914-RFAVC,62,101.99,6424.52,One year,Credit card (automatic),Fiber optic,2,1,Daily,0
9586-AHYQB,9,111.16,953.16,Month-to-month,Electronic check,Fiber optic,1,19,Rarely,1
1947-XYSBA,50,111.98,5704.98,Two year,Electronic check,Fiber optic,1,0,Daily,0
6717-WVVMP,32,100.47,3181.96,Month-to-month,Credit card (automatic),Fiber optic,2,82,Rarely,1
6981-EAFQK,7,89.73,644.68,Month-to-month,Electronic check,Fiber optic,3,12,Weekly,1
5270-QLOYQ,55,82.84,4351.83,Two year,Electronic check,Fiber optic,2,6,Daily,0
1302-YZQZG,12,84.22,1052.04,Month-to-month,Credit card (automatic),Fiber optic,3,61,Rarely,1
1309-NBCDD,67,91.96,6067.41,Month-to-month,Mailed check,Fiber optic,1,1,Daily,0
3480-KSZZE,46,100.51,4572.2,Month-to-month,Mailed check,Fiber optic,1,4,Daily,0
1922-LLCBJ,68,22.66,1490.32,Two year,Electronic check,No,3,10,Weekly,0
1847-WKJZJ,11,106.94,1132.69,Two year,Mailed check,Fiber optic,0,61,Rarely,1
2440-RZDNI,17,76.22,1238.01,One year,Credit card (automatic),Fiber optic,3,15,Daily,0
2716-DBQQO,69,19.35,1282.74,Two year,Credit card (automatic),No,0,16,Weekly,0
8545-RSBAI,56,25.93,1459.98,Two year,Mailed check,No,2,5,Weekly,0
6747-OXZVH,54,85.32,4712.64,One year,Mailed check,Fiber optic,0,2,Daily,0
1273-ODMCZ,8,25.79,198.11,Two year,Bank transfer (automatic),No,0,6,Daily,0
6655-LSCYN,14,20.67,278.65,Month-to-month,Electronic check,No,0,59,Rarely,1
2230-BJFBA,25,41.97,1006.31,Two year,Bank transfer (automatic),DSL,2,18,Daily,0
4789-SWRSA,6,94.61,567.04,Month-to-month,Credit card (automatic),Fiber optic,2,73,Rarely,1
1342-EAZTY,41,79.57,3171.52,One year,Electronic check,Fiber optic,1,7,Daily,0
1811-XFNQT,68,113.63,7453.38,Two year,Mailed check,Fiber optic,1,8,Rarely,1
2193-RLAYR,46,21.74,992.11,Two year,Electronic check,No,2,14,Weekly,0
4899-VFCXU,1,59.29,59.84,One year,Electronic check,DSL,0,1,Daily,0
5167-VLXFT,66,88.9,5678.38,Two year,Bank transfer (automatic),Fiber optic,2,6,Daily,0
4174-MESJE,66,75.39,5113.71,One year,Electronic check,Fiber optic,3,9,Daily,0
6580-SUIZS,2,100.23,202.39,Month-to-month,Electronic check,Fiber optic,4,4,Weekly,1
7483-AIZEY,69,77.5,5486.57,Two year,Mailed check,Fiber optic,1,30,Weekly,0
7557-NRRNN,59,101.03,5859.21,One year,Bank transfer (automatic),Fiber optic,4,2,Daily,0
6210-OQTLL,7,57.41,397.56,Month-to-month,Electronic check,DSL,4,90,Rarely,1
5909-UTQLO,52,78.24,4264.03,Month-to-month,Mailed check,DSL,0,8,Daily,0
5423-OLENL,50,62.94,3180.0,Two year,Credit card (automatic),DSL,2,6,Daily,0
3141-BYRCF,68,79.87,5241.96,Two year,Electronic check,DSL,1,16,Rarely,0
5382-OWMVD,5,71.23,363.78,Month-to-month,Electronic check,Fiber optic,2,22,Rarely,1
1090-NVWGR,27,23.94,662.14,One year,Mailed check,No,1,20,Weekly,0
9695-BDXTF,72,64.71,4875.64,Two year,Electronic check,DSL,1,11,Weekly,0
4330-ZZBAG,47,78.19,3692.36,Two year,Credit card (automatic),Fiber optic,0,47,Rarely,0
7805-UPNKM,9,43.86,398.27,Month-to-month,Electronic check,DSL,0,19,Daily,1
9609-QBPFU,3,105.75,311.07,Month-to-month,Electronic check,Fiber optic,1,23,Daily,1
5472-FBLLN,57,56.27,3225.54,One year,Electronic check,DSL,1,7,Weekly,0
8755-WSJSN,33,42.51,1338.14,Two year,Electronic check,DSL,1,10,Weekly,0
5312-FAAFV,51,23.71,1248.32,Two year,Electronic check,No,1,6,Daily,0
2190-MLKGS,14,84.11,1200.47,Month-to-month,Mailed check,Fiber optic,4,39,Rarely,1
1238-APYWJ,58,52.8,3118.34,One year,Electronic check,DSL,3,19,Weekly,0
2220-WGGIA,9,42.78,391.98,Month-to-month,Mailed check,DSL,1,5,Daily,0
9481-GWTII,66,21.67,1389.8,One year,Mailed check,No,1,35,Rarely,0
5275-JDEZS,54,114.29,5890.33,Month-to-month,Electronic check,Fiber optic,3,27,Weekly,1
3872-RHWEZ,10,24.95,250.19,Month-to-month,Bank transfer (automatic),No,1,85,Rarely,1
5014-NITKH,7,86.06,604.84,Month-to-month,Electronic check,Fiber optic,2,13,Daily,1
3303-RSPMI,48,84.88,4218.13,One year,Mailed check,Fiber optic,3,26,Weekly,0
8834-KWJZD,72,112.02,8209.32,Two year,Credit card (automatic),Fiber optic,0,3,Weekly,0
9993-EIAWI,42,105.87,4370.28,One year,Credit card (automatic),Fiber optic,5,2,Daily,0
1764-CQYZC,29,20.03,581.92,Month-to-month,Credit card (automatic),No,0,64,Weekly,1
7467-UJVPT,65,80.32,5237.45,Two year,Mailed check,DSL,0,42,Rarely,0
4020-VXDSD,60,114.23,6991.1,Two year,Electronic check,Fiber optic,1,20,Weekly,0
1426-YQFHX,20,54.66,1120.91,Month-to-month,Mailed check,DSL,4,90,Rarely,1
9298-QFVSB,22,25.2,560.88,Month-to-month,Credit card (automatic),No,0,42,Daily,0
1556-HVJAP,11,102.19,1163.92,Month-to-month,Credit card (automatic),Fiber optic,0,2,Daily,1
2852-XOZCR,70,79.28,5449.28,Month-to-month,Mailed check,DSL,1,19,Weekly,0
1229-QZNVD,61,88.69,5583.06,Month-to-month,Bank transfer (automatic),Fiber optic,4,9,Rarely,1
5241-BSAWA,10,89.31,851.6,Month-to-month,Electronic check,Fiber optic,2,90,Weekly,1
6395-RLQQL,9,22.27,207.15,One year,Electronic check,No,1,2,Weekly,0
3885-MNRSL,10,82.78,812.02,Month-to-month,Credit card (automatic),Fiber optic,0,20,Weekly,0
1644-JBUFL,3,63.72,194.88,Month-to-month,Credit card (automatic),DSL,2,13,Weekly,0
2045-ZUIMI,65,94.69,6284.94,One year,Bank transfer (automatic),Fiber optic,3,2,Daily,0
9399-QDYZH,72,47.65,3388.27,Two year,Electronic check,DSL,0,8,Weekly,0
8252-FOQQB,27,113.43,2979.7,Month-to-month,Electronic check,Fiber optic,1,30,Weekly,1
9431-SBISX,5,75.07,384.88,Two year,Electronic check,Fiber optic,1,5,Daily,0
5776-QERAG,8,112.79,884.93,Month-to-month,Electronic check,Fiber optic,3,25,Rarely,1
5913-DZJOU,56,96.09,5286.01,Two year,Electronic check,Fiber optic,5,8,Weekly,0
8073-ZZEKK,8,61.17,496.45,One year,Electronic check,DSL,0,90,Weekly,1
6549-UIGTM,10,24.94,254.17,Two year,Electronic check,No,1,2,Daily,0
4927-TJMAA,69,21.9,1436.33,Month-to-month,Credit card (automatic),No,1,16,Weekly,0
3626-AEJBE,21,84.69,1778.83,Month-to-month,Electronic check,Fiber optic,0,26,Weekly,1
5369-WWHYD,72,77.66,5772.29,Two year,Electronic check,Fiber optic,1,1,Weekly,0
1575-AJGCW,4,103.36,409.44,Month-to-month,Mailed check,Fiber optic,4,24,Weekly,1
2731-ZHISY,4,110.4,435.02,Month-to-month,Bank transfer (automatic),Fiber optic,1,8,Rarely,1
7636-HRAOZ,48,62.47,3034.63,Month-to-month,Mailed check,DSL,0,17,Weekly,0
8811-MQRQR,64,83.7,5191.82,Two year,Bank transfer (automatic),Fiber optic,0,13,Daily,0
1915-XAWXX,65,82.28,5575.75,Two year,Bank transfer (automatic),DSL,1,6,Daily,0
1872-JPJVK,22,23.35,500.0,Month-to-month,Electronic check,No,0,6,Daily,0
1769-IRBJF,8,22.59,184.24,Month-to-month,Bank transfer (automatic),No,3,90,Weekly,1
8123-JLBWK,16,75.44,1228.35,Month-to-month,Electronic check,DSL,0,6,Daily,0
3800-JDZWM,11,86.2,968.4,Two year,Bank transfer (automatic),Fiber optic,2,15,Rarely,0
3940-IMYFR,0,72.87,,Month-to-month,Credit card (automatic),DSL,3,0,Daily,1
1112-XTWYB,25,55.13,1381.38,Two year,Electronic check,DSL,2,28,Weekly,0
9752-GDOKB,11,50.87,582.13,Two year,Electronic check,DSL,0,7,Daily,0
4905-OCKJX,4,81.29,328.77,Month-to-month,Credit card (automatic),Fiber optic,1,15,Weekly,0
8176-RQVEG,3,25.13,78.88,Month-to-month,Credit card (automatic),No,3,12,Weekly,0
7368-TTAFF,7,76.05,510.6,Month-to-month,Mailed check,DSL,1,59,Weekly,1
2275-ARBVP,48,20.06,995.95,Month-to-month,Electronic check,No,1,18,Daily,0
8211-TMZHO,64,73.4,4757.54,One year,Bank transfer (automatic),Fiber optic,2,4,Daily,0
5952-AVOEV,7,46.11,335.29,Month-to-month,Mailed check,DSL,1,10,Weekly,0
6438-ZBVTJ,2,84.92,167.3,Two year,Mailed check,Fiber optic,1,18,Daily,0
2802-QUMRB,69,99.58,6976.22,Month-to-month,Bank transfer (automatic),Fiber optic,2,16,Rarely,1
8621-YYFMG,10,102.27,1024.06,Month-to-month,Electronic check,Fiber optic,3,25,Weekly,1
9384-KHWSV,50,75.53,3874.93,Two year,Bank transfer (automatic),Fiber optic,1,18,Weekly,0
4658-USEVU,3,59.91,182.58,Month-to-month,Bank transfer (automatic),DSL,0,15,Weekly,0
1832-DCTKI,37,95.27,3663.5,One year,Electronic check,Fiber optic,0,21,Weekly,0
8638-KWJJK,9,82.57,737.9,Month-to-month,Mailed check,Fiber optic,5,30,Rarely,1
8985-BAKAT,57,23.97,1377.52,Two year,Mailed check,No,0,5,Daily,0
5557-LNITL,46,98.87,4707.3,Month-to-month,Mailed check,Fiber optic,2,84,Rarely,0
6211-AMEPO,1,72.62,73.04,Month-to-month,Mailed check,DSL,4,36,Rarely,1
3007-MKPRW,27,23.74,636.32,One year,Credit card (automatic),No,1,16,Weekly,0
1607-ZCRCK,30,80.26,2399.95,Month-to-month,Mailed check,DSL,3,90,Weekly,1
9496-TOVXZ,64,69.96,4599.44,Two year,Electronic check,DSL,0,24,Daily,0
5346-RRUGH,16,108.81,1817.52,One year,Bank transfer (automatic),Fiber optic,3,8,Daily,0
3474-ITJDU,7,62.43,424.07,Month-to-month,Electronic check,DSL,3,15,Weekly,0
7238-TPWUX,41,81.51,3258.32,One year,Electronic check,Fiber optic,2,6,Daily,0
1235-GDIVY,2,74.41,144.25,Month-to-month,Credit card (automatic),Fiber optic,0,23,Rarely,1
1719-CWMVR,61,22.17,1310.25,Two year,Bank transfer (automatic),No,1,6,Rarely,0
3183-BMCIT,60,108.72,6237.58,One year,Electronic check,Fiber optic,1,2,Daily,0
5055-RSRAP,0,98.29,,Month-to-month,Electronic check,Fiber optic,3,13,Weekly,1
4299-MNFSP,47,18.69,864.32,Month-to-month,Mailed check,No,0,13,Weekly,0
2685-KBBJN,56,81.6,4535.17,One year,Bank transfer (automatic),Fiber optic,2,7,Weekly,0
4161-ZSMHE,7,59.29,430.2,Month-to-month,Bank transfer (automatic),DSL,3,4,Daily,1
4004-DBXAW,16,89.51,1491.72,One year,Bank transfer (automatic),Fiber optic,1,6,Daily,0
5721-PQYUD,37,23.73,881.99,Month-to-month,Credit card (automatic),No,1,8,Daily,0
6064-ZEOQG,16,78.52,1205.74,One year,Mailed check,Fiber optic,1,17,Daily,0
8947-QQZXK,39,87.94,3414.67,Month-to-month,Credit card (automatic),Fiber optic,3,15,Rarely,1
8260-RVARX,41,96.0,4098.74,One year,Credit card (automatic),Fiber optic,3,4,Daily,0
3630-DTBKV,62,84.25,5433.36,Two year,Bank transfer (automatic),DSL,1,1,Daily,0
9123-ZSSGV,35,114.87,3950.13,One year,Electronic check,Fiber optic,0,56,Weekly,1
5686-RYPBN,71,88.51,6580.19,One year,Bank transfer (automatic),Fiber optic,4,6,Daily,0
2688-UUKEW,39,86.2,3302.75,Month-to-month,Credit card (automatic),Fiber optic,0,15,Daily,0
4060-VWRVK,28,116.06,3351.8,Month-to-month,Mailed check,Fiber optic,4,85,Weekly,0
7675-UMUDH,4,111.79,466.67,Month-to-month,Bank transfer (automatic),Fiber optic,0,47,Weekly,1
8395-FKVCS,14,104.44,1408.05,Two year,Mailed check,Fiber optic,2,18,Daily,0
4366-VRQDP,20,23.16,453.58,One year,Electronic check,No,0,8,Weekly,0
2418-FGWPZ,4,105.35,423.97,Two year,Credit card (automatic),Fiber optic,5,0,Daily,0
2726-LJZQW,10,23.82,235.07,Month-to-month,Mailed check,No,1,12,Weekly,0
1931-BNVVS,36,77.49,2923.33,Month-to-month,Credit card (automatic),DSL,0,33,Weekly,0
7287-EOCUQ,8,72.28,572.64,Month-to-month,Electronic check,DSL,2,3,Daily,1
5526-FSSBC,14,23.38,338.38,Month-to-month,Credit card (automatic),No,1,11,Daily,0
5060-FBNWB,3,115.44,335.86,Month-to-month,Electronic check,Fiber optic,1,14,Weekly,1
7046-PLVMR,41,25.56,1098.59,Month-to-month,Electronic check,No,1,30,Weekly,0
8457-XDIHE,56,90.22,5168.56,Two year,Mailed check,Fiber optic,2,6,Daily,0
8158-QAKDP,68,84.93,5494.53,One year,Electronic check,DSL,0,12,Weekly,0
2234-TMLLF,66,89.07,5686.02,Two year,Bank transfer (automatic),Fiber optic,2,3,Daily,0
6306-JYBUE,51,50.45,2470.61,Two year,Bank transfer (automatic),DSL,0,7,Daily,0
8941-CHGIW,0,80.06,,Month-to-month,Credit card (automatic),Fiber optic,3,9,Weekly,1
7963-XSDYW,7,75.77,548.1,Month-to-month,Credit card (automatic),Fiber optic,3,0,Weekly,1
3964-BKUCB,0,87.7,,Month-to-month,Electronic check,Fiber optic,5,5,Daily,1
4533-PILTO,4,116.95,471.46,Month-to-month,Bank transfer (automatic),Fiber optic,4,20,Weekly,1
9010-SDAGF,51,85.74,4423.96,Month-to-month,Credit card (automatic),Fiber optic,3,90,Daily,1
1295-IUDDF,63,25.4,1671.12,One year,Electronic check,No,2,0,Daily,0
5728-IFEPC,29,43.93,1267.91,Month-to-month,Mailed check,DSL,1,2,Daily,0
2044-EVABB,52,45.74,2438.05,Two year,Electronic check,DSL,0,28,Weekly,0
9050-NSSRB,57,46.5,2543.73,Two year,Credit card (automatic),DSL,1,28,Weekly,0
1348-IQRIW,28,96.65,2593.76,One year,Credit card (automatic),Fiber optic,0,5,Daily,0
1210-VTUZU,4,84.63,327.41,Month-to-month,Bank transfer (automatic),DSL,3,5,Daily,1
3960-PKJVH,57,79.9,4762.85,One year,Electronic check,Fiber optic,3,3,Daily,0
2801-QNJLC,62,54.36,3457.83,One year,Mailed check,DSL,1,1,Daily,0
5458-SBBGN,4,78.25,325.88,Month-to-month,Credit card (automatic),DSL,1,89,Rarely,1
3695-HWYKZ,6,95.76,565.36,Month-to-month,Electronic check,Fiber optic,0,4,Daily,1
4206-CDJYN,53,21.09,1080.6,Month-to-month,Mailed check,No,1,2,Daily,0
6083-SQMYY,60,58.44,3352.09,Two year,Electronic check,DSL,2,17,Rarely,0
6044-LSQPC,13,72.81,940.65,Month-to-month,Credit card (automatic),DSL,1,10,Weekly,1
9413-FZGQX,48,55.67,2798.25,Month-to-month,Bank transfer (automatic),DSL,0,7,Weekly,0
5325-PFWAS,43,23.47,962.99,One year,Bank transfer (automatic),No,0,37,Weekly,0
6077-GQMOJ,50,108.84,5674.46,One year,Electronic check,Fiber optic,2,16,Weekly,0
7100-NYVKY,39,18.93,721.73,Month-to-month,Mailed check,No,1,1,Daily,0
2567-XQPAN,53,73.49,3722.56,Month-to-month,Bank transfer (automatic),DSL,2,35,Rarely,1
7001-FEWHQ,70,82.44,5582.0,One year,Electronic check,DSL,0,23,Weekly,0
8756-WPUUL,65,73.9,4610.87,One year,Bank transfer (automatic),Fiber optic,2,6,Daily,0
3862-XXIVE,5,73.96,376.45,Month-to-month,Mailed check,Fiber optic,2,10,Weekly,0
2604-CNPPU,68,23.12,1643.81,One year,Mailed check,No,2,6,Daily,0
4115-KVXCL,47,70.12,3456.64,One year,Bank transfer (automatic),DSL,0,34,Rarely,0
3475-FRKHG,1,21.97,21.03,Month-to-month,Electronic check,No,2,9,Daily,1
6265-JCCQY,27,115.38,3129.95,Month-to-month,Mailed check,Fiber optic,0,30,Weekly,1
8772-NYEZP,39,76.14,2950.09,Two year,Bank transfer (automatic),Fiber optic,4,10,Weekly,0
6367-TBPJX,44,19.39,834.35,Month-to-month,Electronic check,No,3,63,Daily,0
2129-UWXSG,23,70.5,1627.73,Two year,Electronic check,Fiber optic,2,14,Weekly,1
3831-HWPXU,12,109.87,1284.87,Two year,Mailed check,Fiber optic,0,18,Daily,0
7203-PDZGG,8,74.37,579.49,Month-to-month,Credit card (automatic),Fiber optic,1,2,Daily,1
3972-DBJVW,72,66.76,5025.52,Month-to-month,Bank transfer (automatic),DSL,1,36,Weekly,0
6276-MIJXB,7,81.76,586.55,One year,Mailed check,DSL,0,26,Weekly,0
7245-BBXCY,45,18.89,872.63,Month-to-month,Credit card (automatic),No,3,27,Weekly,0
3962-EOZDH,37,19.38,717.85,Month-to-month,Mailed check,No,2,5,Daily,0
6826-SVXAU,1,25.03,24.84,One year,Electronic check,No,0,7,Rarely,0
4582-IOXXE,5,83.46,412.41,Month-to-month,Credit card (automatic),Fiber optic,2,1,Weekly,1
2215-MHPVI,36,90.48,3138.92,One year,Credit card (automatic),Fiber optic,3,11,Weekly,0
4349-DBBJZ,57,65.69,3921.4,Two year,Credit card (automatic),DSL,1,0,Daily,0
4968-GKRRH,70,104.75,7461.19,Two year,Electronic check,Fiber optic,1,20,Weekly,0
1021-DEFCL,46,78.92,3633.13,One year,Mailed check,Fiber optic,0,1,Daily,0
9033-QRXHR,8,112.38,910.72,One year,Mailed check,Fiber optic,2,4,Daily,0
5750-XAUCO,39,107.55,4403.0,Month-to-month,Mailed check,Fiber optic,1,7,Daily,0
1326-VLOQP,22,43.17,926.02,One year,Electronic check,DSL,4,1,Weekly,0
8811-TWDKW,35,75.25,2733.5,One year,Electronic check,Fiber optic,2,27,Weekly,0
8695-JMTYG,34,104.3,3404.49,Month-to-month,Electronic check,Fiber optic,2,30,Weekly,1
1108-YSAWJ,38,22.05,796.47,Month-to-month,Electronic check,No,2,0,Daily,0
2468-HNOOB,2,91.95,191.48,Month-to-month,Mailed check,Fiber optic,3,14,Daily,1
4273-VIDOQ,51,80.55,3938.22,One year,Electronic check,Fiber optic,2,1,Daily,0
5564-CYPZR,43,104.55,4579.36,One year,Mailed check,Fiber optic,2,20,Daily,0
7531-AFZOD,8,44.25,353.25,Month-to-month,Electronic check,DSL,0,9,Daily,0
4818-BNPGF,71,56.17,3952.52,Two year,Bank transfer (automatic),DSL,0,3,Daily,0
6504-PLABG,11,23.92,276.01,One year,Credit card (automatic),No,0,44,Rarely,1
1091-OHAXS,1,84.11,82.62,Month-to-month,Bank transfer (automatic),DSL,0,12,Daily,1
6926-PGSYR,12,80.3,924.42,Month-to-month,Electronic check,Fiber optic,4,2,Daily,1
9237-HKYAF,54,100.84,5306.13,Two year,Electronic check,Fiber optic,0,25,Weekly,0
5735-CQLDY,46,18.98,913.56,Two year,Credit card (automatic),No,1,3,Daily,0
5093-OGYSD,36,82.95,3116.24,One year,Mailed check,Fiber optic,1,5,Daily,0
3673-VBXKH,6,74.68,438.76,Month-to-month,Bank transfer (automatic),Fiber optic,4,34,Weekly,1
9587-BYOPW,2,110.29,221.59,Month-to-month,Bank transfer (automatic),Fiber optic,2,5,Daily,1
1298-NHUNG,26,58.23,1527.78,One year,Electronic check,DSL,1,4,Daily,0
3580-VVGQX,13,113.23,1542.58,One year,Electronic check,Fiber optic,1,4,Weekly,1
2248-UFWBQ,0,40.85,,Month-to-month,Bank transfer (automatic),DSL,3,11,Weekly,1
8795-NASHW,34,103.87,3655.05,One year,Electronic check,Fiber optic,1,12,Weekly,1
5342-WPQBX,69,62.66,4169.98,Two year,Mailed check,DSL,0,2,Daily,0
9300-RJCNX,35,23.7,828.96,Two year,Electronic check,No,1,15,Weekly,0
6985-WCTCJ,21,83.47,1799.15,Month-to-month,Mailed check,DSL,0,46,Rarely,1
6010-LADWQ,47,83.75,3755.93,One year,Mailed check,DSL,3,3,Daily,0
5656-UOLAO,0,110.29,,Month-to-month,Mailed check,Fiber optic,2,5,Daily,1
2823-UFMKW,37,48.69,1881.7,One year,Mailed check,DSL,0,0,Weekly,0
6057-ECFEW,2,73.93,152.0,Month-to-month,Electronic check,DSL,0,1,Daily,0
7166-GJGVR,53,25.68,1311.91,Two year,Mailed check,No,0,5,Daily,0
9687-MUBRJ,27,54.93,1481.52,One year,Mailed check,DSL,0,14,Weekly,0
5940-JECSW,45,86.94,3896.55,Month-to-month,Mailed check,Fiber optic,4,8,Weekly,0
9448-XGTCU,50,93.18,4482.18,Month-to-month,Mailed check,Fiber optic,1,9,Weekly,1
9499-OWBUM,1,70.97,69.61,Month-to-month,Mailed check,DSL,0,32,Rarely,1
5702-OOSPK,4,50.4,195.16,Month-to-month,Mailed check,DSL,2,14,Weekly,1
4953-LBSSO,61,77.67,4969.26,Two year,Electronic check,Fiber optic,2,29,Daily,0
2284-SGFYY,12,20.65,247.91,Month-to-month,Bank transfer (automatic),No,1,7,Daily,1
3416-WBOTA,21,101.31,2053.88,One year,Mailed check,Fiber optic,1,34,Rarely,1
8910-ZUINX,5,40.94,204.03,Month-to-month,Electronic check,DSL,0,37,Weekly,1
2244-WVZTY,36,81.67,2819.62,Month-to-month,Electronic check,DSL,0,60,Rarely,0
4573-YARIM,18,97.04,1806.39,Month-to-month,Mailed check,Fiber optic,3,9,Weekly,1
7287-ERVKS,69,75.15,5257.61,One year,Electronic check,Fiber optic,1,25,Weekly,1
3165-ITCWJ,53,105.07,5580.31,Two year,Electronic check,Fiber optic,2,2,Daily,0
9766-NUAYP,42,83.91,3605.24,Month-to-month,Electronic check,Fiber optic,2,3,Weekly,0
6844-ZOFPO,63,24.25,1498.59,Two year,Credit card (automatic),No,0,14,Weekly,0
1255-XOKEI,57,25.1,1417.4,Month-to-month,Mailed check,No,1,37,Weekly,0
3224-PJJAY,4,94.43,362.25,Month-to-month,Credit card (automatic),Fiber optic,0,4,Daily,0
7663-VGDVV,21,19.88,406.69,Month-to-month,Mailed check,No,2,6,Daily,1
8767-XOTSF,6,92.91,531.4,Month-to-month,Bank transfer (automatic),Fiber optic,1,14,Weekly,1
9341-NGTZB,4,65.27,250.75,Month-to-month,Mailed check,DSL,1,0,Weekly,0
8659-BGDAZ,62,87.45,5505.58,Two year,Electronic check,Fiber optic,1,31,Rarely,0
1672-PUOTR,63,107.31,6575.12,One year,Credit card (automatic),Fiber optic,2,1,Daily,0
7566-EDMJV,68,20.54,1327.83,One year,Credit card (automatic),No,1,14,Rarely,0
1991-HINFW,14,24.81,336.77,Two year,Bank transfer (automatic),No,0,2,Weekly,0
1688-AWQXH,4,91.22,357.86,Month-to-month,Bank transfer (automatic),Fiber optic,2,9,Weekly,1
7226-XWLHF,7,98.45,664.43,Month-to-month,Mailed check,Fiber optic,2,6,Daily,0
5303-DPYOZ,2,41.58,80.77,Month-to-month,Electronic check,DSL,2,38,Rarely,1
6831-TRSYW,1,80.19,84.01,Month-to-month,Mailed check,Fiber optic,1,12,Weekly,1
8662-EPLWF,39,91.27,3390.11,Month-to-month,Bank transfer (automatic),Fiber optic,2,3,Daily,0
1619-VMYUI,25,105.84,2663.17,One year,Mailed check,Fiber optic,4,27,Weekly,0
5747-VEANK,2,83.68,172.11,Month-to-month,Credit card (automatic),DSL,1,14,Weekly,0
8508-DZBPG,6,73.52,462.36,Month-to-month,Bank transfer (automatic),Fiber optic,3,6,Daily,1
4962-HFKRI,7,82.1,566.57,Month-to-month,Electronic check,DSL,3,30,Weekly,1
5710-SLULJ,54,84.94,4497.16,Month-to-month,Electronic check,Fiber optic,2,5,Daily,0
5480-NRMXN,3,84.2,250.66,One year,Electronic check,DSL,0,23,Weekly,0
9163-HAKBA,11,18.84,209.89,One year,Mailed check,No,3,9,Daily,0
1448-JHXSU,39,22.32,865.28,Two year,Credit card (automatic),No,0,14,Weekly,0
8901-OCWML,9,107.71,952.88,Month-to-month,Credit card (automatic),Fiber optic,4,6,Daily,0
8346-PEMPS,7,55.12,401.74,Two year,Bank transfer (automatic),DSL,2,2,Weekly,0
8311-NZZCC,60,117.23,6971.24,Two year,Electronic check,Fiber optic,1,5,Weekly,0
4710-NVNFO,12,81.54,947.76,Month-to-month,Credit card (automatic),DSL,0,23,Weekly,1
5642-YELQK,12,54.24,683.18,Month-to-month,Credit card (automatic),DSL,1,49,Rarely,0
4320-BRTRR,8,70.2,565.32,Month-to-month,Bank transfer (automatic),Fiber optic,5,37,Weekly,1
3265-RIAZF,2,47.07,97.44,Month-to-month,Electronic check,DSL,2,7,Daily,0
8878-VOOAZ,57,18.74,1049.05,Two year,Electronic check,No,0,2,Daily,0
5553-NVUDY,62,23.6,1423.9,Two year,Mailed check,No,2,26,Rarely,0
7509-PEPQQ,33,19.56,625.47,Month-to-month,Electronic check,No,0,8,Weekly,0
1907-IYGMV,25,61.07,1565.72,Month-to-month,Bank transfer (automatic),DSL,2,43,Rarely,1
8099-CKMUU,9,79.09,745.03,Month-to-month,Bank transfer (automatic),Fiber optic,0,39,Weekly,1
6928-UJMAV,19,78.88,1564.88,One year,Credit card (automatic),DSL,1,44,Rarely,0
9977-HMRUC,11,84.28,946.29,Month-to-month,Mailed check,Fiber optic,2,21,Weekly,1
2205-TJKDS,51,103.85,5414.45,Two year,Electronic check,Fiber optic,1,18,Weekly,0
5859-MCDSC,63,98.42,6054.72,Two year,Electronic check,Fiber optic,0,8,Weekly,0
5600-NSXEH,4,56.27,222.27,Month-to-month,Electronic check,DSL,1,9,Daily,0
5845-EWPZB,71,73.95,5022.72,Two year,Electronic check,DSL,2,9,Weekly,0
1489-SACLJ,2,44.26,89.08,Month-to-month,Bank transfer (automatic),DSL,2,11,Weekly,0
5257-JBOIZ,3,71.7,224.96,Month-to-month,Bank transfer (automatic),DSL,1,47,Weekly,1
3695-ULTOM,12,47.25,576.31,Month-to-month,Credit card (automatic),DSL,2,38,Rarely,1
6555-XPMOU,11,19.11,208.78,One year,Electronic check,No,0,14,Rarely,0
3088-TOEQL,4,83.53,327.63,Month-to-month,Bank transfer (automatic),DSL,0,20,Weekly,0
4915-YXAZX,53,46.91,2484.71,Two year,Bank transfer (automatic),DSL,2,13,Daily,0
6579-XMHPW,5,20.49,100.87,Month-to-month,Electronic check,No,2,46,Rarely,1
1576-LZGWB,2,18.58,38.74,Month-to-month,Bank transfer (automatic),No,1,16,Daily,1
8080-VYSQK,3,102.83,314.96,Month-to-month,Electronic check,Fiber optic,3,21,Weekly,1
7440-WDHDH,1,24.2,23.62,Month-to-month,Electronic check,No,1,34,Rarely,1
1515-NIKGJ,10,39.95,396.93,Month-to-month,Mailed check,DSL,4,8,Weekly,0
1582-MFYXW,3,95.08,271.34,Month-to-month,Bank transfer (automatic),Fiber optic,0,25,Weekly,1
8651-AMUJG,2,24.86,47.34,Month-to-month,Mailed check,No,2,6,Daily,0
3549-PAPLR,8,108.18,860.7,Month-to-month,Credit card (automatic),Fiber optic,1,13,Daily,1
8746-RNPAZ,1,75.98,75.5,Month-to-month,Electronic check,DSL,0,84,Rarely,1
5492-BZZST,18,73.31,1255.16,Month-to-month,Mailed check,Fiber optic,3,9,Weekly,1
4080-AYNIR,66,83.72,5452.03,One year,Bank transfer (automatic),Fiber optic,3,20,Weekly,0
3461-NJIDX,5,22.41,109.49,Month-to-month,Mailed check,No,0,74,Weekly,1
6930-RHSSD,69,94.78,6395.71,Two year,Bank transfer (automatic),Fiber optic,2,8,Weekly,0
1987-EGCVE,15,73.85,1089.67,One year,Electronic check,DSL,0,6,Rarely,0
4623-VNDVE,25,114.6,2893.06,Month-to-month,Bank transfer (automatic),Fiber optic,2,60,Rarely,1
4112-ZAQIN,63,71.97,4635.87,Two year,Credit card (automatic),DSL,2,8,Weekly,0
2387-VUHBH,44,61.16,2661.89,Month-to-month,Bank transfer (automatic),DSL,1,50,Weekly,0
4175-VNTMN,67,66.16,4646.21,One year,Mailed check,DSL,1,41,Rarely,0
5757-BASFJ,10,70.18,707.55,Month-to-month,Electronic check,Fiber optic,3,28,Weekly,1
7097-JQYTQ,16,91.86,1498.17,One year,Electronic check,Fiber optic,1,5,Daily,0
1777-VNDMZ,31,75.51,2329.68,Month-to-month,Credit card (automatic),Fiber optic,3,25,Daily,1
8850-UJIXC,50,72.65,3792.17,One year,Credit card (automatic),DSL,0,5,Daily,0
8905-YRVIQ,37,107.89,4007.4,One year,Electronic check,Fiber optic,3,4,Daily,0
7227-IALZG,55,118.48,6675.99,One year,Mailed check,Fiber optic,0,8,Daily,0
9317-EXXWZ,24,92.45,2223.41,One year,Electronic check,Fiber optic,2,7,Daily,1
4851-ZXZTI,61,19.15,1211.06,Two year,Electronic check,No,1,7,Rarely,0
8393-LJNSG,49,19.54,982.81,Month-to-month,Bank transfer (automatic),No,2,13,Rarely,0
7544-APZWA,69,80.75,5752.88,Two year,Credit card (automatic),DSL,1,22,Rarely,0
6062-PNLRL,46,19.97,878.48,Two year,Mailed check,No,0,1,Daily,0
2615-XXQLP,63,21.22,1346.53,Two year,Credit card (automatic),No,1,31,Rarely,0
6017-XHWPB,2,76.47,153.29,Month-to-month,Credit card (automatic),Fiber optic,0,9,Rarely,1
9111-TFNYU,64,24.64,1559.56,Two year,Bank transfer (automatic),No,1,8,Weekly,0
9860-SBWIB,58,84.61,4798.31,Month-to-month,Bank transfer (automatic),Fiber optic,4,46,Daily,0
5032-YEIDQ,30,21.29,658.98,Month-to-month,Electronic check,No,1,12,Weekly,0
3230-WNWYW,7,106.01,726.45,Month-to-month,Credit card (automatic),Fiber optic,6,4,Daily,1
7726-EFHQW,5,22.98,115.67,Month-to-month,Electronic check,No,1,24,Weekly,1
1683-IREOU,0,66.39,,Month-to-month,Bank transfer (automatic),DSL,0,11,Weekly,1
2359-KEKTY,1,72.46,72.53,Month-to-month,Credit card (automatic),Fiber optic,4,5,Daily,1
6056-QRKYW,22,49.04,1125.68,One year,Electronic check,DSL,1,8,Daily,0
9910-ZWOYP,56,20.57,1197.23,Two year,Mailed check,No,1,8,Weekly,0
3958-PREVJ,67,84.77,5730.18,Two year,Mailed check,DSL,0,12,Weekly,0
4989-RVCHY,25,80.9,1962.41,One year,Electronic check,Fiber optic,3,49,Rarely,0
3900-JROWN,52,21.3,1072.7,One year,Electronic check,No,0,9,Daily,0
4964-LAMPR,62,79.34,4726.82,Two year,Bank transfer (automatic),Fiber optic,1,2,Daily,0
1063-UULCG,72,92.99,6669.8,Two year,Credit card (automatic),Fiber optic,3,53,Rarely,0
6351-KZUXZ,19,70.0,1288.72,Month-to-month,Electronic check,Fiber optic,2,16,Weekly,1
6365-DAOGW,67,108.97,7260.72,Two year,Bank transfer (automatic),Fiber optic,1,57,Weekly,0
3839-MAFIA,33,25.12,816.46,One year,Bank transfer (automatic),No,1,52,Rarely,0
3376-IOXQC,4,22.18,84.56,Month-to-month,Electronic check,No,1,72,Rarely,1
7853-KTJOZ,30,110.99,3425.94,One year,Electronic check,Fiber optic,1,15,Weekly,1
2690-DMPUV,72,70.24,5285.06,Two year,Credit card (automatic),Fiber optic,3,9,Weekly,0
1423-HMVVV,9,91.21,813.19,Month-to-month,Mailed check,Fiber optic,3,40,Rarely,1
1363-RGJRG,50,19.78,970.56,Two year,Credit card (automatic),No,0,23,Weekly,0
8934-RNLJU,49,88.94,4161.61,Month-to-month,Credit card (automatic),Fiber optic,6,41,Rarely,1
4278-MHJMQ,32,90.47,2755.47,Month-to-month,Credit card (automatic),Fiber optic,3,14,Weekly,1
1916-ZIEZD,2,102.92,208.61,Month-to-month,Electronic check,Fiber optic,3,39,Rarely,1
8909-XDJZE,0,75.9,,Two year,Mailed check,DSL,0,44,Rarely,0
2337-EPEAS,42,25.56,1104.08,Month-to-month,Electronic check,No,2,21,Daily,0
4029-YTZNP,52,52.79,2757.31,One year,Mailed check,DSL,0,5,Rarely,0
1186-ZNBGQ,39,70.7,2672.75,Month-to-month,Credit card (automatic),DSL,3,6,Daily,0
7110-WPKIR,2,110.62,229.27,Month-to-month,Bank transfer (automatic),Fiber optic,2,15,Weekly,1
7293-XHOLG,4,89.4,371.46,One year,Electronic check,Fiber optic,1,21,Weekly,0
7808-KCNCM,9,97.19,899.25,Month-to-month,Electronic check,Fiber optic,3,6,Daily,1
3367-XDGSX,33,70.59,2434.66,Month-to-month,Electronic check,DSL,1,22,Weekly,0
3952-YDGZN,29,42.63,1282.73,Two year,Electronic check,DSL,1,13,Weekly,0
9442-VADFC,0,67.59,,Two year,Electronic check,DSL,0,1,Daily,0
8393-XUKCC,19,96.32,1892.62,One year,Mailed check,Fiber optic,2,3,Daily,0
1334-GSUOX,51,20.81,1085.85,Two year,Mailed check,No,2,16,Rarely,0
7226-YTCXX,14,25.96,363.18,One year,Mailed check,No,3,32,Rarely,0
8313-OPUPI,1,73.96,73.3,Month-to-month,Electronic check,Fiber optic,2,24,Rarely,0
6032-SUDRE,33,116.1,3906.71,Two year,Electronic check,Fiber optic,1,6,Daily,0
6758-OCZRM,56,100.92,5409.1,Two year,Mailed check,Fiber optic,1,7,Weekly,0
1008-NQDNS,9,18.95,173.57,Month-to-month,Electronic check,No,2,38,Weekly,0
1270-GMIEZ,12,78.77,937.66,Month-to-month,Electronic check,Fiber optic,2,51,Rarely,1
1315-PKIRC,43,74.97,3185.64,Month-to-month,Credit card (automatic),DSL,1,8,Weekly,0
2430-OFXUT,12,48.02,574.52,Month-to-month,Electronic check,DSL,1,4,Daily,1
9916-DCLJS,64,72.27,4826.4,Two year,Electronic check,Fiber optic,1,14,Weekly,0
6708-SKEIN,52,96.54,5260.19,Two year,Electronic check,Fiber optic,2,15,Rarely,0
8039-GIGBP,4,25.99,108.91,Month-to-month,Electronic check,No,0,1,Weekly,0
3659-ZYYRT,66,56.45,3780.11,One year,Credit card (automatic),DSL,2,5,Daily,0
9437-BFSZX,20,21.81,449.64,One year,Credit card (automatic),No,1,4,Weekly,0
2790-QCZIB,28,24.3,657.72,Month-to-month,Mailed check,No,2,86,Rarely,1
9119-TEHRZ,11,99.04,1092.59,Month-to-month,Electronic check,Fiber optic,1,2,Daily,1
1277-XEEVI,13,51.43,655.99,One year,Bank transfer (automatic),DSL,0,3,Weekly,0
1183-CPRZM,71,64.19,4407.73,One year,Electronic check,DSL,1,0,Daily,0
1709-UNYMR,5,92.32,471.01,Month-to-month,Bank transfer (automatic),Fiber optic,2,3,Daily,1
8125-ZWKNP,0,39.75,,Month-to-month,Bank transfer (automatic),DSL,2,1,Daily,0
3317-DGSBP,67,19.31,1341.05,Two year,Credit card (automatic),No,1,2,Daily,0
5059-MMVHU,32,99.34,3335.33,Month-to-month,Electronic check,Fiber optic,1,3,Daily,0
5241-UZVNJ,1,19.62,19.27,Month-to-month,Electronic check,No,0,58,Rarely,1
8105-UYHJM,6,107.3,620.14,Month-to-month,Electronic check,Fiber optic,3,36,Weekly,1
4138-CIEUM,61,61.59,3866.01,One year,Bank transfer (automatic),DSL,1,0,Weekly,0
1060-PCOSR,60,74.17,4584.06,One year,Credit card (automatic),Fiber optic,1,4,Daily,0
4477-UCOMX,9,116.16,1074.9,Month-to-month,Mailed check,Fiber optic,6,3,Weekly,1
3593-RYALS,7,77.56,554.09,Month-to-month,Electronic check,DSL,2,17,Daily,1
7577-CQGBR,14,68.39,985.14,Two year,Bank transfer (automatic),DSL,0,1,Daily,0
7761-LKIRQ,61,106.16,6710.77,Two year,Mailed check,Fiber optic,4,19,Weekly,0
1827-RUPBE,12,102.26,1169.99,Month-to-month,Electronic check,Fiber optic,3,14,Rarely,1
8136-ZHLJZ,30,39.59,1246.08,Month-to-month,Mailed check,DSL,4,90,Rarely,1
1634-VMROQ,46,100.1,4726.51,Month-to-month,Bank transfer (automatic),Fiber optic,2,1,Daily,0
6576-YRCNV,6,20.33,122.53,Month-to-month,Mailed check,No,4,18,Weekly,0
4503-BJFSD,5,115.97,574.01,Month-to-month,Bank transfer (automatic),Fiber optic,2,90,Weekly,1
3711-QBYIK,63,57.82,3820.46,One year,Bank transfer (automatic),DSL,0,25,Weekly,0
5348-UJCXC,65,104.18,6495.99,Two year,Mailed check,Fiber optic,2,1,Daily,0
3792-MDSHY,1,77.22,79.29,Month-to-month,Credit card (automatic),Fiber optic,2,49,Rarely,1
8143-FRACH,69,22.05,1466.02,One year,Bank transfer (automatic),No,0,43,Weekly,0
9699-WZPII,22,75.06,1661.09,Month-to-month,Mailed check,Fiber optic,2,4,Daily,0
8341-FIMRF,53,57.7,3047.62,One year,Mailed check,DSL,0,13,Daily,0
4952-AOGKS,55,64.78,3423.07,Two year,Electronic check,DSL,2,2,Rarely,0
5529-XNYGS,38,68.09,2504.23,One year,Bank transfer (automatic),DSL,2,19,Rarely,0
5023-ZFTMW,32,89.18,2814.23,One year,Bank transfer (automatic),Fiber optic,5,11,Weekly,0
8141-HYUSA,4,46.31,182.0,Month-to-month,Electronic check,DSL,0,2,Daily,0
5970-CRMIV,29,23.45,662.02,Month-to-month,Bank transfer (automatic),No,1,16,Weekly,0
5212-MLIZJ,40,70.58,2819.38,Month-to-month,Bank transfer (automatic),Fiber optic,2,46,Weekly,0
4685-GRAPO,37,109.22,4079.51,One year,Electronic check,Fiber optic,2,3,Daily,0
4375-GTBZW,8,70.06,572.55,Month-to-month,Electronic check,DSL,1,19,Weekly,0
5973-EMFQJ,56,74.61,4104.25,Two year,Credit card (automatic),DSL,0,20,Weekly,0
7200-MYQWQ,61,117.22,7257.09,Two year,Electronic check,Fiber optic,0,31,Rarely,0
4890-MACNN,10,85.86,867.88,Month-to-month,Credit card (automatic),Fiber optic,6,5,Weekly,1
8259-NVCRT,17,95.84,1662.44,Month-to-month,Credit card (automatic),Fiber optic,2,32,Weekly,1
8439-QGKBE,48,100.68,5053.11,One year,Bank transfer (automatic),Fiber optic,0,25,Weekly,1
4861-UQWRG,25,22.89,595.19,Month-to-month,Mailed check,No,1,68,Rarely,1
9180-VREAT,55,100.73,5727.1,Two year,Electronic check,Fiber optic,3,7,Daily,0
2557-SCMXU,29,82.33,2437.88,Month-to-month,Electronic check,DSL,2,28,Daily,1
9388-VKDJR,2,61.26,119.84,Month-to-month,Electronic check,DSL,4,40,Rarely,1
3646-VQBPE,45,24.96,1083.53,Two year,Bank transfer (automatic),No,2,8,Weekly,0
6078-PKNPQ,19,68.04,1317.96,Month-to-month,Credit card (automatic),DSL,4,90,Daily,1
3551-AZONJ,9,75.0,681.02,Month-to-month,Electronic check,DSL,1,21,Daily,1
4978-CQJXR,52,20.96,1097.23,One year,Electronic check,No,1,1,Daily,0
4060-LAOVM,41,54.14,2265.84,Month-to-month,Electronic check,DSL,0,19,Rarely,1
7346-QDKUL,0,115.36,,Month-to-month,Bank transfer (automatic),Fiber optic,2,2,Daily,1
1730-XKVQY,31,77.32,2332.34,One year,Bank transfer (automatic),DSL,2,7,Rarely,1
8544-NMJQZ,11,94.55,1083.04,Month-to-month,Credit card (automatic),Fiber optic,2,7,Daily,1
9133-EYZTP,16,60.19,999.71,One year,Electronic check,DSL,0,12,Weekly,0
6066-WGQUU,40,20.38,784.71,Month-to-month,Bank transfer (automatic),No,2,5,Daily,0
5924-PKYRU,10,48.55,490.15,Month-to-month,Mailed check,DSL,3,1,Daily,0
7299-QWMOU,56,49.38,2878.6,Two year,Credit card (automatic),DSL,0,3,Daily,0
2791-NGTJC,62,25.56,1611.26,Two year,Bank transfer (automatic),No,0,2,Rarely,0
7746-JBWZG,38,82.93,3158.68,Two year,Electronic check,Fiber optic,2,2,Rarely,0
2967-XSYEB,66,91.65,6298.79,Two year,Electronic check,Fiber optic,2,6,Daily,0
7086-XHPXI,66,103.08,6987.68,Two year,Bank transfer (automatic),Fiber optic,0,11,Rarely,0
3749-CULAI,11,101.31,1131.95,One year,Bank transfer (automatic),Fiber optic,2,7,Daily,0
7714-NWFNE,1,24.28,24.12,Month-to-month,Mailed check,No,1,34,Rarely,1
8118-HGNRC,11,88.39,999.14,Month-to-month,Electronic check,Fiber optic,0,13,Weekly,1
2877-BTHQB,42,86.12,3751.18,One year,Electronic check,Fiber optic,1,30,Daily,1
6556-PXLPH,6,62.12,360.21,Month-to-month,Electronic check,DSL,0,70,Rarely,1
5484-HBMYD,35,100.78,3596.74,Two year,Electronic check,Fiber optic,3,8,Weekly,0
3646-KVMTJ,15,25.96,397.11,One year,Mailed check,No,0,5,Rarely,0
6293-PZPUS,0,66.02,,Month-to-month,Electronic check,DSL,4,1,Daily,1
9932-CEPJM,45,107.24,4993.68,Month-to-month,Electronic check,Fiber optic,6,13,Rarely,1
1022-MUZZC,4,81.53,338.04,Month-to-month,Electronic check,DSL,2,11,Weekly,1
9610-TSWLN,40,70.16,2704.03,One year,Electronic check,Fiber optic,2,0,Weekly,0
8702-LJGQA,2,82.32,168.46,Month-to-month,Mailed check,Fiber optic,3,59,Rarely,1
5763-TVFFN,5,70.16,341.52,Month-to-month,Bank transfer (automatic),Fiber optic,2,4,Daily,0
6489-WCLFW,4,25.28,98.4,Month-to-month,Credit card (automatic),No,1,23,Daily,0
4322-WCDEV,69,88.79,5897.57,One year,Mailed check,Fiber optic,2,34,Rarely,1
2162-XJERX,3,22.85,69.83,Month-to-month,Electronic check,No,0,1,Daily,0
6142-XLUYV,24,93.44,2333.96,Month-to-month,Electronic check,Fiber optic,1,10,Weekly,0
8346-MGJJZ,60,73.65,4451.85,Month-to-month,Mailed check,DSL,1,39,Rarely,0
3079-TWUMU,23,87.86,1971.96,One year,Bank transfer (automatic),Fiber optic,2,2,Weekly,1
7452-QTHGE,9,70.59,615.57,Month-to-month,Electronic check,Fiber optic,4,5,Daily,1
7731-HZYDO,35,87.41,2957.59,One year,Bank transfer (automatic),Fiber optic,2,18,Weekly,0
7823-YTPPI,11,92.81,990.79,One year,Bank transfer (automatic),Fiber optic,0,15,Weekly,0
4059-YCWWG,68,89.66,6129.42,Month-to-month,Bank transfer (automatic),Fiber optic,2,29,Weekly,0
4527-NXMHB,71,51.56,3841.96,Two year,Bank transfer (automatic),DSL,2,1,Daily,0
4745-LHWWI,22,74.68,1714.38,One year,Electronic check,Fiber optic,1,5,Daily,1
8686-FHKRD,4,71.36,273.85,Month-to-month,Bank transfer (automatic),Fiber optic,4,12,Weekly,1
9103-ZSDIS,56,25.33,1376.17,One year,Electronic check,No,1,20,Daily,0
4725-NNBKP,19,73.2,1416.03,Month-to-month,Credit card (automatic),Fiber optic,2,58,Rarely,1
9728-TLOFU,4,57.26,233.38,Month-to-month,Electronic check,DSL,3,5,Daily,1
6134-STRZW,51,73.8,3654.74,One year,Bank transfer (automatic),Fiber optic,1,59,Rarely,0
4465-VIBAU,8,75.39,630.65,One year,Credit card (automatic),Fiber optic,2,18,Weekly,1
1005-XQSCO,56,101.4,5727.78,One year,Electronic check,Fiber optic,2,45,Rarely,0
6499-PETIF,58,25.43,1479.21,Two year,Electronic check,No,3,16,Weekly,0
6803-SLNOQ,8,86.89,717.56,Month-to-month,Electronic check,Fiber optic,2,7,Daily,0
9714-KVWME,11,106.16,1153.19,Month-to-month,Mailed check,Fiber optic,2,9,Weekly,1
7462-HUGUR,24,107.85,2643.92,One year,Electronic check,Fiber optic,1,0,Weekly,0
1267-LDOSD,66,101.06,6948.99,Two year,Bank transfer (automatic),Fiber optic,1,32,Rarely,0
6103-VFKNT,9,112.13,1054.5,Two year,Bank transfer (automatic),Fiber optic,4,34,Rarely,1
7684-FIUIQ,5,47.59,227.0,Month-to-month,Electronic check,DSL,6,51,Weekly,1
5468-KBNJG,25,42.46,1016.15,Month-to-month,Bank transfer (automatic),DSL,2,9,Daily,0
4863-WUHNS,7,59.98,428.61,Month-to-month,Credit card (automatic),DSL,2,13,Weekly,0
8288-BCOYY,6,22.51,128.37,Month-to-month,Credit card (automatic),No,1,16,Rarely,1
6501-LSMXO,58,21.29,1254.98,Month-to-month,Electronic check,No,1,1,Daily,0
7131-XJYST,41,25.41,1075.38,One year,Credit card (automatic),No,0,5,Daily,0
5176-AUEYE,43,44.68,1842.45,Month-to-month,Bank transfer (automatic),DSL,0,4,Daily,0
3502-VQKXK,2,25.5,48.57,One year,Credit card (automatic),No,2,2,Weekly,0
5671-BBWJV,39,21.67,845.85,One year,Electronic check,No,0,5,Rarely,0
9630-ABZDR,36,77.33,2919.54,Month-to-month,Bank transfer (automatic),DSL,0,53,Rarely,1
6423-JNCGT,13,88.33,1152.31,Month-to-month,Mailed check,Fiber optic,4,17,Daily,0
7364-NNYKU,56,22.31,1308.73,Two year,Credit card (automatic),No,0,3,Daily,0
2117-SLHJW,1,103.37,105.45,Month-to-month,Electronic check,Fiber optic,1,90,Rarely,1
9890-HRDJY,17,22.05,367.44,Month-to-month,Mailed check,No,2,17,Weekly,0
3202-OVGTZ,66,112.39,7226.08,One year,Mailed check,Fiber optic,0,15,Weekly,0
9740-YLRXV,6,96.05,582.4,Month-to-month,Credit card (automatic),Fiber optic,1,6,Weekly,1
5011-ZANUS,64,39.83,2506.43,Two year,Credit card (automatic),DSL,1,1,Daily,0
9269-DOECC,30,75.74,2212.83,Month-to-month,Credit card (automatic),DSL,6,78,Weekly,1
9025-YHLGX,11,93.97,1022.76,Month-to-month,Bank transfer (automatic),Fiber optic,1,7,Weekly,1
7797-XRVCZ,11,69.98,772.3,Month-to-month,Electronic check,DSL,4,65,Weekly,1
9246-KKFWE,2,85.69,178.64,Month-to-month,Bank transfer (automatic),Fiber optic,1,13,Daily,1
6484-WSUAT,50,23.74,1241.09,One year,Credit card (automatic),No,0,23,Weekly,0
8638-ZKLCM,59,72.23,4359.74,Month-to-month,Electronic check,DSL,0,3,Weekly,0
2549-RHTCR,24,118.43,2768.93,Month-to-month,Bank transfer (automatic),Fiber optic,1,12,Weekly,1
1632-PFIGQ,10,21.24,211.57,Month-to-month,Electronic check,No,2,17,Daily,0
5889-QOFFV,37,20.15,715.59,Month-to-month,Electronic check,No,5,10,Rarely,1
8287-MLIYG,31,22.11,690.24,One year,Mailed check,No,2,1,Weekly,0
7887-TUGAG,12,103.55,1260.08,Month-to-month,Mailed check,Fiber optic,4,47,Weekly,1
5750-GTNLM,2,61.16,121.07,One year,Mailed check,DSL,1,12,Weekly,0
5687-YYAVJ,39,24.96,946.06,Month-to-month,Electronic check,No,0,17,Rarely,0
6487-TZNQL,3,25.72,80.92,Month-to-month,Credit card (automatic),No,2,60,Weekly,1
