customer_id,subscription_plan,monthly_price,watch_hours_last_30_days,days_since_last_watch,number_of_devices,number_of_profiles,downloads_count,customer_support_tickets,payment_failures,free_trial_converted,tenure_months,churn_label
OTT-18032,Standard,14.36,60.3,2,2,2,5,1,0,Yes,4,0
OTT-79655,Basic,8.83,66.2,5,2,1,10,0,0,Yes,12,0
OTT-68910,Basic,9.96,109.5,4,2,1,4,2,0,Yes,21,0
OTT-49498,Standard,13.7,81.3,1,2,2,7,0,1,Yes,45,0
OTT-48970,Basic,8.21,64.9,1,2,1,8,2,2,Yes,8,1
OTT-87272,Standard,14.58,14.4,11,3,2,1,1,0,No,2,1
OTT-17735,Standard,13.91,66.3,5,2,2,5,0,1,Yes,5,0
OTT-72762,Premium,22.04,110.3,2,4,4,6,1,3,Yes,2,0
OTT-28132,Standard,14.39,12.4,8,4,2,2,0,1,Yes,47,0
OTT-18475,Standard,15.61,52.4,1,1,2,6,0,0,Yes,3,0
OTT-57382,Basic,9.49,27.7,4,1,1,0,0,0,No,24,0
OTT-97805,Premium,21.4,25.8,23,3,3,1,1,0,Yes,1,0
OTT-76216,Basic,9.68,89.5,1,1,1,6,1,0,No,5,0
OTT-78501,Standard,13.74,20.6,8,1,1,0,1,0,Yes,2,0
OTT-74572,Standard,14.94,93.4,4,2,1,10,0,0,Yes,6,0
OTT-80745,Basic,9.2,89.8,3,2,1,6,0,0,Yes,31,0
OTT-56189,Standard,14.11,107.6,2,1,3,2,1,3,No,17,0
OTT-21530,Standard,13.61,61.8,1,3,3,10,0,0,Yes,3,0
OTT-85576,Basic,9.06,29.4,2,3,1,0,0,0,Yes,12,0
OTT-50534,Basic,9.02,69.1,0,1,1,5,0,0,Yes,14,0
OTT-55031,Basic,9.3,89.8,1,2,2,2,0,0,Yes,26,0
OTT-43371,Premium,20.63,81.7,2,4,5,3,1,0,Yes,37,0
OTT-26429,Standard,13.94,5.9,22,2,4,2,1,0,Yes,9,0
OTT-93407,Basic,9.95,86.9,3,1,1,6,1,0,Yes,24,0
OTT-80340,Standard,13.77,23.5,1,3,2,1,0,1,Yes,35,0
OTT-67947,Standard,15.99,79.8,3,2,3,7,2,0,Yes,20,0
OTT-46216,Standard,15.29,84.2,4,2,1,5,0,0,Yes,10,0
OTT-84047,Standard,15.06,27.4,8,1,2,1,0,0,Yes,2,0
OTT-59088,Basic,8.67,86.2,3,1,1,3,0,0,Yes,48,0
OTT-49906,Basic,9.73,33.5,0,1,1,5,0,2,No,34,0
OTT-50540,Standard,15.77,65.9,0,3,2,7,1,2,Yes,3,0
OTT-30451,Standard,15.29,16.1,7,2,1,4,2,0,Yes,37,0
OTT-18292,Standard,15.26,57.3,0,3,2,6,0,0,Yes,34,0
OTT-59912,Basic,8.98,91.1,5,1,1,6,1,1,Yes,4,0
OTT-89909,Premium,20.22,93.5,3,5,5,2,4,0,Yes,12,0
OTT-15743,Basic,9.99,86.3,6,2,1,6,2,1,No,46,0
OTT-87245,Standard,13.53,87.6,1,2,2,10,0,0,Yes,44,0
OTT-84485,Basic,8.98,82.6,4,1,1,8,0,0,Yes,1,0
OTT-34908,Standard,14.41,88.7,0,3,2,3,0,1,Yes,3,0
OTT-66849,Premium,22.32,67.5,0,6,3,4,1,0,Yes,12,0
OTT-24870,Basic,9.46,30.7,2,1,2,4,0,1,Yes,2,0
OTT-78227,Standard,15.06,36.2,4,3,2,9,0,0,No,2,0
OTT-73046,Standard,13.68,93.2,1,1,1,7,1,0,Yes,5,0
OTT-41906,Basic,8.46,106.1,4,3,2,4,0,0,Yes,2,0
OTT-16112,Basic,8.18,104.4,0,2,1,7,1,1,Yes,23,0
OTT-97361,Standard,15.94,8.3,11,4,1,0,0,1,No,19,0
OTT-50111,Basic,8.25,27.9,8,1,1,0,1,2,No,11,0
OTT-90380,Basic,9.92,100.0,0,1,1,7,0,1,No,37,0
OTT-71012,Premium,20.33,48.8,2,4,4,2,1,0,Yes,21,0
OTT-80053,Standard,15.65,71.1,3,1,2,6,2,1,Yes,1,0
OTT-78390,Standard,14.93,108.6,4,1,1,6,1,0,Yes,6,0
OTT-27517,Standard,15.57,63.4,3,1,2,4,2,0,Yes,3,0
OTT-42751,Standard,15.08,105.9,2,1,1,7,1,0,Yes,5,0
OTT-52004,Standard,15.41,18.9,12,1,3,0,0,0,No,1,0
OTT-54800,Basic,9.45,52.3,1,1,2,3,0,0,Yes,4,0
OTT-13942,Basic,8.51,2.8,18,1,1,0,0,0,Yes,1,1
OTT-59190,Standard,15.83,31.2,0,1,2,3,0,0,Yes,10,0
OTT-23885,Premium,21.92,112.4,3,4,2,3,0,0,Yes,18,0
OTT-76903,Basic,8.39,50.8,1,2,1,10,1,0,Yes,40,0
OTT-71473,Premium,20.91,72.1,4,3,4,4,2,0,Yes,31,0
OTT-93026,Standard,14.82,104.5,1,2,1,4,1,1,Yes,13,0
OTT-77027,Standard,15.69,12.0,10,4,1,1,0,0,No,1,0
OTT-42997,Basic,9.58,5.1,18,1,1,4,1,0,Yes,21,0
OTT-97074,Basic,8.59,102.0,0,2,1,5,0,0,No,4,0
OTT-46976,Standard,15.21,104.8,2,2,1,1,2,0,Yes,19,0
OTT-39323,Basic,7.99,92.6,0,1,1,6,0,0,Yes,4,0
OTT-91497,Basic,8.66,55.7,5,2,1,5,1,0,No,23,0
OTT-43341,Basic,9.67,33.0,6,2,1,4,0,0,No,1,0
OTT-16870,Premium,20.44,38.8,8,5,3,14,0,0,Yes,21,0
OTT-52259,Basic,8.7,95.8,2,1,1,6,0,0,Yes,31,0
OTT-81610,Standard,13.49,22.3,7,4,2,0,1,2,Yes,42,0
OTT-27052,Basic,8.04,51.7,0,1,2,1,1,0,Yes,7,0
OTT-51664,Basic,8.28,21.0,7,1,1,1,0,0,Yes,19,0
OTT-21692,Basic,8.19,83.8,2,1,2,6,1,0,Yes,6,0
OTT-71782,Standard,14.71,100.1,1,3,2,7,1,0,Yes,19,0
OTT-52812,Standard,15.74,2.5,16,2,2,1,1,0,No,7,0
OTT-39717,Basic,8.16,45.2,1,2,2,3,0,0,Yes,6,0
OTT-30421,Premium,22.6,81.6,0,3,4,5,2,0,Yes,3,0
OTT-60804,Basic,9.33,24.2,8,1,1,0,2,0,Yes,37,0
OTT-70282,Premium,20.5,129.2,3,2,4,1,0,0,Yes,20,0
OTT-94626,Basic,8.57,46.5,0,3,1,11,0,2,Yes,20,0
OTT-49343,Premium,20.57,46.7,13,5,4,6,0,1,Yes,13,0
OTT-24461,Premium,22.36,102.4,4,3,3,7,1,2,No,12,0
OTT-84940,Premium,22.17,49.5,4,4,3,6,0,1,Yes,20,0
OTT-66678,Basic,8.6,91.7,2,1,2,9,0,1,Yes,6,0
OTT-73023,Standard,13.63,17.4,7,4,2,2,2,0,Yes,8,0
OTT-18750,Premium,20.5,52.6,9,3,4,4,0,0,Yes,8,0
OTT-38112,Standard,15.06,70.3,0,1,2,6,0,0,No,4,0
OTT-79105,Basic,8.17,95.3,2,1,1,6,0,0,No,32,0
OTT-84902,Standard,14.83,26.3,5,4,3,1,0,0,Yes,3,0
OTT-49169,Basic,9.22,16.8,7,2,1,0,0,0,Yes,9,0
OTT-82427,Standard,15.21,16.4,9,1,4,1,0,0,Yes,22,0
OTT-85751,Basic,8.24,39.1,0,1,1,10,1,0,Yes,14,0
OTT-44872,Standard,14.64,71.4,3,3,2,9,2,1,No,8,0
OTT-90826,Basic,8.92,88.0,0,1,2,16,0,0,Yes,44,0
OTT-35949,Basic,9.66,17.9,7,1,1,3,0,0,No,12,0
OTT-31559,Basic,8.93,95.2,3,1,1,5,1,0,No,11,0
OTT-71423,Premium,21.21,71.4,1,5,5,7,2,0,Yes,18,0
OTT-67307,Standard,13.8,48.3,5,4,1,9,0,1,Yes,2,0
OTT-22577,Standard,15.23,36.7,1,1,2,6,0,0,Yes,4,0
OTT-84945,Standard,15.04,91.0,0,1,4,4,0,0,Yes,14,0
OTT-27991,Standard,15.28,35.0,0,2,2,6,0,0,Yes,4,0
OTT-82440,Basic,9.3,35.2,0,1,1,8,0,0,Yes,3,0
OTT-10662,Standard,15.68,22.6,0,2,4,0,1,0,Yes,6,0
OTT-81715,Basic,9.74,56.2,1,1,2,6,2,0,Yes,23,0
OTT-80822,Standard,14.26,60.4,4,1,4,6,0,0,Yes,6,0
OTT-80232,Basic,8.35,61.7,2,1,1,8,3,1,Yes,47,0
OTT-69835,Premium,22.77,48.3,9,5,2,4,1,0,Yes,16,0
OTT-52440,Standard,15.27,58.5,2,2,4,6,1,0,Yes,8,0
OTT-73464,Basic,9.93,22.4,3,2,2,0,0,1,Yes,5,0
OTT-34940,Standard,14.73,20.2,9,3,2,2,0,0,Yes,19,0
OTT-80264,Basic,9.91,37.1,2,1,1,6,0,0,Yes,4,0
OTT-60007,Basic,8.24,24.2,1,2,2,2,0,0,Yes,8,0
OTT-51301,Premium,21.76,38.4,9,3,4,7,0,1,Yes,2,0
OTT-55504,Standard,14.73,43.6,0,2,1,3,4,0,Yes,30,0
OTT-61186,Standard,13.5,2.6,27,4,2,0,1,0,Yes,6,1
OTT-13353,Standard,13.97,78.5,5,2,4,3,0,0,Yes,23,0
OTT-22581,Basic,8.3,25.7,7,1,1,2,2,0,Yes,1,0
OTT-32093,Basic,8.11,1.3,45,2,1,1,0,0,Yes,22,1
OTT-20307,Standard,15.86,79.2,2,1,2,10,0,1,Yes,8,0
OTT-49564,Standard,15.9,72.0,5,2,2,3,1,0,No,6,0
OTT-70155,Basic,9.77,90.9,2,1,1,4,1,0,Yes,3,0
OTT-68897,Basic,9.97,51.0,4,1,1,6,0,0,Yes,1,0
OTT-52398,Basic,9.65,74.8,4,2,1,8,0,0,Yes,4,0
OTT-86956,Basic,9.85,69.6,0,2,2,4,1,0,Yes,31,0
OTT-60870,Basic,8.39,25.8,3,2,1,0,2,0,Yes,16,0
OTT-17127,Basic,8.5,25.0,1,2,1,3,1,1,Yes,3,0
OTT-78849,Standard,15.65,101.5,3,3,1,5,0,0,No,26,0
OTT-61713,Basic,8.95,20.8,9,1,2,2,0,0,No,6,0
OTT-67124,Basic,9.42,76.0,0,1,1,8,0,0,Yes,15,0
OTT-60883,Standard,14.89,87.4,6,2,2,7,2,0,No,10,0
OTT-59821,Premium,20.91,40.2,1,3,3,5,1,0,Yes,46,0
OTT-18150,Basic,8.56,12.6,10,2,1,1,1,0,Yes,21,1
OTT-60328,Basic,9.49,79.2,0,1,1,5,0,2,No,21,1
OTT-81541,Standard,14.82,85.2,5,4,4,3,1,0,Yes,28,0
OTT-37355,Basic,8.71,20.6,11,1,1,1,0,1,Yes,1,0
OTT-64254,Basic,9.22,58.2,1,2,1,8,0,1,No,27,0
OTT-12773,Standard,14.54,73.8,5,3,1,7,2,0,Yes,39,0
OTT-41274,Basic,8.94,83.6,5,2,1,6,2,0,Yes,41,0
OTT-49304,Premium,22.02,63.4,5,4,2,11,0,1,Yes,2,0
OTT-98445,Premium,21.36,39.9,7,4,4,7,2,3,No,4,0
OTT-29312,Basic,9.89,29.0,2,2,1,1,2,0,Yes,7,0
OTT-34889,Basic,8.96,36.9,1,3,1,6,1,1,Yes,22,0
OTT-46767,Premium,22.88,47.2,9,2,2,6,1,0,Yes,22,0
OTT-99338,Standard,15.61,55.4,3,2,2,8,0,0,No,25,0
OTT-86805,Premium,22.66,111.1,1,3,2,5,1,3,Yes,9,0
OTT-13122,Standard,15.4,81.3,6,2,4,6,0,0,Yes,4,0
OTT-31054,Basic,9.2,53.9,0,1,2,5,1,0,No,17,0
OTT-83949,Basic,9.06,89.8,1,1,1,4,0,0,Yes,4,0
OTT-15247,Basic,9.09,10.5,8,1,1,0,1,0,Yes,1,0
OTT-87009,Premium,20.59,65.8,3,2,5,9,2,0,Yes,2,0
OTT-35324,Basic,8.42,58.0,0,1,1,13,1,1,Yes,37,0
OTT-92587,Standard,13.58,79.7,0,1,1,8,0,0,Yes,8,0
OTT-36423,Standard,15.35,48.2,1,1,2,8,0,0,Yes,16,0
OTT-49088,Premium,20.36,78.3,3,4,2,6,2,0,Yes,3,0
OTT-69571,Standard,14.95,97.8,1,2,3,6,2,0,Yes,19,0
OTT-21365,Basic,8.27,101.2,4,1,2,6,0,1,Yes,28,0
OTT-60132,Basic,8.12,102.3,4,1,1,7,0,0,Yes,40,0
OTT-55450,Standard,14.82,23.9,3,2,4,1,0,0,Yes,18,0
OTT-80550,Premium,22.61,24.5,17,2,3,1,1,0,Yes,34,0
OTT-99648,Standard,14.38,89.0,1,2,4,7,0,0,Yes,20,0
OTT-69787,Standard,15.79,44.7,1,1,2,5,1,0,Yes,13,0
OTT-46826,Premium,20.02,52.9,0,2,5,6,2,1,Yes,40,0
OTT-46574,Basic,8.92,25.1,0,2,2,1,2,0,Yes,6,0
OTT-47615,Basic,8.28,24.4,7,1,1,0,0,0,Yes,4,0
OTT-83261,Premium,20.94,35.3,11,4,2,6,1,0,Yes,3,0
OTT-38909,Standard,13.55,8.3,8,3,2,1,1,0,Yes,13,0
OTT-25027,Premium,20.1,57.4,1,2,3,5,0,0,Yes,19,0
OTT-40085,Basic,9.42,95.1,1,1,2,4,2,0,Yes,17,0
OTT-12044,Standard,15.13,75.0,1,2,2,7,2,2,Yes,12,0
OTT-19552,Basic,8.41,97.3,0,1,1,6,0,0,Yes,4,0
OTT-18104,Basic,9.79,10.9,8,1,1,0,0,0,Yes,42,0
OTT-79438,Basic,9.37,105.8,4,2,1,10,0,0,Yes,1,0
OTT-75011,Standard,14.33,12.1,9,4,2,0,2,0,Yes,25,0
OTT-72708,Basic,8.81,48.7,1,3,1,5,0,0,Yes,4,0
OTT-51568,Basic,8.58,103.5,6,1,2,5,0,0,Yes,20,0
OTT-74534,Basic,9.65,14.3,7,2,1,1,2,2,Yes,9,0
OTT-24514,Basic,8.98,74.4,1,1,1,12,2,0,Yes,25,0
OTT-91055,Standard,13.83,52.3,0,2,1,4,1,1,Yes,6,0
OTT-55093,Standard,13.99,87.1,0,2,2,6,1,0,Yes,37,0
OTT-94423,Standard,14.23,4.4,16,1,1,0,1,0,Yes,14,0
OTT-23707,Basic,8.8,60.8,0,1,1,7,2,0,No,12,0
OTT-54759,Standard,14.97,29.4,4,3,3,2,0,1,Yes,9,0
OTT-72668,Basic,9.92,26.4,7,1,1,1,1,0,Yes,2,0
OTT-54605,Standard,14.14,101.7,0,2,1,2,0,0,Yes,20,0
OTT-50153,Premium,20.98,111.8,3,6,5,11,0,0,Yes,2,0
OTT-24959,Standard,13.55,98.8,1,1,1,5,2,0,Yes,2,0
OTT-44291,Premium,21.11,86.6,3,2,3,7,1,0,Yes,20,0
OTT-31488,Basic,9.34,29.5,0,1,1,0,2,0,Yes,16,0
OTT-37135,Standard,15.9,28.2,0,1,2,0,0,3,No,5,0
OTT-71532,Standard,15.34,91.2,3,1,1,7,0,1,Yes,5,0
OTT-66724,Standard,13.78,67.5,1,2,2,6,1,0,Yes,4,0
OTT-64647,Standard,15.72,13.5,11,3,1,1,1,0,Yes,1,0
OTT-42562,Basic,9.67,25.3,3,2,1,0,0,0,No,19,0
OTT-96371,Standard,13.96,108.6,1,1,1,7,3,0,No,1,0
OTT-17888,Standard,15.83,30.5,5,2,3,7,1,0,Yes,46,0
OTT-40832,Standard,15.28,54.1,3,3,1,3,0,0,Yes,4,0
OTT-20620,Basic,9.56,2.4,38,2,1,2,0,0,No,3,0
OTT-40504,Basic,8.91,76.8,1,1,1,7,2,0,Yes,27,0
OTT-96569,Premium,20.59,52.5,1,4,2,5,2,0,Yes,6,0
OTT-42963,Basic,9.59,76.6,3,2,1,7,2,0,Yes,10,0
OTT-91771,Basic,8.94,51.6,6,1,1,5,1,0,Yes,31,0
OTT-54555,Basic,9.92,37.0,0,1,2,6,0,0,Yes,47,0
OTT-72972,Standard,13.87,76.3,5,1,1,3,0,0,No,13,0
OTT-51167,Standard,14.38,3.2,37,2,1,3,1,0,No,5,1
OTT-33928,Premium,22.2,33.5,8,4,2,4,0,0,Yes,19,0
OTT-78779,Standard,14.92,36.3,5,2,2,3,0,0,Yes,36,0
OTT-97224,Basic,8.86,37.3,0,1,1,9,1,0,Yes,41,0
OTT-33716,Basic,9.39,17.4,7,3,1,2,1,0,No,1,0
OTT-80086,Basic,9.46,8.4,8,1,2,1,0,1,No,3,0
OTT-33502,Standard,14.93,23.8,0,1,2,2,1,0,No,5,0
OTT-74519,Premium,20.95,53.4,2,4,3,5,0,0,Yes,1,0
OTT-81009,Basic,9.23,10.1,10,1,1,1,0,1,Yes,11,0
OTT-50442,Basic,9.08,70.1,2,2,1,6,1,0,Yes,4,0
OTT-76322,Standard,15.48,25.8,1,2,3,0,2,0,Yes,3,0
OTT-34501,Standard,15.12,43.4,0,2,2,8,2,3,Yes,6,0
OTT-17132,Standard,14.73,27.1,2,2,3,1,1,0,Yes,22,0
OTT-18675,Standard,13.54,6.8,21,1,4,1,0,0,Yes,2,1
OTT-50231,Basic,8.32,53.0,6,1,1,6,1,0,Yes,22,0
OTT-91233,Standard,14.33,29.3,2,2,3,1,1,0,Yes,1,0
OTT-21481,Basic,9.19,15.1,7,1,2,3,0,0,Yes,30,0
OTT-51019,Standard,15.47,22.1,0,3,2,0,0,0,Yes,5,0
OTT-73362,Basic,9.91,94.6,0,1,2,6,1,2,Yes,20,0
OTT-28212,Standard,14.99,54.0,0,1,2,5,1,0,Yes,3,0
OTT-74944,Premium,22.18,48.4,8,3,4,6,1,1,Yes,4,0
OTT-37535,Standard,15.04,84.4,4,1,2,8,0,0,Yes,6,0
OTT-82778,Basic,8.85,70.8,0,2,2,3,2,0,Yes,1,0
OTT-62129,Premium,21.82,25.3,7,4,4,1,0,0,Yes,2,0
OTT-59221,Basic,8.79,16.6,8,3,1,2,0,0,Yes,16,1
OTT-25909,Standard,14.62,16.1,8,2,2,0,2,0,Yes,7,0
OTT-51688,Basic,9.81,48.9,6,1,2,8,0,0,No,5,0
OTT-87094,Premium,21.68,35.3,1,3,5,5,1,1,Yes,16,0
OTT-11757,Basic,8.19,52.8,1,1,1,6,0,0,Yes,7,0
OTT-78265,Basic,9.04,62.7,4,1,1,12,0,1,Yes,2,0
OTT-54348,Premium,22.85,45.5,0,4,4,7,2,0,Yes,2,0
OTT-74750,Standard,13.74,101.9,4,3,3,8,1,0,No,5,0
OTT-69696,Basic,9.93,8.2,11,1,1,3,2,0,No,3,0
OTT-48887,Basic,9.97,41.7,5,2,1,12,1,1,Yes,14,1
OTT-37779,Basic,9.11,81.8,5,2,1,7,0,0,Yes,35,0
OTT-66457,Basic,8.65,94.5,2,1,1,5,0,0,Yes,26,0
OTT-22620,Standard,13.51,63.7,2,2,2,8,1,0,Yes,44,0
OTT-62568,Standard,13.53,73.8,0,2,1,9,0,0,Yes,11,0
OTT-18522,Premium,21.15,72.9,1,3,5,8,2,1,Yes,5,0
OTT-68485,Standard,15.45,106.0,1,1,2,2,2,1,Yes,3,0
OTT-66586,Premium,22.82,104.9,5,3,2,5,1,0,Yes,5,0
OTT-17599,Standard,13.88,33.6,2,3,3,6,1,2,Yes,1,0
OTT-78173,Basic,8.97,22.7,7,2,1,2,0,0,No,2,0
OTT-47422,Standard,14.74,33.2,5,2,1,6,0,0,No,20,0
OTT-80818,Basic,8.75,57.5,1,1,1,5,2,1,No,6,0
OTT-13745,Basic,9.07,65.2,4,2,1,4,0,0,No,1,0
OTT-26150,Premium,22.77,100.8,6,5,3,5,1,0,Yes,17,0
OTT-54458,Standard,14.59,109.7,0,2,3,6,1,0,Yes,1,0
OTT-26940,Basic,8.27,54.7,3,2,1,2,0,0,Yes,26,0
OTT-39687,Basic,9.32,81.5,4,2,1,7,0,0,No,6,0
OTT-69453,Basic,8.05,81.2,1,1,1,4,2,0,Yes,19,0
OTT-23007,Standard,15.84,11.7,9,2,4,2,1,0,Yes,2,0
OTT-70992,Basic,9.87,78.6,1,1,2,3,2,0,Yes,20,0
OTT-19306,Premium,20.27,48.5,11,3,2,9,3,0,Yes,4,0
OTT-25766,Standard,14.87,70.9,1,2,3,7,0,0,Yes,1,0
OTT-62887,Basic,9.58,64.2,1,1,1,3,0,0,Yes,14,1
OTT-81412,Standard,14.65,21.0,8,3,2,1,0,0,No,2,0
OTT-25353,Premium,21.43,114.7,0,4,4,6,1,1,Yes,4,0
OTT-36999,Premium,22.9,65.3,4,5,4,7,1,2,Yes,24,0
OTT-93259,Standard,14.07,0.6,26,2,2,1,2,0,No,2,1
OTT-99070,Basic,9.04,79.3,0,2,1,7,1,0,Yes,15,1
OTT-62294,Standard,13.78,25.0,0,2,1,1,2,0,Yes,20,0
OTT-50232,Premium,20.9,116.9,0,3,3,5,0,2,Yes,3,0
OTT-41217,Premium,22.54,64.3,4,3,5,4,0,0,Yes,15,0
OTT-65120,Standard,15.28,31.8,4,2,2,9,0,0,Yes,2,0
OTT-63181,Standard,15.02,89.3,1,3,3,5,2,0,Yes,16,0
OTT-36527,Basic,8.22,41.6,0,2,1,5,0,0,No,5,0
OTT-12052,Basic,9.69,57.3,6,1,1,4,0,0,Yes,2,0
OTT-23634,Basic,8.59,58.4,2,1,1,4,1,1,Yes,2,0
OTT-96269,Basic,9.06,94.2,3,2,1,9,0,0,Yes,38,0
OTT-47633,Standard,14.07,13.3,8,2,1,2,1,0,No,39,0
OTT-53406,Basic,9.03,77.7,1,1,1,5,1,0,Yes,28,0
OTT-52039,Standard,14.9,109.9,6,1,2,6,0,0,Yes,7,0
OTT-80445,Standard,14.34,74.7,0,2,1,5,0,1,Yes,19,0
OTT-15846,Basic,9.0,34.4,5,1,1,7,2,0,No,13,0
OTT-17445,Standard,14.51,13.7,8,3,2,1,0,1,Yes,43,0
OTT-34825,Basic,9.38,69.1,4,1,2,4,0,0,Yes,17,0
OTT-53798,Basic,9.08,14.4,7,2,1,2,0,0,Yes,3,0
OTT-70400,Premium,22.62,29.7,7,4,3,1,1,0,No,17,0
OTT-54163,Basic,8.09,69.8,0,1,1,7,0,0,Yes,23,0
OTT-49704,Basic,8.04,86.7,3,3,1,5,1,0,Yes,5,0
OTT-94403,Standard,13.96,20.5,13,4,2,1,0,0,Yes,5,0
OTT-24491,Basic,8.23,83.4,5,2,1,6,2,0,Yes,5,0
OTT-61454,Basic,9.04,41.2,1,1,1,5,0,1,Yes,26,0
OTT-58801,Standard,13.99,59.2,1,3,2,1,1,0,No,5,0
OTT-52613,Standard,13.53,10.1,15,2,2,0,0,0,Yes,46,0
OTT-82682,Standard,14.2,88.2,1,2,3,7,0,0,Yes,10,0
OTT-34027,Premium,21.52,57.4,1,4,2,4,1,0,Yes,34,0
OTT-95838,Basic,9.42,27.6,1,2,1,3,0,3,Yes,6,0
OTT-39840,Standard,14.59,79.5,2,1,1,3,2,0,Yes,42,0
OTT-59049,Basic,9.92,61.1,3,1,1,3,0,0,Yes,13,1
OTT-56859,Basic,8.39,58.1,5,2,1,8,1,0,No,5,0
OTT-86479,Premium,21.53,17.1,25,4,3,2,0,0,No,3,1
OTT-49501,Standard,14.12,15.6,11,4,1,0,1,0,Yes,1,0
OTT-35610,Basic,9.6,37.7,6,1,2,3,0,1,Yes,3,0
OTT-11945,Basic,8.37,1.4,16,1,2,1,1,1,Yes,23,1
OTT-42730,Basic,9.91,57.1,0,2,1,3,0,2,No,32,0
OTT-84365,Standard,15.28,2.9,28,2,2,0,1,0,Yes,7,1
OTT-10892,Basic,9.1,100.4,2,1,2,2,0,0,Yes,11,0
OTT-90653,Premium,21.59,26.0,12,2,2,0,1,1,Yes,23,0
OTT-58853,Basic,8.71,46.2,6,1,1,5,2,1,Yes,45,0
OTT-22622,Basic,8.03,10.0,11,1,1,1,0,0,Yes,31,1
OTT-37195,Premium,22.74,120.4,5,2,3,7,0,0,Yes,2,0
OTT-59862,Premium,22.37,32.7,7,5,3,7,1,0,Yes,45,0
OTT-38411,Basic,8.26,104.5,1,2,2,8,0,1,Yes,6,0
OTT-19771,Standard,13.8,78.4,0,3,2,4,0,0,Yes,33,0
OTT-69938,Premium,20.91,113.6,0,4,4,9,1,0,Yes,33,0
OTT-70500,Standard,15.4,41.4,0,2,2,10,0,0,Yes,20,0
OTT-20698,Standard,14.75,75.5,3,2,2,4,0,0,Yes,3,0
OTT-35310,Standard,15.13,10.2,9,3,3,4,0,0,Yes,12,1
OTT-31948,Premium,20.01,100.9,0,4,4,10,1,0,No,4,0
OTT-69347,Standard,15.8,74.8,2,1,2,3,0,0,Yes,29,0
OTT-75725,Basic,8.32,24.5,7,1,1,0,1,0,Yes,2,0
OTT-75428,Standard,14.29,20.9,8,3,1,1,1,0,Yes,17,0
OTT-94487,Standard,15.86,27.4,8,2,3,2,1,0,Yes,27,0
OTT-79177,Standard,15.32,17.8,8,4,3,0,1,0,Yes,2,0
OTT-38860,Basic,9.01,19.0,13,1,1,0,0,0,No,1,1
OTT-19696,Standard,15.65,9.5,7,3,1,1,1,1,Yes,9,0
OTT-65317,Standard,13.64,10.2,7,3,3,1,0,0,Yes,22,0
OTT-92440,Premium,20.22,55.4,0,5,3,8,0,0,No,1,0
OTT-97763,Basic,8.3,32.4,2,2,2,7,0,0,Yes,1,0
OTT-30719,Standard,14.15,34.1,1,3,2,8,1,0,Yes,19,0
OTT-31280,Standard,15.26,44.9,4,3,4,7,0,0,Yes,10,0
OTT-13367,Basic,9.05,46.5,0,2,1,10,0,0,Yes,13,0
OTT-22713,Standard,14.56,21.9,11,2,2,0,0,0,Yes,1,0
OTT-59936,Basic,9.56,17.7,10,1,2,2,0,0,Yes,15,0
OTT-59211,Standard,14.28,26.5,10,2,2,0,2,0,Yes,2,1
OTT-43382,Standard,13.7,52.2,2,2,3,5,0,1,No,5,0
OTT-37895,Basic,8.78,27.6,2,2,1,1,2,0,Yes,10,0
OTT-84680,Standard,15.41,96.3,3,3,2,7,2,0,Yes,5,0
OTT-51402,Premium,21.41,47.8,12,5,4,11,2,0,Yes,7,0
OTT-82741,Basic,9.94,54.0,1,2,2,2,1,0,No,41,0
OTT-96688,Premium,22.56,39.8,5,4,5,4,1,0,Yes,15,0
OTT-38542,Basic,9.57,99.5,0,2,2,9,1,2,Yes,8,0
OTT-28246,Basic,9.54,104.2,5,1,1,7,1,3,Yes,3,0
OTT-95759,Standard,14.94,109.8,2,3,2,8,1,0,Yes,6,0
OTT-67134,Basic,9.79,56.4,0,2,1,6,0,0,Yes,6,0
OTT-36182,Premium,21.76,46.8,4,6,4,5,0,1,Yes,47,1
OTT-65966,Standard,14.42,15.6,10,1,3,1,1,0,Yes,43,0
OTT-56354,Standard,13.98,19.7,10,3,2,0,2,3,Yes,1,1
OTT-91496,Standard,15.52,1.5,17,2,3,2,1,0,Yes,4,0
OTT-33036,Standard,14.42,46.1,3,1,1,4,0,0,Yes,4,0
OTT-99223,Standard,15.47,26.8,11,2,1,0,2,0,No,15,0
OTT-94242,Standard,15.95,25.9,2,1,3,2,0,0,Yes,21,0
OTT-26262,Premium,21.19,28.0,9,3,4,0,1,0,No,21,0
OTT-24814,Standard,14.34,19.6,7,4,2,2,1,0,Yes,28,0
OTT-57983,Basic,8.33,106.3,0,2,1,9,0,0,Yes,3,0
OTT-14041,Standard,14.68,11.3,16,2,2,1,0,0,Yes,22,0
OTT-36891,Basic,9.3,44.7,5,2,1,6,3,1,Yes,23,0
OTT-49158,Basic,8.62,76.0,0,2,1,11,0,0,Yes,6,0
OTT-97242,Basic,8.96,106.9,0,3,1,3,0,0,Yes,25,0
OTT-99312,Basic,9.06,77.4,4,2,1,8,0,0,No,1,0
OTT-23638,Basic,8.54,41.5,0,2,1,12,1,1,No,8,0
OTT-90250,Premium,20.06,108.0,2,2,2,6,1,0,Yes,16,0
OTT-18183,Standard,14.03,67.0,1,2,2,4,1,0,No,27,0
OTT-77373,Basic,9.6,65.5,3,1,1,4,0,0,Yes,10,0
OTT-86106,Premium,20.82,88.5,4,2,4,6,2,0,Yes,4,0
OTT-90170,Premium,20.03,61.7,0,2,5,7,3,0,No,45,0
OTT-30107,Premium,21.26,117.5,1,4,4,7,1,0,Yes,26,0
OTT-90409,Basic,9.35,52.5,0,2,2,5,0,1,Yes,20,0
OTT-20438,Basic,9.49,3.0,16,1,2,1,0,1,Yes,27,0
OTT-56696,Standard,14.52,60.8,6,3,1,15,0,0,Yes,5,0
OTT-52258,Standard,14.92,78.6,2,2,2,8,1,0,Yes,22,0
OTT-38433,Standard,15.35,70.7,2,2,3,10,1,0,Yes,42,0
OTT-11990,Standard,15.71,94.1,2,3,2,3,0,0,Yes,2,0
OTT-79480,Standard,15.09,96.2,2,2,4,4,2,2,Yes,23,0
OTT-40202,Premium,22.06,103.9,4,4,4,7,0,0,No,31,0
OTT-69548,Standard,13.74,70.6,4,1,2,6,1,1,Yes,41,0
OTT-46919,Premium,21.25,92.1,0,2,2,5,0,2,Yes,48,0
OTT-43628,Premium,22.66,16.0,17,4,2,1,0,0,Yes,3,0
OTT-89765,Basic,8.31,63.3,6,1,1,4,2,0,No,33,0
OTT-18501,Premium,20.92,94.3,4,2,2,3,2,2,Yes,2,0
OTT-76294,Basic,9.35,92.5,3,2,1,4,1,0,Yes,18,0
OTT-77210,Basic,9.79,87.6,6,1,1,10,1,1,Yes,10,0
OTT-44198,Premium,20.17,52.7,6,4,2,3,1,0,Yes,37,0
OTT-33621,Basic,9.73,108.0,0,2,1,2,1,1,Yes,48,0
OTT-10477,Standard,14.04,107.0,3,2,3,4,2,0,Yes,11,0
OTT-94312,Premium,22.57,73.8,2,4,2,8,1,0,Yes,8,0
OTT-95294,Basic,9.77,109.9,3,1,1,4,0,0,Yes,11,0
OTT-31687,Basic,9.54,68.2,3,1,1,6,1,0,Yes,12,0
OTT-12871,Basic,9.84,42.0,4,1,2,3,2,0,Yes,20,0
OTT-21048,Standard,15.89,85.4,5,2,2,5,1,0,Yes,2,0
OTT-16087,Basic,9.84,26.2,4,1,1,0,2,0,Yes,23,1
OTT-84799,Basic,9.02,82.5,4,2,1,5,0,0,Yes,38,0
OTT-90271,Premium,21.38,44.8,7,5,4,9,0,0,No,15,0
OTT-23795,Basic,8.2,52.8,2,1,1,5,0,0,Yes,33,0
OTT-77205,Standard,14.03,51.4,2,3,4,2,0,0,Yes,3,0
OTT-26133,Basic,9.29,13.4,7,1,1,1,1,0,Yes,19,0
OTT-43048,Standard,13.81,57.9,4,1,3,6,1,0,Yes,3,0
OTT-63943,Standard,15.85,7.3,20,2,1,1,0,0,Yes,5,0
OTT-74792,Basic,8.44,89.1,5,2,1,6,1,0,Yes,8,0
OTT-88709,Basic,8.17,100.0,0,3,1,9,2,1,Yes,2,0
OTT-14030,Basic,8.46,19.0,8,1,1,1,1,1,No,3,0
OTT-27678,Basic,8.09,63.8,1,1,1,10,1,1,Yes,9,1
OTT-35245,Basic,8.32,55.0,3,1,1,7,2,0,Yes,15,0
OTT-37928,Standard,14.96,74.4,5,2,2,5,2,0,Yes,17,0
OTT-99821,Basic,8.57,34.7,0,1,1,5,1,1,Yes,3,0
OTT-79965,Basic,9.59,63.1,2,1,1,6,0,0,No,8,0
OTT-38837,Basic,8.8,66.8,4,2,2,6,0,0,Yes,23,0
OTT-97463,Premium,22.13,21.9,17,4,3,0,2,0,Yes,13,0
OTT-54937,Basic,9.41,28.0,1,2,2,2,0,2,Yes,21,0
OTT-55066,Standard,13.83,5.7,16,2,2,3,0,1,Yes,3,0
OTT-49032,Standard,13.63,23.2,7,3,3,1,1,0,Yes,42,0
OTT-22950,Basic,9.67,91.0,0,1,1,3,0,0,Yes,1,1
OTT-94092,Basic,9.39,69.8,6,2,1,5,0,0,Yes,11,0
OTT-11254,Basic,8.34,98.7,0,2,1,7,3,0,Yes,5,0
OTT-25684,Standard,15.19,88.4,2,2,1,17,0,0,No,23,0
OTT-30668,Basic,8.65,92.2,0,1,2,10,0,0,Yes,1,0
OTT-35136,Basic,8.1,91.8,4,1,2,9,1,0,Yes,24,0
OTT-21863,Premium,20.68,41.8,7,2,3,9,0,0,Yes,2,0
OTT-11616,Standard,15.38,10.4,19,2,2,0,1,0,Yes,13,0
OTT-70988,Basic,8.77,30.5,5,2,1,4,1,0,Yes,1,0
OTT-97236,Premium,21.62,92.4,2,5,3,5,0,0,No,1,0
OTT-20964,Basic,8.26,94.6,2,1,1,7,2,1,Yes,12,0
OTT-36687,Basic,8.18,31.6,0,1,1,6,0,0,No,18,0
OTT-55569,Basic,8.47,35.7,4,1,2,8,1,1,Yes,19,0
OTT-93474,Premium,21.41,70.7,0,4,3,7,2,0,Yes,36,0
OTT-72482,Basic,9.68,71.6,5,1,1,3,0,0,Yes,19,0
OTT-78956,Standard,15.4,85.7,4,3,1,5,1,1,Yes,25,0
OTT-62299,Standard,13.89,71.4,0,2,2,9,0,0,Yes,3,0
OTT-47532,Standard,13.67,41.1,3,3,2,6,0,0,Yes,25,0
OTT-27979,Basic,8.44,96.6,2,1,1,4,2,0,Yes,17,0
OTT-87787,Basic,9.69,45.3,2,2,1,5,1,0,Yes,7,0
OTT-82370,Standard,14.78,25.2,7,3,2,0,3,1,Yes,28,0
OTT-12259,Basic,9.6,17.9,12,1,1,0,0,0,Yes,12,0
OTT-74385,Standard,14.41,25.6,0,3,1,1,1,0,No,36,0
OTT-17594,Basic,9.17,17.6,11,2,1,2,1,0,Yes,14,0
OTT-76507,Standard,14.98,79.6,3,2,2,9,1,0,No,5,0
OTT-84335,Standard,15.06,99.4,1,2,2,4,1,0,Yes,22,0
OTT-21795,Standard,14.67,73.2,2,2,2,6,0,0,Yes,14,0
OTT-49044,Standard,14.09,109.2,2,2,3,7,1,0,Yes,44,0
OTT-21137,Basic,8.85,55.5,2,1,1,2,0,3,Yes,37,0
OTT-61054,Basic,9.94,43.6,0,2,2,6,0,0,Yes,2,0
OTT-93479,Basic,8.53,61.0,3,1,2,6,1,0,Yes,5,0
OTT-17278,Standard,15.3,21.2,9,3,2,2,0,0,No,2,0
OTT-45781,Basic,9.88,30.4,1,2,1,4,1,0,Yes,15,0
OTT-97579,Basic,9.12,9.8,13,1,1,0,1,0,Yes,2,0
OTT-37085,Basic,8.97,20.5,7,2,1,1,0,0,Yes,10,0
OTT-21899,Basic,8.23,15.7,11,2,1,1,0,0,Yes,15,0
OTT-53972,Standard,15.37,90.9,2,2,1,6,0,0,Yes,27,0
OTT-55753,Standard,15.77,3.9,15,2,1,1,1,2,No,5,1
OTT-69657,Basic,9.95,60.1,0,1,1,8,0,0,Yes,18,0
OTT-38236,Basic,8.39,67.3,1,2,1,7,0,2,Yes,1,0
OTT-96005,Standard,15.79,104.9,2,3,4,5,2,1,Yes,26,0
OTT-56891,Standard,14.42,22.6,0,1,2,2,1,3,Yes,2,0
OTT-35779,Premium,21.85,21.3,8,4,3,0,1,0,No,1,0
OTT-96424,Premium,20.66,44.9,3,4,4,5,2,0,Yes,3,0
OTT-93231,Premium,20.74,116.3,2,4,5,9,2,0,Yes,28,0
OTT-54924,Premium,21.85,45.9,1,3,3,7,3,0,No,5,0
OTT-12237,Premium,21.44,118.8,3,5,5,6,1,0,Yes,12,0
OTT-63723,Standard,15.9,67.8,1,3,3,6,2,0,No,19,0
OTT-59967,Standard,14.15,23.6,10,3,2,1,1,0,Yes,45,0
OTT-23338,Standard,15.69,14.0,9,1,1,0,0,1,No,5,0
OTT-67057,Basic,8.91,63.8,3,1,1,11,3,1,No,5,0
OTT-85670,Basic,8.26,11.8,16,1,2,3,0,0,Yes,13,0
OTT-19530,Premium,20.71,54.1,1,4,2,6,1,0,Yes,6,0
OTT-75098,Standard,15.38,76.6,3,4,4,4,1,0,Yes,14,0
OTT-22630,Basic,9.64,106.3,0,2,1,5,4,2,Yes,4,0
OTT-77393,Basic,8.07,33.1,6,1,1,5,0,0,Yes,19,0
OTT-47719,Basic,8.81,95.9,1,1,1,3,2,0,Yes,4,0
OTT-10585,Basic,8.98,46.3,0,1,1,5,1,0,Yes,10,0
OTT-96959,Standard,15.03,39.7,4,1,1,6,2,0,Yes,1,0
OTT-24937,Standard,15.12,11.3,11,3,1,1,0,0,No,15,0
OTT-63643,Standard,15.57,86.7,2,2,2,5,0,0,Yes,5,0
OTT-26331,Basic,8.54,25.2,4,2,1,3,2,0,Yes,30,1
OTT-93971,Basic,8.21,16.4,8,1,1,1,2,0,Yes,7,0
OTT-76448,Basic,8.36,83.3,1,1,1,5,1,1,No,5,0
OTT-82391,Basic,9.86,10.8,11,2,1,1,0,0,Yes,4,0
OTT-48886,Standard,14.86,12.5,7,3,1,0,0,3,Yes,1,1
OTT-52063,Basic,8.43,35.4,2,2,1,11,0,0,Yes,6,0
OTT-67086,Premium,22.35,52.0,6,3,5,7,0,0,Yes,6,0
OTT-80627,Standard,14.96,62.2,4,2,2,5,0,0,No,32,0
OTT-86227,Basic,8.72,6.5,14,1,1,0,1,0,Yes,13,1
OTT-11605,Basic,8.03,26.9,7,3,1,0,0,1,Yes,2,0
OTT-69719,Basic,9.56,86.1,1,1,2,6,1,0,Yes,8,0
OTT-19822,Basic,9.42,107.4,1,2,1,5,0,0,Yes,5,0
OTT-35913,Premium,20.78,98.0,0,3,2,10,0,1,Yes,45,0
OTT-84647,Standard,14.15,108.1,1,2,3,3,0,0,Yes,1,0
OTT-32545,Standard,14.17,13.0,11,2,1,0,0,0,Yes,21,0
OTT-81712,Standard,15.17,36.7,2,2,2,7,2,0,Yes,37,0
OTT-51670,Premium,20.87,43.5,7,3,4,9,1,0,Yes,5,0
OTT-30937,Premium,20.92,94.1,3,3,3,5,0,0,Yes,1,0
OTT-40081,Basic,8.74,24.5,8,1,1,0,3,1,Yes,6,0
OTT-57768,Basic,9.95,69.6,0,1,1,7,1,2,Yes,44,0
OTT-78862,Basic,8.91,105.8,3,1,1,9,1,0,Yes,15,0
OTT-64540,Basic,8.74,47.4,3,2,1,8,1,0,No,22,0
OTT-93989,Standard,14.67,72.9,4,3,1,7,0,0,No,43,0
OTT-88095,Basic,9.43,79.3,0,2,1,4,2,0,Yes,46,0
OTT-77801,Standard,15.7,11.1,12,1,4,1,0,0,No,8,0
OTT-64279,Basic,9.97,91.1,4,1,1,2,1,0,Yes,20,0
OTT-36086,Standard,14.71,78.3,4,2,4,4,0,1,Yes,21,0
OTT-47131,Basic,8.91,38.9,2,1,2,5,1,0,Yes,6,1
OTT-20700,Basic,8.65,58.4,3,1,2,7,2,0,Yes,26,0
OTT-43676,Premium,22.33,99.2,1,3,3,3,2,0,Yes,4,0
OTT-93381,Basic,9.3,86.5,2,1,1,10,0,0,Yes,3,0
OTT-48328,Standard,14.4,58.7,0,2,2,4,1,0,No,39,0
OTT-20235,Premium,21.55,103.8,1,2,2,2,0,0,Yes,5,0
OTT-68673,Basic,8.4,13.2,13,1,1,2,1,1,No,4,1
OTT-96634,Basic,9.38,48.8,0,1,2,7,0,0,Yes,5,0
OTT-88073,Basic,8.49,8.2,10,1,1,1,1,0,No,9,1
OTT-34666,Basic,8.69,64.9,0,2,2,7,0,0,Yes,39,0
OTT-50850,Premium,20.19,44.2,0,6,2,8,1,0,Yes,3,0
OTT-57790,Premium,20.65,99.2,2,3,3,9,0,0,Yes,5,0
OTT-32305,Basic,8.38,107.0,5,1,1,4,1,0,No,11,0
OTT-34182,Standard,15.33,110.0,0,1,3,8,2,0,Yes,26,0
OTT-31299,Premium,22.07,78.7,2,5,3,4,1,0,Yes,6,0
OTT-99511,Basic,9.07,86.6,4,1,2,7,1,0,No,39,0
OTT-77140,Basic,8.76,106.5,6,3,2,5,1,2,Yes,43,0
OTT-85676,Premium,22.66,34.9,20,4,2,5,1,0,Yes,2,0
OTT-83490,Standard,15.7,51.4,6,1,2,4,0,0,Yes,47,0
OTT-96321,Basic,9.2,11.1,11,2,1,4,0,0,Yes,10,0
OTT-19474,Standard,15.13,37.5,1,3,3,6,1,3,No,10,1
OTT-89346,Basic,9.58,97.2,0,1,2,8,0,0,Yes,11,0
OTT-15990,Standard,15.3,44.8,5,1,2,2,0,0,Yes,24,0
OTT-52787,Standard,14.05,45.8,1,4,2,2,0,0,Yes,43,0
OTT-63498,Basic,9.0,87.7,3,3,2,4,1,0,Yes,41,0
OTT-42207,Standard,13.87,24.7,9,3,2,1,0,0,Yes,46,0
OTT-23155,Standard,15.51,40.3,0,1,1,6,1,0,Yes,12,0
OTT-27306,Standard,15.12,82.6,2,1,1,6,0,0,Yes,27,0
OTT-84218,Standard,15.94,61.3,5,3,2,1,1,0,Yes,40,0
OTT-38684,Standard,13.83,13.5,7,1,1,3,0,0,Yes,6,0
OTT-37929,Basic,9.01,67.8,0,1,2,6,0,0,Yes,4,0
OTT-93101,Basic,9.44,90.4,3,1,1,7,1,1,No,16,0
OTT-22948,Standard,15.66,30.8,6,2,3,7,0,0,No,40,0
OTT-92373,Standard,15.62,9.4,7,2,4,2,0,0,Yes,6,0
OTT-92886,Basic,8.39,102.2,0,3,1,9,0,0,No,9,0
OTT-63869,Premium,22.94,14.5,26,2,4,2,1,0,No,5,1
OTT-24897,Premium,22.93,76.6,3,6,4,3,2,0,Yes,3,0
OTT-24027,Basic,9.93,34.6,2,1,1,5,2,0,Yes,14,1
OTT-35624,Basic,9.22,28.9,1,2,1,3,1,1,Yes,6,0
OTT-61966,Standard,15.57,35.7,0,3,1,2,0,0,Yes,42,0
OTT-23825,Basic,8.14,46.9,0,1,2,5,1,1,Yes,3,0
OTT-51008,Premium,20.76,103.8,0,5,5,9,0,0,Yes,24,0
OTT-20393,Standard,13.72,31.7,2,2,2,3,0,0,Yes,2,0
OTT-58625,Basic,9.0,34.1,4,2,1,8,0,0,Yes,48,0
OTT-11903,Basic,9.92,84.7,3,2,1,10,0,0,Yes,8,0
OTT-73812,Basic,9.29,44.7,6,1,2,4,2,3,No,1,0
OTT-14985,Standard,14.64,41.0,1,1,1,5,1,0,Yes,3,0
OTT-27533,Basic,9.58,73.3,2,1,1,6,1,0,Yes,4,0
OTT-25717,Premium,21.64,52.9,2,3,5,3,0,0,No,19,0
OTT-84788,Standard,14.63,77.4,3,3,2,7,0,0,Yes,33,0
OTT-14804,Premium,21.88,49.3,1,6,4,8,3,0,Yes,8,0
OTT-48632,Basic,9.01,42.5,2,1,1,7,0,0,Yes,10,0
OTT-63202,Basic,9.27,61.6,0,1,1,6,0,1,Yes,18,0
OTT-56439,Premium,22.4,103.5,1,3,4,10,1,0,Yes,23,0
OTT-71263,Basic,8.91,39.9,1,2,2,3,3,3,Yes,17,1
OTT-82278,Basic,8.82,99.4,0,1,1,5,0,0,Yes,21,0
OTT-45426,Premium,21.67,45.6,7,4,3,7,1,0,Yes,21,0
OTT-84538,Standard,15.75,64.3,2,4,3,8,0,0,Yes,46,0
OTT-38618,Premium,21.26,33.3,13,5,3,9,1,0,No,1,0
OTT-98597,Basic,9.69,31.7,3,2,2,8,0,0,Yes,2,0
OTT-55406,Standard,15.03,104.6,3,2,3,7,1,0,Yes,5,0
OTT-76240,Standard,13.52,10.7,13,1,3,0,0,1,Yes,18,1
OTT-88749,Standard,14.68,48.3,1,2,3,6,1,0,Yes,5,0
OTT-81337,Basic,8.41,50.9,0,1,2,9,1,1,Yes,38,0
OTT-86600,Premium,20.44,56.7,0,5,5,7,2,0,Yes,23,0
OTT-58285,Basic,8.46,22.2,6,2,2,3,1,0,No,22,0
OTT-13912,Standard,15.27,40.2,4,4,2,9,1,0,Yes,40,0
OTT-54377,Premium,21.87,113.0,2,2,3,5,0,0,Yes,5,0
OTT-26334,Standard,14.83,40.1,0,2,4,10,1,1,Yes,42,0
OTT-90019,Basic,8.98,89.2,3,2,1,7,3,0,Yes,2,0
OTT-31306,Standard,14.46,58.6,0,2,2,7,1,0,No,23,0
OTT-30526,Standard,15.71,29.1,1,2,2,0,0,2,Yes,32,0
OTT-32444,Basic,9.85,94.8,0,2,1,4,0,0,Yes,44,0
OTT-67830,Basic,9.52,77.9,0,1,1,5,0,0,Yes,24,0
OTT-61410,Standard,14.21,75.9,3,2,1,5,0,0,No,1,0
OTT-95394,Standard,15.77,35.2,5,3,1,6,0,0,Yes,44,0
OTT-47463,Premium,22.45,90.0,2,3,5,5,1,0,Yes,9,0
OTT-35404,Basic,8.24,92.1,5,2,1,8,1,0,Yes,15,0
OTT-14432,Basic,8.67,27.9,8,1,1,3,0,1,No,3,1
OTT-10636,Basic,8.65,8.4,14,1,1,1,0,0,Yes,3,0
OTT-43624,Premium,22.18,89.4,0,6,3,1,3,1,Yes,9,0
OTT-93322,Premium,21.56,38.6,21,3,4,4,4,0,Yes,4,0
OTT-57137,Premium,20.79,17.4,9,4,3,3,2,0,Yes,20,0
OTT-90418,Standard,14.07,5.6,17,2,2,1,0,0,No,33,0
OTT-19150,Basic,8.91,86.4,0,1,2,5,2,3,Yes,43,0
OTT-18398,Standard,15.15,15.2,10,2,2,3,0,0,Yes,6,1
OTT-85010,Basic,9.01,27.2,1,1,1,2,0,3,Yes,38,0
OTT-19606,Basic,8.51,31.8,3,2,2,3,1,1,No,4,0
OTT-14676,Basic,9.23,36.7,1,1,1,4,1,0,No,8,0
OTT-46367,Basic,9.99,95.2,3,1,1,9,1,1,Yes,37,0
OTT-93234,Basic,8.34,85.4,1,2,1,8,0,0,Yes,3,0
OTT-72043,Premium,21.58,109.7,0,3,4,5,2,0,Yes,5,0
OTT-18920,Standard,14.43,102.0,4,1,1,5,0,0,Yes,6,0
OTT-85340,Standard,14.04,48.6,6,2,2,12,1,0,No,7,0
OTT-85920,Basic,9.74,87.4,3,2,1,6,1,0,Yes,31,0
OTT-82061,Standard,15.88,54.1,2,2,2,3,0,1,Yes,5,0
OTT-91237,Basic,8.69,91.1,1,1,1,5,1,0,Yes,5,0
OTT-31588,Basic,8.68,21.9,12,2,1,2,1,1,Yes,15,0
OTT-98160,Basic,8.17,109.1,5,2,2,5,0,1,Yes,4,0
OTT-38862,Basic,9.23,88.6,0,2,1,4,0,0,No,20,0
OTT-82181,Premium,20.07,24.1,17,5,3,0,0,0,Yes,31,0
OTT-62142,Premium,21.48,105.3,4,5,4,6,0,0,Yes,29,0
OTT-80152,Basic,8.3,30.9,6,1,1,6,1,0,No,32,0
OTT-66503,Standard,15.17,70.1,4,4,1,8,1,0,Yes,9,0
OTT-67822,Basic,9.85,35.8,0,2,1,11,0,0,Yes,38,0
OTT-65464,Basic,8.17,17.9,8,1,1,2,1,1,Yes,3,1
OTT-80108,Standard,15.43,23.9,7,3,1,1,3,0,Yes,1,0
OTT-76513,Standard,15.57,47.4,0,2,3,8,0,0,Yes,18,0
OTT-22109,Standard,13.93,35.4,1,3,1,5,1,0,Yes,6,0
OTT-84344,Basic,9.84,49.7,0,3,1,5,1,0,No,44,1
OTT-58245,Standard,15.04,37.3,2,1,2,8,1,0,No,20,0
OTT-39077,Basic,9.06,38.2,0,1,2,4,1,0,Yes,24,0
OTT-56279,Basic,9.33,83.4,2,2,1,3,1,0,Yes,1,0
OTT-97027,Basic,8.57,84.0,1,2,1,5,0,2,Yes,11,0
OTT-87180,Basic,8.04,68.6,1,2,1,6,0,0,Yes,10,0
OTT-85032,Basic,8.87,44.2,5,1,1,6,2,0,Yes,4,0
OTT-51651,Basic,9.48,18.6,7,2,1,1,0,0,Yes,18,0
OTT-80571,Standard,15.79,105.5,1,3,1,3,0,0,Yes,15,0
OTT-44657,Basic,8.85,55.8,5,2,2,11,0,0,No,38,0
OTT-71754,Basic,8.52,59.3,4,1,2,4,1,0,Yes,8,0
OTT-67560,Premium,20.38,70.7,6,3,2,7,0,1,Yes,6,0
OTT-32481,Premium,22.8,55.5,4,4,4,8,0,1,No,18,0
OTT-33981,Basic,8.45,3.7,14,2,1,1,0,0,No,17,1
OTT-15501,Basic,9.81,21.8,9,1,1,0,0,0,Yes,6,0
OTT-22579,Basic,8.36,36.2,3,1,1,6,0,0,Yes,11,0
OTT-49025,Premium,20.04,8.3,29,5,2,0,0,0,No,2,1
OTT-53008,Basic,8.44,56.0,2,1,1,9,1,0,Yes,6,0
OTT-24860,Basic,8.98,14.1,7,1,1,4,0,0,Yes,20,0
OTT-47519,Standard,14.36,70.4,5,2,2,9,2,0,Yes,4,0
OTT-64375,Standard,15.76,41.9,2,3,2,8,2,1,Yes,15,0
OTT-30931,Basic,9.08,1.1,26,1,1,0,2,0,No,3,1
OTT-40440,Basic,8.23,6.8,19,2,1,0,2,0,No,13,1
OTT-43075,Basic,9.24,79.8,1,1,1,6,0,0,Yes,2,0
OTT-55454,Basic,8.77,24.7,9,3,1,1,0,2,Yes,29,0
OTT-42974,Basic,9.35,94.6,0,2,2,7,1,0,No,1,0
OTT-76324,Premium,22.35,94.2,4,5,3,5,2,0,Yes,20,0
OTT-39474,Standard,15.95,28.5,6,3,2,4,0,0,Yes,3,0
OTT-49050,Standard,14.93,38.5,5,4,3,9,0,0,Yes,5,0
OTT-44151,Standard,14.41,8.0,8,2,2,6,0,0,Yes,19,0
OTT-26462,Standard,14.57,38.3,3,1,2,3,2,0,Yes,44,0
OTT-71716,Basic,8.8,24.7,2,1,1,1,0,2,Yes,43,0
OTT-31189,Standard,14.62,84.9,0,4,2,2,0,0,No,1,0
OTT-36718,Basic,8.05,18.9,7,2,1,1,2,0,No,3,1
OTT-81346,Basic,8.48,25.1,0,1,1,1,3,0,Yes,12,0
OTT-95396,Basic,9.97,76.4,3,1,1,5,0,0,Yes,8,0
OTT-70375,Standard,15.81,24.3,10,2,3,1,1,3,Yes,2,1
OTT-92470,Standard,13.61,24.5,5,1,3,0,0,2,Yes,36,0
OTT-86876,Standard,15.94,10.5,8,2,3,2,2,0,Yes,11,0
OTT-53281,Standard,15.47,63.5,1,1,2,9,1,0,Yes,17,0
OTT-79325,Premium,20.0,50.2,0,5,2,5,2,0,Yes,5,1
OTT-39552,Basic,9.82,23.9,0,1,1,1,0,0,Yes,12,0
OTT-51444,Basic,9.91,73.3,5,1,2,11,0,0,No,2,0
OTT-58188,Standard,15.06,71.5,3,1,4,2,0,0,Yes,48,0
OTT-96443,Standard,15.46,93.0,1,2,3,5,0,0,Yes,4,0
OTT-86369,Basic,8.66,28.9,4,2,1,0,1,0,Yes,27,0
OTT-54032,Basic,9.13,101.0,3,2,1,8,1,1,Yes,31,0
OTT-68732,Premium,22.18,35.7,6,5,3,13,0,0,Yes,12,0
OTT-28211,Basic,9.11,48.5,6,2,1,8,1,0,Yes,5,0
OTT-82394,Premium,20.9,46.7,6,4,3,11,1,0,No,3,0
OTT-59772,Standard,15.11,43.5,2,1,2,4,1,1,No,21,0
OTT-57944,Premium,22.51,101.1,5,4,4,2,1,0,Yes,8,0
OTT-78964,Basic,9.66,33.0,2,1,2,5,0,0,Yes,44,0
OTT-66961,Standard,13.82,12.0,11,3,1,2,0,0,Yes,4,0
OTT-16521,Basic,8.88,75.8,0,1,1,6,1,0,Yes,46,0
OTT-35933,Basic,8.07,23.9,0,1,1,1,4,0,Yes,4,1
OTT-25904,Basic,9.26,75.0,3,1,1,9,1,0,Yes,2,0
OTT-76139,Basic,8.47,3.1,33,2,2,2,2,0,No,3,1
OTT-13163,Basic,9.85,28.1,2,2,2,0,2,1,Yes,15,0
OTT-28216,Standard,15.04,8.1,9,3,2,0,2,0,No,5,0
OTT-63769,Basic,8.79,57.7,4,2,1,9,1,0,Yes,6,0
OTT-72531,Basic,9.45,96.7,1,1,1,1,0,0,Yes,42,0
OTT-55296,Basic,8.4,26.7,9,2,1,1,0,0,Yes,11,0
OTT-87463,Standard,13.72,92.5,1,2,3,2,0,0,Yes,3,0
OTT-92703,Basic,8.16,79.1,6,2,2,2,2,0,Yes,6,0
OTT-21889,Standard,14.95,59.5,0,3,2,4,0,0,Yes,10,0
OTT-95725,Basic,9.77,91.4,1,1,2,11,0,1,Yes,1,0
OTT-65293,Standard,14.05,23.1,11,2,2,4,1,0,Yes,6,0
OTT-67259,Standard,15.39,38.2,0,2,1,3,1,0,Yes,11,0
OTT-18558,Standard,13.58,85.0,5,2,2,6,1,0,No,5,0
OTT-65967,Standard,14.37,91.7,4,1,4,6,0,0,Yes,16,0
OTT-75313,Premium,21.95,114.7,0,4,5,6,2,1,Yes,2,0
OTT-62270,Basic,9.64,86.2,3,2,2,7,0,2,Yes,6,0
OTT-17604,Basic,9.88,86.5,2,1,1,11,0,0,Yes,1,0
OTT-57089,Premium,21.89,123.4,0,4,5,4,0,0,Yes,5,0
OTT-94233,Premium,21.38,23.4,7,5,4,3,1,0,Yes,2,0
OTT-75106,Standard,13.64,70.4,0,1,2,1,1,0,Yes,5,0
OTT-22366,Basic,8.54,100.6,3,2,1,5,0,0,No,45,0
OTT-96393,Basic,9.84,20.6,8,1,1,1,0,1,Yes,41,1
OTT-96298,Premium,21.74,23.0,16,4,4,4,0,1,Yes,2,0
OTT-25245,Standard,14.35,9.0,10,4,2,2,0,0,Yes,20,0
OTT-82078,Basic,8.49,12.3,12,2,2,0,1,0,Yes,16,0
OTT-46604,Basic,8.22,3.4,16,2,2,2,1,1,No,36,0
OTT-63430,Standard,15.37,28.9,6,4,3,0,0,1,Yes,5,1
OTT-50066,Standard,14.52,76.8,6,2,1,7,0,0,Yes,4,0
OTT-80435,Premium,22.8,69.9,6,4,3,5,1,0,No,3,0
OTT-99698,Basic,8.9,12.8,7,2,2,1,0,0,Yes,6,0
OTT-81559,Basic,9.63,86.0,2,1,2,4,2,0,Yes,2,0
OTT-93822,Basic,8.25,21.5,11,1,1,0,1,0,Yes,37,1
OTT-95141,Standard,13.87,25.5,4,2,2,0,0,0,No,35,0
OTT-18109,Basic,8.54,60.7,1,2,1,9,0,0,Yes,3,0
OTT-32804,Basic,8.37,85.4,1,2,2,8,1,0,Yes,14,0
OTT-74966,Basic,9.94,10.1,12,1,1,0,0,0,Yes,5,1
OTT-63106,Basic,9.61,92.0,1,2,1,1,0,0,Yes,14,0
OTT-14513,Premium,21.04,36.3,12,4,2,7,3,0,Yes,18,0
OTT-18554,Basic,9.03,85.2,4,1,1,4,2,3,No,1,0
OTT-56848,Standard,14.82,44.0,1,2,4,5,1,0,Yes,25,0
OTT-65454,Standard,15.01,87.8,1,2,3,5,0,0,No,25,0
OTT-25094,Basic,8.2,2.9,16,2,1,2,0,0,Yes,19,1
OTT-25416,Standard,14.36,25.2,9,3,1,1,1,0,Yes,16,0
OTT-21640,Premium,20.25,60.2,0,4,4,5,0,0,Yes,23,0
OTT-60844,Standard,15.79,45.6,6,4,3,4,1,0,Yes,2,0
OTT-10706,Standard,14.5,81.0,0,3,2,4,1,0,Yes,6,0
OTT-61518,Premium,22.17,75.6,1,3,4,4,0,1,Yes,19,0
OTT-52833,Premium,22.75,27.7,14,5,5,0,1,0,Yes,4,0
OTT-51938,Premium,20.92,35.2,2,3,3,5,2,0,No,25,0
OTT-71134,Basic,8.17,10.0,17,1,2,0,2,1,Yes,20,1
OTT-57036,Standard,14.33,62.4,6,2,2,3,2,1,Yes,13,0
OTT-75496,Standard,15.17,56.6,0,2,1,8,0,0,Yes,3,0
OTT-78752,Basic,8.99,43.6,4,2,2,2,3,0,Yes,40,0
OTT-92809,Basic,8.14,70.9,2,1,2,8,1,0,Yes,1,0
OTT-81931,Premium,20.2,88.9,1,4,2,6,1,1,Yes,3,0
OTT-56593,Basic,9.39,22.2,6,1,1,0,1,0,Yes,5,0
OTT-54293,Premium,22.2,37.0,8,5,4,7,0,0,Yes,18,0
OTT-31213,Premium,20.32,99.7,1,3,5,3,0,0,Yes,29,0
OTT-63962,Basic,9.58,47.0,5,1,1,9,0,1,Yes,1,0
OTT-22522,Basic,8.68,108.6,4,1,2,7,0,0,No,35,0
OTT-93810,Premium,20.19,50.1,2,6,4,3,0,0,Yes,1,0
OTT-86053,Basic,8.66,35.4,3,1,1,4,0,0,Yes,20,0
OTT-20775,Standard,15.32,25.9,4,3,1,0,2,0,Yes,4,0
OTT-80735,Basic,9.3,82.4,2,2,2,5,0,0,Yes,22,0
OTT-20539,Basic,8.95,47.6,0,1,2,6,1,0,Yes,18,0
OTT-74909,Basic,8.55,46.1,2,1,1,5,2,0,Yes,8,0
OTT-17893,Basic,8.83,31.7,1,1,1,8,0,0,Yes,5,0
OTT-53936,Premium,21.13,55.8,0,3,2,6,2,0,Yes,36,0
OTT-69207,Basic,8.77,42.3,1,1,1,4,0,0,Yes,26,0
OTT-75592,Basic,8.97,5.4,16,1,1,3,1,0,Yes,11,0
OTT-47674,Standard,14.63,80.3,0,3,4,13,0,0,Yes,22,0
OTT-92945,Premium,20.3,59.2,5,3,4,4,1,0,Yes,32,0
OTT-79688,Basic,8.57,5.0,18,1,1,0,1,0,Yes,3,0
OTT-28743,Standard,13.81,109.3,2,2,1,6,3,0,Yes,48,0
OTT-70410,Basic,9.19,81.9,2,1,1,6,0,1,Yes,1,0
OTT-75747,Premium,21.26,134.1,2,3,4,7,2,0,No,30,0
OTT-40027,Standard,15.17,29.0,0,2,1,5,1,0,Yes,2,0
OTT-76440,Premium,20.25,66.0,3,4,3,3,0,0,Yes,4,0
OTT-90852,Standard,14.35,42.3,2,2,4,3,1,0,Yes,12,0
OTT-83539,Premium,20.53,128.5,2,4,3,3,0,1,Yes,8,0
OTT-78627,Basic,8.17,101.7,0,2,1,6,0,0,Yes,31,0
OTT-67104,Standard,15.42,72.1,2,3,3,9,0,0,Yes,39,0
OTT-34347,Standard,13.82,49.0,3,2,2,3,0,0,Yes,3,1
OTT-81569,Basic,8.34,7.0,16,2,1,2,0,0,Yes,4,0
OTT-42776,Premium,21.09,38.0,8,4,4,5,1,0,Yes,3,0
OTT-57897,Standard,14.22,72.5,3,1,1,6,0,0,Yes,18,0
OTT-38299,Premium,22.75,102.2,0,2,2,7,1,0,No,12,0
OTT-38171,Basic,9.97,82.5,0,1,1,6,0,0,Yes,43,0
OTT-24184,Premium,21.26,49.8,6,3,3,13,2,2,Yes,27,0
OTT-96515,Basic,8.39,23.2,7,1,2,1,0,0,No,2,0
OTT-23300,Premium,21.48,66.6,1,3,5,7,2,0,Yes,12,0
OTT-17763,Basic,8.98,98.6,0,1,1,6,2,0,Yes,23,0
OTT-94250,Standard,14.66,49.2,4,3,3,4,0,0,Yes,23,0
OTT-59950,Basic,8.03,71.7,0,1,2,5,1,0,No,6,0
OTT-49410,Standard,13.81,47.1,0,2,1,12,2,0,Yes,6,0
OTT-76373,Basic,8.27,22.8,3,1,1,1,2,0,Yes,10,0
OTT-44498,Premium,21.05,31.7,13,4,3,6,1,0,Yes,2,1
OTT-21512,Premium,21.73,112.7,6,3,3,2,2,1,Yes,38,0
OTT-75670,Basic,9.75,103.3,0,1,1,2,1,0,Yes,5,0
OTT-25839,Premium,20.66,92.9,6,6,3,5,2,0,Yes,21,0
OTT-59768,Standard,15.42,38.6,5,2,2,3,1,0,Yes,11,0
OTT-95415,Basic,8.44,37.0,1,1,1,4,0,0,Yes,39,0
OTT-94251,Basic,8.06,56.3,1,1,1,10,0,0,Yes,4,0
OTT-42470,Basic,9.29,14.6,11,2,1,1,0,2,Yes,2,0
OTT-80226,Basic,8.42,57.9,3,1,1,8,0,0,Yes,2,0
OTT-65140,Standard,15.79,41.8,2,3,1,10,0,0,Yes,7,0
OTT-53142,Standard,15.82,109.0,1,3,1,9,2,0,Yes,1,0
OTT-22593,Basic,8.2,9.7,10,2,1,2,2,2,Yes,48,0
OTT-43871,Premium,20.57,104.0,3,5,3,5,2,0,Yes,3,0
OTT-68671,Basic,8.41,72.0,6,1,1,6,1,0,Yes,5,0
OTT-98795,Premium,22.72,98.0,0,3,3,12,1,0,Yes,16,0
OTT-10440,Premium,20.22,81.3,5,5,5,6,1,0,Yes,36,0
OTT-74597,Standard,15.37,101.6,5,2,2,7,0,0,No,45,0
OTT-86169,Standard,14.21,81.4,6,3,3,5,0,1,No,12,0
OTT-95606,Basic,9.15,45.8,3,1,2,5,1,0,No,10,0
OTT-48141,Premium,20.52,60.3,4,3,4,6,0,1,Yes,16,0
OTT-20662,Standard,15.51,10.1,17,1,2,0,0,0,Yes,17,0
OTT-34386,Premium,22.0,89.8,3,6,5,9,0,0,Yes,2,0
OTT-86547,Basic,8.03,8.8,19,1,1,3,0,1,Yes,9,0
OTT-89013,Standard,14.08,55.1,5,2,2,2,3,0,Yes,29,0
OTT-67336,Basic,8.92,87.0,6,2,1,5,0,0,Yes,5,1
OTT-21046,Standard,14.82,59.3,2,2,2,5,0,1,Yes,11,0
OTT-20972,Standard,15.56,65.4,1,2,3,3,0,0,Yes,11,0
OTT-53035,Basic,8.76,103.7,6,1,1,4,0,0,No,7,0
OTT-62942,Basic,9.84,17.9,8,1,1,0,2,0,Yes,3,0
OTT-12914,Basic,8.38,12.5,7,2,1,0,0,0,Yes,21,0
OTT-71747,Basic,9.71,68.8,6,1,2,6,1,0,Yes,43,0
OTT-59005,Basic,9.8,22.8,3,1,1,1,1,0,Yes,1,1
OTT-11107,Basic,9.24,46.5,0,1,1,3,1,0,No,4,0
OTT-18610,Basic,9.93,75.2,0,2,1,4,1,0,Yes,2,0
OTT-50888,Standard,14.52,28.2,4,2,1,2,1,0,Yes,2,0
OTT-75031,Standard,15.24,17.1,7,1,2,1,1,0,Yes,30,0
OTT-84285,Basic,8.01,74.7,5,1,1,3,2,0,Yes,20,0
OTT-48816,Basic,8.54,41.9,1,2,1,9,0,2,Yes,3,0
OTT-36582,Standard,14.91,3.4,14,4,2,3,1,0,No,3,0
OTT-97146,Basic,9.74,80.9,4,1,2,4,0,0,Yes,48,0
OTT-51268,Basic,9.9,3.4,45,1,1,2,0,0,No,3,1
OTT-38384,Standard,14.94,49.0,0,3,2,6,1,1,Yes,23,0
OTT-49807,Premium,22.56,58.3,2,4,3,8,4,1,Yes,6,0
OTT-11088,Basic,9.59,108.6,3,2,1,6,0,0,Yes,4,0
OTT-37173,Premium,22.31,103.0,0,3,4,6,0,1,Yes,11,0
OTT-56399,Basic,8.21,11.3,15,2,2,0,3,1,Yes,5,1
OTT-92658,Basic,8.95,26.1,1,1,1,1,0,0,Yes,13,0
OTT-76439,Basic,8.96,26.7,9,2,2,1,1,0,No,6,1
OTT-80315,Standard,15.46,95.8,0,2,2,4,0,0,Yes,9,0
OTT-59040,Standard,14.96,14.0,9,2,2,1,2,1,Yes,41,0
OTT-19952,Standard,15.54,20.5,9,1,1,0,0,2,Yes,18,1
OTT-45182,Premium,22.86,62.9,1,5,4,8,0,1,Yes,5,0
OTT-99732,Standard,14.88,58.8,6,2,3,2,0,0,Yes,16,0
OTT-13975,Basic,9.57,75.0,1,1,1,6,1,0,Yes,48,0
OTT-89127,Standard,14.89,31.7,5,1,3,6,0,0,No,4,0
OTT-71603,Basic,9.24,27.3,8,1,1,2,1,0,Yes,6,0
OTT-35551,Standard,14.68,103.8,0,2,2,2,0,0,Yes,40,0
OTT-80018,Premium,22.87,111.4,6,2,3,1,0,0,Yes,4,0
OTT-85319,Standard,15.53,33.3,4,2,2,6,0,0,Yes,9,0
OTT-13889,Basic,9.49,8.4,16,1,1,0,1,1,Yes,48,0
OTT-19577,Standard,14.31,100.4,5,3,3,4,2,0,Yes,1,0
OTT-69916,Basic,8.96,34.1,0,2,2,8,0,0,Yes,12,0
OTT-99918,Basic,9.72,79.0,1,1,1,3,0,0,Yes,9,0
OTT-12156,Standard,15.83,40.0,1,2,2,8,0,0,No,6,0
OTT-69910,Basic,9.99,82.7,4,2,2,8,0,0,Yes,37,0
OTT-22287,Basic,9.46,21.0,9,3,1,3,3,1,Yes,1,0
OTT-68510,Standard,15.32,98.7,2,3,1,7,1,2,Yes,3,0
OTT-66097,Basic,8.18,17.7,9,2,2,1,1,0,Yes,46,0
OTT-18139,Basic,9.49,88.8,3,1,1,7,0,0,Yes,2,0
OTT-71264,Premium,21.03,67.5,5,4,2,10,1,0,Yes,43,0
OTT-90732,Basic,9.72,78.6,2,1,2,9,2,0,Yes,3,0
OTT-87709,Basic,8.01,99.2,0,1,1,4,1,0,Yes,15,0
OTT-12609,Premium,22.79,97.3,1,4,4,1,0,0,Yes,5,0
OTT-32132,Basic,8.96,99.3,0,1,1,3,0,0,Yes,11,0
OTT-31674,Premium,20.37,95.5,4,4,4,11,1,0,Yes,36,0
OTT-50795,Standard,14.99,70.5,3,4,2,5,1,2,Yes,26,0
OTT-22871,Standard,15.22,26.3,7,2,3,2,0,0,Yes,45,0
OTT-86890,Basic,9.55,50.5,2,1,2,10,0,0,No,20,0
OTT-79908,Basic,9.39,87.9,6,1,1,8,0,0,Yes,36,0
OTT-82750,Premium,21.65,98.5,2,4,3,8,4,0,Yes,9,0
OTT-27838,Basic,8.15,93.7,1,1,2,4,1,0,Yes,45,0
OTT-11311,Standard,15.65,18.0,7,2,2,5,0,0,Yes,9,0
OTT-91956,Premium,22.94,84.4,2,6,3,5,2,1,Yes,36,0
OTT-36001,Standard,15.44,25.0,3,4,4,2,2,0,Yes,3,0
OTT-69063,Basic,8.06,104.0,1,2,1,6,0,0,Yes,18,0
OTT-91848,Standard,15.38,56.1,6,1,1,8,1,0,Yes,14,0
OTT-13254,Standard,14.16,70.6,4,1,2,6,0,0,Yes,4,0
OTT-10492,Basic,9.91,0.7,42,1,2,0,1,0,No,1,0
OTT-10488,Premium,20.18,103.4,6,5,4,5,1,0,Yes,30,0
OTT-24069,Basic,8.17,52.5,0,2,1,2,1,0,Yes,10,0
OTT-14649,Premium,20.53,41.4,8,4,4,7,2,0,Yes,5,1
OTT-83797,Basic,9.5,22.7,7,2,1,1,0,0,Yes,3,0
OTT-64532,Basic,9.29,75.7,5,1,1,3,0,2,Yes,1,0
OTT-98203,Standard,15.31,24.7,3,3,1,2,1,1,Yes,20,0
OTT-82132,Basic,8.7,92.9,2,1,1,6,1,0,Yes,29,0
OTT-96685,Basic,9.75,71.4,2,2,2,5,0,1,No,26,0
OTT-31469,Basic,8.88,43.0,0,1,1,8,0,0,No,21,0
OTT-35901,Premium,20.39,21.8,7,4,4,0,0,0,No,14,0
OTT-86445,Basic,9.52,93.4,4,2,1,6,0,3,Yes,6,0
OTT-32039,Standard,14.81,104.4,3,2,1,5,2,0,Yes,44,0
OTT-15150,Standard,14.97,93.6,2,3,2,3,1,2,No,4,0
OTT-70221,Standard,14.45,100.0,4,1,2,11,0,0,Yes,5,0
OTT-82085,Basic,9.41,65.1,2,2,1,1,0,0,Yes,29,0
OTT-97136,Basic,8.06,16.3,10,1,1,1,0,0,Yes,40,0
OTT-93500,Premium,21.46,35.6,13,2,3,6,4,0,Yes,3,1
OTT-20820,Standard,14.56,56.7,0,2,3,5,0,0,Yes,23,0
OTT-79488,Premium,22.23,24.3,14,3,3,0,0,0,Yes,18,0
OTT-86150,Standard,14.15,75.9,5,2,2,5,1,0,Yes,1,0
OTT-72830,Premium,20.69,39.5,9,3,2,8,0,0,Yes,6,0
OTT-83781,Premium,20.95,23.8,14,3,4,2,1,0,No,6,0
OTT-85417,Standard,14.69,40.7,0,1,3,6,0,0,No,20,0
OTT-50189,Premium,20.62,27.6,10,4,3,0,0,0,Yes,17,0
OTT-13613,Basic,9.36,59.0,2,1,1,5,4,2,Yes,10,1
OTT-51057,Basic,8.65,39.5,3,1,1,7,1,0,Yes,3,0
OTT-28160,Standard,14.54,28.3,0,2,4,0,3,0,Yes,41,0
OTT-20235,Standard,14.88,40.2,5,1,2,8,2,1,Yes,15,0
OTT-21243,Basic,8.74,20.4,7,1,1,1,1,1,Yes,48,0
OTT-72762,Standard,15.24,24.2,13,2,3,1,0,0,Yes,3,0
OTT-55407,Standard,15.13,62.7,0,3,3,4,2,0,Yes,15,0
OTT-58584,Premium,22.26,88.3,0,2,3,9,2,0,Yes,43,0
OTT-77066,Basic,9.04,79.2,1,1,1,4,3,0,Yes,4,0
OTT-59343,Basic,8.72,79.3,0,2,1,7,0,0,Yes,3,0
OTT-66700,Standard,13.99,11.9,18,4,2,2,1,0,Yes,4,0
OTT-17742,Standard,14.58,75.6,1,4,3,7,0,0,No,5,0
OTT-86600,Premium,22.61,81.8,4,4,4,3,1,0,Yes,12,0
OTT-50389,Basic,8.23,98.3,1,1,2,6,1,0,Yes,1,0
OTT-23969,Basic,8.42,76.6,6,1,1,6,1,1,Yes,5,0
OTT-83198,Premium,21.99,86.2,1,3,4,5,3,0,Yes,9,0
OTT-76115,Basic,9.14,87.3,5,1,1,4,0,0,Yes,2,0
OTT-14772,Standard,15.78,3.5,24,2,2,0,1,0,Yes,4,1
OTT-27373,Basic,8.05,8.4,19,1,1,3,0,1,Yes,11,0
OTT-11417,Basic,9.75,89.5,3,1,1,5,1,2,Yes,2,0
OTT-34368,Premium,22.17,106.1,2,6,2,4,2,0,Yes,2,0
OTT-18998,Basic,9.54,38.5,0,1,1,2,1,0,No,4,0
OTT-73890,Basic,8.75,67.3,5,1,1,7,0,1,Yes,6,0
OTT-57029,Standard,14.26,93.3,4,1,1,6,2,1,Yes,14,0
OTT-98217,Basic,8.02,16.1,9,1,1,1,1,1,Yes,5,0
OTT-77447,Basic,9.56,103.6,0,1,2,3,1,0,Yes,6,1
OTT-65038,Standard,13.89,26.2,6,2,1,1,2,0,Yes,39,0
OTT-55837,Basic,8.44,80.5,0,1,1,5,0,0,Yes,28,0
OTT-14904,Standard,14.18,42.5,0,4,2,8,1,1,Yes,5,0
OTT-16318,Basic,9.73,79.1,2,1,1,5,0,0,No,2,0
OTT-65467,Basic,8.57,105.5,2,1,1,6,0,2,Yes,11,1
OTT-10394,Basic,8.84,19.5,7,2,1,0,0,0,Yes,39,0
OTT-13811,Premium,22.23,83.8,4,4,5,1,1,0,Yes,42,0
OTT-29721,Basic,9.77,97.6,3,1,1,4,0,1,Yes,4,0
OTT-89572,Premium,22.36,81.6,4,4,4,3,0,2,Yes,5,0
OTT-51303,Basic,9.06,19.3,11,2,1,0,1,0,Yes,9,0
OTT-73861,Basic,7.99,14.1,7,1,2,0,0,0,No,31,0
OTT-47040,Standard,13.88,70.3,3,4,2,3,1,0,Yes,31,0
OTT-25581,Basic,8.5,22.3,13,1,2,3,0,0,Yes,4,0
OTT-43403,Standard,14.52,66.8,1,1,4,3,2,0,No,18,0
OTT-18254,Premium,21.08,40.5,11,3,5,10,0,0,Yes,1,0
OTT-79322,Premium,21.53,46.0,3,5,2,9,1,0,Yes,19,1
OTT-26517,Standard,14.52,41.2,1,2,2,6,2,0,Yes,43,0
OTT-43873,Standard,15.31,96.8,1,1,3,7,0,2,Yes,18,0
OTT-98201,Basic,8.09,106.4,1,2,1,10,0,0,Yes,4,0
OTT-63276,Standard,15.98,7.2,15,4,1,0,1,0,Yes,15,0
OTT-51269,Basic,9.68,95.0,3,1,1,10,1,0,Yes,12,0
OTT-58870,Basic,8.66,26.1,3,1,2,1,0,0,Yes,42,0
OTT-80566,Standard,14.48,97.1,5,2,3,5,1,2,Yes,3,0
OTT-32903,Basic,9.92,47.3,0,1,2,6,1,1,Yes,36,0
OTT-67276,Standard,15.83,37.4,3,1,2,6,0,0,Yes,4,0
OTT-88541,Basic,8.78,13.5,11,1,2,3,0,0,Yes,1,0
OTT-61516,Basic,8.11,65.8,2,1,1,6,0,0,Yes,4,0
OTT-50188,Standard,15.96,73.7,2,3,4,4,1,0,Yes,6,0
OTT-23061,Standard,15.12,22.6,0,2,2,1,1,0,No,1,1
OTT-32345,Premium,22.07,79.1,2,4,4,7,2,0,Yes,19,0
OTT-95141,Basic,8.54,84.0,2,2,2,2,1,0,Yes,1,0
OTT-58712,Basic,9.63,9.3,14,2,1,2,0,0,No,4,0
OTT-37120,Basic,9.1,0.8,28,1,1,1,1,2,No,3,1
OTT-47652,Basic,8.93,12.9,8,1,1,1,5,0,Yes,5,1
OTT-62020,Basic,9.47,81.8,0,3,1,6,0,0,Yes,37,0
OTT-58378,Standard,14.42,75.6,4,3,2,2,1,0,Yes,25,0
OTT-72979,Basic,8.85,65.8,4,1,2,11,0,0,No,6,0
OTT-33174,Premium,21.95,77.1,1,2,5,3,1,0,Yes,33,0
OTT-68430,Standard,15.09,66.0,6,2,4,5,0,2,Yes,21,0
OTT-49840,Standard,15.92,57.8,0,2,1,3,0,0,Yes,43,0
OTT-94652,Basic,9.12,91.3,4,1,1,6,0,1,Yes,5,0
OTT-24212,Basic,8.63,100.2,2,2,1,7,2,0,Yes,2,0
OTT-23359,Basic,8.56,78.3,2,2,1,7,0,0,No,9,0
OTT-51548,Standard,14.83,45.7,4,2,3,5,0,1,Yes,31,0
OTT-55751,Standard,13.79,27.5,10,2,3,1,0,0,Yes,10,0
OTT-72178,Basic,9.17,29.8,0,1,1,3,0,0,Yes,17,0
OTT-46362,Basic,8.77,105.8,1,2,1,2,1,0,Yes,1,0
OTT-92233,Premium,21.05,94.8,6,2,3,4,1,0,Yes,16,0
OTT-52674,Basic,8.37,84.5,5,2,1,7,1,0,Yes,24,0
OTT-21640,Basic,8.98,59.3,2,3,2,4,0,0,Yes,4,0
OTT-20729,Basic,8.07,53.4,6,1,2,5,1,0,Yes,18,0
OTT-97605,Basic,9.2,41.7,3,2,1,5,0,0,Yes,17,0
OTT-22068,Basic,8.56,31.9,4,1,1,1,0,0,No,22,0
OTT-95305,Standard,15.75,49.5,3,2,2,3,0,0,Yes,10,0
OTT-35026,Standard,14.81,44.4,0,2,4,6,2,0,No,31,0
OTT-18406,Standard,15.44,69.0,1,2,2,4,0,0,Yes,36,0
OTT-37423,Basic,9.69,97.4,3,1,2,3,1,0,Yes,16,0
OTT-65322,Basic,9.75,29.4,1,2,1,0,1,0,Yes,5,0
OTT-48510,Standard,15.67,2.6,38,3,2,2,1,0,No,3,1
OTT-80701,Basic,8.44,3.9,17,1,1,3,0,0,Yes,6,1
OTT-64988,Basic,8.6,78.4,3,2,2,10,1,0,Yes,5,0
OTT-46070,Standard,15.26,20.5,7,3,4,0,1,0,Yes,3,0
OTT-67115,Standard,14.83,86.9,0,4,2,5,0,0,Yes,8,0
OTT-97430,Basic,9.21,23.3,3,2,2,1,1,1,Yes,1,1
OTT-47062,Premium,22.02,29.4,3,5,4,0,0,1,Yes,2,0
OTT-23809,Basic,8.22,36.8,1,1,2,6,0,0,Yes,48,0
OTT-46790,Premium,20.49,132.6,3,4,5,10,1,0,No,6,0
OTT-85609,Basic,9.27,52.1,6,1,1,6,2,0,No,11,0
OTT-29586,Standard,15.05,77.0,5,3,1,5,1,3,No,43,0
OTT-95421,Basic,9.62,49.1,0,2,1,7,1,0,Yes,7,0
OTT-62946,Premium,22.07,91.3,0,4,4,6,2,0,Yes,6,0
OTT-64140,Standard,14.01,60.5,6,2,3,3,1,1,Yes,4,0
OTT-38533,Premium,20.2,50.3,1,3,2,6,1,0,No,9,1
OTT-92840,Standard,14.47,53.5,0,2,2,2,0,0,Yes,7,0
OTT-13245,Standard,14.42,38.8,3,2,2,5,1,0,Yes,6,0
OTT-36880,Basic,9.52,13.6,12,1,1,0,0,0,Yes,16,0
OTT-47655,Basic,9.33,58.7,0,1,1,8,1,1,Yes,21,0
OTT-52954,Premium,22.61,118.7,0,2,3,10,1,0,Yes,1,0
OTT-52671,Premium,21.5,48.9,3,6,2,5,2,0,Yes,9,0
OTT-23313,Basic,8.57,39.2,3,1,1,10,1,0,Yes,1,0
OTT-30303,Basic,9.0,43.8,0,2,1,4,0,0,Yes,5,0
OTT-18571,Basic,8.42,91.5,1,1,1,4,1,0,Yes,47,0
OTT-61520,Basic,8.11,43.8,4,1,1,5,1,0,Yes,3,0
OTT-41577,Basic,8.99,24.4,8,1,1,0,4,0,No,11,1
OTT-60918,Premium,21.23,60.1,1,4,4,7,1,3,No,22,0
OTT-63073,Basic,8.05,48.7,3,1,1,6,0,0,Yes,1,0
OTT-73179,Premium,22.15,79.2,5,5,4,6,0,1,No,41,0
OTT-59232,Premium,21.92,69.2,0,6,3,2,1,0,Yes,2,0
OTT-68314,Basic,8.14,58.9,4,2,1,7,1,0,Yes,3,0
OTT-62842,Standard,15.27,5.3,17,1,3,0,0,0,Yes,25,0
OTT-68718,Standard,13.7,109.8,1,2,2,1,0,3,Yes,22,0
OTT-65497,Basic,9.03,21.9,9,1,1,3,0,0,Yes,22,0
OTT-38458,Standard,15.05,99.6,0,4,2,10,0,0,Yes,2,0
OTT-32165,Standard,14.74,100.6,3,3,2,4,0,0,No,6,0
OTT-80868,Basic,9.48,59.6,3,1,2,2,1,0,Yes,12,0
OTT-40842,Premium,21.15,113.0,4,4,4,4,0,0,Yes,2,0
OTT-59422,Basic,8.42,63.4,6,2,1,8,1,0,Yes,6,0
OTT-27727,Basic,8.96,74.3,3,1,2,7,0,0,No,38,0
OTT-48827,Premium,21.02,103.3,4,4,2,7,2,0,Yes,2,0
OTT-57669,Basic,8.29,73.2,2,1,1,5,0,0,Yes,1,0
OTT-66340,Basic,8.93,66.6,4,2,1,8,0,0,Yes,1,0
OTT-57373,Basic,8.39,23.0,6,1,1,1,0,2,Yes,15,1
OTT-42458,Basic,8.93,27.4,7,1,2,1,0,0,Yes,12,0
OTT-96558,Basic,9.18,25.3,2,3,1,2,1,0,Yes,24,0
OTT-56146,Standard,15.45,32.6,5,3,2,7,0,0,No,5,0
OTT-82746,Basic,9.7,8.8,7,1,1,2,3,0,Yes,1,0
OTT-76302,Standard,15.16,7.9,24,4,2,1,1,1,No,17,1
OTT-60247,Basic,9.78,14.1,7,1,1,0,1,0,Yes,1,1
OTT-89775,Basic,9.11,25.9,7,2,1,0,0,1,No,23,1
OTT-21543,Premium,22.12,104.1,6,5,5,2,2,0,Yes,27,0
OTT-92894,Standard,15.42,23.6,7,2,1,1,1,0,Yes,14,0
OTT-86519,Standard,15.55,34.8,4,2,3,5,0,0,No,7,0
OTT-55326,Basic,9.49,5.5,16,1,1,3,0,1,Yes,33,0
OTT-76004,Standard,15.75,20.5,9,2,4,1,1,0,Yes,3,0
OTT-56824,Premium,21.41,58.3,3,3,3,6,2,0,No,29,0
OTT-34188,Premium,22.85,45.6,7,3,5,8,1,0,No,23,1
OTT-81987,Standard,14.49,23.1,12,3,2,2,2,0,Yes,20,0
OTT-32132,Standard,13.67,82.0,1,3,2,5,0,0,Yes,36,0
OTT-38300,Basic,8.35,101.4,2,1,1,9,0,0,Yes,22,0
OTT-56735,Basic,9.11,71.1,0,1,1,5,0,1,Yes,16,0
OTT-85363,Basic,8.02,40.2,3,1,1,8,0,2,Yes,3,0
OTT-44552,Basic,8.3,99.3,2,1,1,12,0,0,Yes,10,0
OTT-54472,Basic,8.74,106.7,2,2,2,6,3,0,Yes,8,0
OTT-13749,Basic,9.24,1.7,32,1,1,0,1,0,No,2,1
OTT-20426,Standard,13.9,29.4,4,3,2,1,0,0,Yes,12,0
OTT-15035,Standard,14.93,44.3,6,2,1,2,1,0,Yes,23,0
OTT-16485,Standard,15.15,88.2,0,4,4,3,1,0,No,3,0
OTT-88165,Basic,9.52,22.0,3,2,2,3,1,0,Yes,6,0
OTT-85778,Standard,15.14,47.9,2,3,4,7,0,1,Yes,17,0
OTT-83968,Premium,20.74,22.7,13,4,3,1,0,1,No,3,0
OTT-15001,Basic,9.98,2.8,26,3,1,0,0,2,No,1,1
OTT-16987,Premium,22.65,87.1,0,3,4,6,1,0,Yes,21,0
OTT-35254,Basic,8.74,68.2,2,1,1,8,0,0,Yes,1,0
OTT-60875,Standard,13.56,81.1,3,2,3,5,0,0,Yes,1,0
OTT-40071,Standard,14.81,91.1,0,2,1,9,0,0,Yes,9,0
OTT-53879,Standard,15.65,51.8,0,3,2,1,0,0,Yes,4,0
OTT-25569,Premium,22.46,66.6,0,4,2,6,1,0,Yes,47,0
OTT-75769,Basic,9.79,38.0,2,1,1,3,2,0,Yes,24,0
OTT-38250,Standard,15.91,36.1,2,4,4,8,1,0,Yes,16,0
OTT-15988,Premium,22.13,35.9,7,3,4,4,0,0,No,45,0
OTT-76841,Standard,13.9,60.8,0,3,2,7,0,0,Yes,34,0
OTT-91250,Basic,8.06,38.1,5,2,1,6,0,0,Yes,5,0
OTT-11321,Basic,8.29,23.7,7,2,1,2,2,0,Yes,10,1
OTT-49300,Premium,20.59,25.9,16,4,3,0,0,0,Yes,4,0
OTT-84444,Standard,13.64,105.9,2,2,1,4,1,0,Yes,19,0
OTT-73554,Premium,21.35,48.1,4,3,4,10,1,0,No,17,0
OTT-87088,Basic,9.56,50.6,1,1,1,5,1,0,Yes,3,0
OTT-47368,Standard,13.5,88.4,3,1,1,7,0,0,Yes,2,0
OTT-43503,Premium,22.4,126.2,2,4,2,4,6,0,Yes,25,0
OTT-73825,Premium,22.77,58.1,0,3,3,7,0,0,Yes,3,0
OTT-23825,Standard,13.87,92.5,1,2,2,5,1,0,Yes,3,0
OTT-31547,Basic,8.03,88.1,3,1,1,8,2,0,Yes,6,0
OTT-64075,Standard,14.69,62.5,5,3,3,6,0,1,No,9,0
OTT-70160,Standard,15.66,77.2,6,2,3,10,0,0,Yes,36,0
OTT-20770,Basic,9.46,54.3,3,1,1,8,0,0,Yes,28,0
OTT-55747,Basic,8.06,14.2,7,2,2,1,0,1,Yes,19,0
OTT-42842,Premium,22.01,51.9,5,3,4,3,0,0,Yes,1,0
OTT-55156,Basic,9.63,22.6,3,2,1,2,0,0,Yes,6,1
OTT-96257,Basic,8.53,68.3,2,1,2,13,1,1,Yes,14,0
OTT-16894,Standard,15.12,8.2,7,2,2,0,3,0,No,39,1
OTT-99590,Premium,21.47,46.0,0,2,3,4,1,0,Yes,20,0
OTT-50461,Standard,14.0,9.9,7,2,1,1,0,0,No,13,0
OTT-79488,Basic,9.79,77.7,0,1,2,4,0,0,Yes,15,0
OTT-48201,Basic,8.44,21.4,12,1,1,0,0,0,Yes,14,0
OTT-37986,Basic,9.67,23.1,11,2,1,0,0,0,Yes,11,1
OTT-79353,Basic,9.39,107.6,0,3,2,11,0,1,No,9,0
OTT-71889,Premium,20.65,54.6,7,3,2,10,1,0,Yes,23,0
OTT-22965,Basic,9.41,40.3,2,1,2,6,1,0,Yes,9,0
OTT-73485,Basic,8.04,15.0,13,1,1,0,1,0,Yes,35,0
OTT-77776,Premium,20.7,85.0,5,4,3,4,1,0,Yes,8,0
OTT-44905,Basic,8.56,25.9,3,1,1,5,0,0,Yes,4,0
OTT-93307,Basic,9.77,11.8,10,2,1,2,1,1,Yes,1,1
OTT-67679,Standard,15.78,25.1,12,2,2,1,1,0,Yes,23,0
OTT-40026,Basic,8.53,57.9,0,1,1,1,3,3,Yes,22,1
OTT-10965,Basic,8.94,17.7,13,1,1,1,0,0,Yes,20,0
OTT-70745,Premium,22.93,109.6,1,3,5,7,1,0,Yes,15,0
OTT-28814,Premium,21.99,44.5,11,4,2,4,1,0,Yes,1,0
OTT-78086,Standard,13.66,98.1,2,3,4,3,1,1,Yes,17,1
OTT-57257,Standard,14.47,100.7,2,2,2,7,1,3,Yes,15,0
OTT-52004,Basic,8.83,47.9,2,1,1,10,1,0,No,19,0
OTT-24737,Premium,20.91,94.5,2,4,4,5,1,1,Yes,7,0
OTT-74034,Standard,14.79,31.8,3,2,1,2,2,0,Yes,1,1
OTT-24931,Basic,9.46,107.3,1,2,2,6,1,0,Yes,17,0
OTT-47597,Basic,9.37,3.9,18,1,2,3,1,0,Yes,31,0
OTT-85266,Standard,14.37,56.4,0,2,3,4,1,0,Yes,27,0
OTT-92832,Basic,9.46,103.9,4,1,1,5,1,0,No,16,0
OTT-99020,Basic,9.06,77.5,1,1,1,10,0,0,Yes,5,0
OTT-96220,Basic,9.53,47.4,5,1,1,6,1,0,Yes,15,0
OTT-60036,Standard,13.77,1.9,24,2,1,0,0,1,No,15,0
OTT-28043,Basic,8.8,17.8,10,1,1,0,0,0,No,6,0
OTT-85515,Standard,14.48,74.0,0,2,3,7,0,0,Yes,38,0
OTT-82145,Basic,8.69,21.4,13,1,1,1,4,3,Yes,6,1
OTT-99127,Standard,15.24,0.6,30,2,1,0,2,1,No,2,1
OTT-68584,Basic,9.1,2.5,37,2,2,1,1,0,Yes,1,1
OTT-22743,Basic,8.76,5.0,14,1,1,2,2,1,Yes,5,1
OTT-55260,Standard,14.83,26.9,7,2,4,2,0,1,No,45,0
OTT-50341,Standard,15.25,21.1,11,1,3,1,1,0,Yes,10,0
OTT-85864,Basic,9.34,102.8,6,2,2,5,0,1,Yes,3,0
OTT-45331,Standard,15.39,24.7,1,1,2,0,0,0,No,16,0
OTT-39573,Premium,22.54,32.3,8,5,4,5,1,0,Yes,1,0
OTT-17204,Basic,9.47,99.3,1,1,1,7,0,0,Yes,3,0
OTT-85190,Standard,13.94,66.9,4,3,4,8,1,0,Yes,5,0
OTT-77978,Basic,9.68,107.9,1,1,1,6,0,2,Yes,19,0
OTT-13710,Premium,20.99,18.6,21,5,4,1,0,0,Yes,3,0
OTT-49039,Basic,9.32,109.6,3,1,1,5,1,0,Yes,46,0
OTT-53174,Premium,22.96,50.0,11,4,3,3,1,0,Yes,3,1
OTT-52238,Standard,14.23,102.5,3,3,3,4,0,0,Yes,18,0
OTT-92702,Standard,14.17,39.3,0,2,2,8,1,0,Yes,38,0
OTT-23560,Basic,8.35,39.3,0,1,1,4,0,2,Yes,3,0
OTT-37570,Standard,15.95,18.2,12,3,2,1,0,0,No,5,0
OTT-26283,Basic,8.84,86.2,1,2,2,2,1,1,Yes,45,0
OTT-31967,Basic,9.56,45.3,1,1,1,8,1,0,No,21,0
OTT-91638,Basic,8.09,16.3,7,1,1,2,0,0,Yes,18,0
OTT-94664,Standard,13.94,37.2,4,2,4,5,0,3,Yes,4,0
OTT-14018,Standard,13.65,26.5,12,1,2,3,0,0,Yes,5,1
OTT-66887,Premium,22.44,105.4,2,4,5,7,5,0,Yes,13,0
OTT-30956,Basic,8.2,8.8,8,1,1,0,2,2,Yes,31,1
OTT-27330,Premium,22.76,17.3,12,6,3,1,2,0,Yes,5,0
OTT-36285,Premium,21.98,115.5,6,6,4,4,0,0,Yes,29,0
OTT-27494,Premium,22.72,62.1,1,4,3,6,0,0,No,11,0
OTT-54117,Standard,14.51,75.0,5,2,2,6,3,1,Yes,4,0
OTT-99603,Basic,9.04,27.0,11,3,1,1,0,1,No,5,1
OTT-62779,Premium,20.07,33.0,10,4,3,8,2,0,Yes,2,0
OTT-75091,Standard,14.65,30.4,0,1,2,4,0,1,Yes,18,0
OTT-54395,Standard,14.97,77.9,1,2,4,6,1,0,Yes,23,0
OTT-11251,Basic,8.19,109.4,1,2,1,6,0,2,Yes,17,1
OTT-17570,Basic,9.95,11.6,7,2,1,2,0,0,Yes,6,0
OTT-34198,Basic,8.0,80.3,4,1,2,3,2,0,Yes,13,0
OTT-31929,Standard,14.16,90.1,0,1,1,8,1,0,Yes,22,0
OTT-85651,Basic,9.22,28.6,4,2,1,2,1,0,Yes,7,0
OTT-85922,Premium,21.48,86.0,1,3,5,4,1,0,Yes,17,0
OTT-86870,Basic,8.47,40.1,1,1,2,5,1,0,Yes,1,0
OTT-67382,Basic,9.96,27.0,3,2,1,1,1,0,No,22,1
OTT-60055,Basic,8.37,30.7,5,1,1,4,0,0,Yes,1,0
OTT-68422,Basic,9.13,1.2,28,1,1,1,0,0,Yes,3,1
OTT-46612,Basic,8.22,19.6,11,1,1,1,1,0,Yes,6,0
OTT-70317,Standard,13.63,105.9,0,1,2,5,0,0,Yes,20,0
OTT-81499,Premium,21.45,133.6,0,4,4,8,1,0,Yes,15,0
OTT-78660,Basic,9.6,98.8,0,2,1,5,2,0,Yes,4,0
OTT-65244,Basic,9.05,89.9,3,2,1,8,1,0,Yes,45,0
OTT-15229,Standard,14.22,25.6,0,2,4,1,1,0,Yes,27,0
OTT-75244,Basic,8.02,16.1,13,1,1,2,0,0,Yes,6,0
OTT-42994,Standard,15.84,90.6,1,1,1,7,1,0,No,13,0
OTT-76929,Standard,14.02,107.1,4,1,1,4,0,0,Yes,6,0
OTT-58556,Premium,21.71,72.7,6,4,5,5,0,0,Yes,31,0
OTT-89305,Basic,8.02,8.7,18,1,1,1,1,1,Yes,1,1
OTT-40460,Premium,20.28,115.0,0,3,3,5,0,0,Yes,5,0
OTT-93824,Premium,20.5,97.9,2,4,3,6,2,0,Yes,20,0
OTT-86002,Basic,8.21,90.5,6,2,2,10,0,3,No,2,0
OTT-39799,Standard,14.82,27.3,9,1,3,0,0,0,Yes,21,0
OTT-53431,Basic,8.78,84.5,1,1,1,4,2,0,Yes,11,0
OTT-57820,Basic,9.59,10.6,7,1,1,3,0,0,No,3,0
OTT-79175,Premium,20.34,134.5,0,4,5,4,1,1,Yes,19,0
OTT-72023,Basic,8.85,92.7,0,1,2,3,1,0,Yes,29,0
OTT-86680,Basic,8.85,45.3,0,2,1,4,0,2,No,48,0
OTT-43287,Basic,8.45,27.7,7,2,1,2,0,2,Yes,14,0
OTT-55430,Standard,13.73,9.6,7,1,1,2,0,0,Yes,2,1
OTT-48777,Premium,20.02,125.6,1,5,4,6,2,0,Yes,6,0
OTT-91858,Standard,13.54,96.0,6,1,4,8,2,1,No,46,0
OTT-37447,Standard,14.49,46.2,3,3,1,7,1,0,Yes,10,0
OTT-62840,Basic,8.1,97.7,3,1,1,5,0,1,Yes,7,0
OTT-20814,Standard,14.48,9.2,7,2,2,2,1,2,No,29,1
OTT-86523,Basic,8.86,105.8,2,2,1,3,2,0,Yes,2,0
OTT-44579,Standard,14.6,75.2,4,3,1,3,0,0,No,11,0
OTT-40652,Standard,13.97,18.4,7,2,2,1,0,0,Yes,1,0
OTT-62461,Premium,21.49,134.9,1,6,3,2,0,0,Yes,1,0
OTT-54893,Standard,14.47,8.5,11,2,2,0,1,0,Yes,8,0
OTT-86317,Standard,15.96,18.2,13,2,4,2,2,0,Yes,6,1
OTT-57826,Basic,8.08,22.7,11,1,2,0,0,0,Yes,40,0
OTT-56529,Basic,8.1,31.9,0,1,1,5,0,0,Yes,6,0
OTT-19448,Standard,15.55,23.3,2,3,1,2,2,1,Yes,42,0
OTT-11974,Standard,14.16,76.1,6,2,1,7,1,0,No,10,0
OTT-45869,Standard,13.95,51.7,3,2,2,7,0,2,No,8,0
OTT-99837,Standard,15.68,64.4,0,3,2,7,0,0,Yes,30,0
OTT-92559,Basic,9.06,76.8,6,1,1,4,0,0,Yes,20,0
OTT-66607,Basic,9.22,56.0,4,2,2,10,0,0,Yes,4,0
OTT-66774,Basic,8.01,40.9,1,1,1,7,1,0,No,6,0
OTT-45234,Standard,14.14,43.0,0,3,1,8,0,2,No,6,0
OTT-25975,Premium,20.77,46.1,2,4,5,9,2,0,No,43,0
OTT-10769,Standard,15.39,85.0,6,4,3,8,1,0,Yes,16,0
OTT-40496,Standard,14.45,33.8,3,2,4,6,0,0,Yes,6,0
OTT-38481,Standard,14.93,107.6,0,1,3,5,1,0,Yes,1,0
OTT-27244,Basic,9.85,22.4,0,1,1,1,2,0,Yes,9,0
OTT-33324,Basic,9.96,14.1,7,1,1,1,1,0,Yes,18,0
OTT-12234,Basic,8.24,92.6,0,1,1,3,0,0,Yes,1,0
OTT-64715,Premium,21.66,51.9,4,4,3,6,2,0,Yes,33,0
OTT-93470,Basic,9.39,73.7,0,1,1,5,2,2,Yes,16,0
OTT-72171,Standard,15.45,47.6,0,2,2,5,1,3,Yes,30,0
OTT-50338,Basic,9.83,107.0,3,2,2,8,0,0,Yes,6,0
OTT-47823,Standard,15.31,41.3,0,4,1,3,1,0,Yes,19,0
OTT-37677,Basic,9.37,28.2,6,1,1,0,2,1,Yes,4,0
OTT-22816,Premium,20.15,37.8,9,4,5,5,1,1,Yes,4,0
OTT-63862,Basic,9.08,55.1,1,2,1,9,1,0,Yes,15,0
OTT-60986,Premium,21.79,127.6,3,4,3,6,0,0,Yes,18,0
OTT-10658,Standard,15.23,26.3,12,2,2,3,0,0,Yes,3,0
OTT-47396,Basic,9.16,92.0,2,1,1,3,0,0,Yes,31,0
OTT-35021,Standard,14.51,33.3,2,1,2,3,1,1,Yes,3,0
OTT-25325,Standard,14.71,79.9,1,1,2,6,1,0,Yes,20,0
OTT-73272,Basic,9.92,30.1,6,2,1,6,1,0,Yes,43,0
OTT-57323,Standard,14.31,24.2,3,2,2,0,1,0,No,18,0
OTT-67038,Standard,15.45,39.4,0,2,1,12,2,0,Yes,25,0
OTT-74212,Standard,15.01,65.5,4,4,3,8,1,0,Yes,8,0
OTT-98361,Standard,14.6,61.7,1,2,1,2,1,0,Yes,44,0
OTT-82247,Standard,14.53,90.3,1,4,3,4,0,0,Yes,16,0
OTT-65831,Basic,9.06,68.1,6,1,2,5,1,0,Yes,18,0
OTT-89111,Basic,9.59,13.3,7,2,1,3,1,0,Yes,6,0
OTT-52975,Basic,8.23,34.3,1,1,2,6,0,0,Yes,11,0
OTT-98628,Standard,15.77,72.1,2,4,2,5,0,0,Yes,2,0
OTT-78528,Basic,9.54,21.5,11,1,1,2,1,0,No,24,0
OTT-68578,Basic,8.69,3.3,14,1,1,1,0,0,No,2,0
OTT-91298,Standard,13.52,77.6,3,2,4,10,0,0,Yes,3,0
OTT-56356,Basic,8.2,97.7,3,1,2,4,1,0,Yes,36,0
OTT-74861,Basic,8.28,3.7,17,2,2,3,0,0,Yes,6,1
OTT-35625,Premium,20.3,49.4,13,3,3,5,0,0,Yes,2,1
OTT-96688,Standard,13.75,27.0,10,1,1,0,0,0,Yes,16,1
OTT-66102,Standard,15.89,104.4,5,1,2,6,0,1,Yes,3,0
OTT-80379,Basic,9.31,0.5,39,1,2,2,1,0,No,2,1
OTT-51465,Standard,15.54,26.3,3,3,1,1,0,0,Yes,22,0
OTT-88011,Premium,21.68,36.2,23,6,4,4,0,0,No,2,0
OTT-16675,Basic,9.23,15.6,9,2,2,0,1,0,No,3,0
OTT-20269,Basic,9.75,11.6,10,2,2,0,1,0,Yes,4,0
OTT-55639,Basic,8.51,61.3,4,1,1,6,0,0,Yes,3,0
OTT-75916,Premium,22.07,26.5,10,4,3,1,0,1,Yes,4,0
OTT-82828,Basic,9.79,11.2,9,1,1,3,3,0,Yes,5,1
OTT-49607,Standard,15.83,25.3,5,3,2,1,0,0,No,16,0
OTT-68469,Standard,14.6,90.8,5,4,2,12,0,0,No,16,0
OTT-59778,Premium,22.56,81.5,0,3,2,6,1,0,Yes,6,0
OTT-96536,Basic,9.0,43.5,1,1,1,6,0,0,Yes,6,0
OTT-68868,Standard,14.13,106.1,1,2,1,2,1,0,No,48,0
OTT-47515,Premium,20.74,100.6,2,6,2,8,0,0,Yes,9,0
OTT-97282,Basic,8.89,57.4,5,2,2,7,1,1,Yes,15,1
OTT-19652,Standard,14.13,46.0,1,3,2,6,0,0,Yes,18,0
OTT-98611,Basic,8.05,86.2,0,2,2,3,1,0,Yes,5,0
OTT-23861,Basic,8.2,22.5,10,2,1,3,1,1,Yes,29,1
OTT-35940,Basic,9.69,99.8,0,3,1,8,2,0,Yes,26,0
OTT-83931,Basic,9.76,8.3,12,1,1,0,0,2,Yes,48,0
OTT-76037,Basic,9.74,77.4,1,2,1,11,0,0,Yes,4,0
OTT-97330,Standard,14.87,46.8,6,2,1,8,3,0,Yes,5,0
OTT-77497,Standard,15.83,107.8,2,2,2,6,0,0,Yes,3,0
OTT-67330,Basic,8.99,1.3,14,1,1,1,0,0,Yes,5,0
OTT-41184,Standard,14.65,17.7,8,2,2,3,2,3,No,5,1
OTT-10424,Premium,21.41,106.9,5,4,4,6,2,0,Yes,9,0
OTT-21148,Basic,8.5,88.1,0,1,2,6,1,0,Yes,2,0
OTT-36799,Basic,9.22,77.7,4,2,1,7,1,0,Yes,44,0
OTT-13685,Basic,8.89,17.4,7,2,1,2,1,0,No,2,0
OTT-55735,Premium,22.91,122.4,5,2,3,5,1,0,Yes,6,1
OTT-79960,Premium,20.51,97.8,2,5,5,3,1,0,Yes,39,0
OTT-96691,Standard,13.68,18.4,8,2,4,4,1,0,No,10,0
OTT-54072,Basic,8.69,97.4,1,2,2,4,1,0,Yes,4,0
OTT-88749,Standard,14.03,61.0,1,3,2,6,1,0,Yes,12,1
OTT-98697,Standard,15.97,75.5,3,4,3,5,1,0,Yes,5,0
OTT-87383,Basic,9.11,51.0,1,2,2,2,1,0,Yes,3,0
OTT-51847,Basic,8.71,40.7,1,1,1,2,0,0,Yes,19,0
OTT-39273,Basic,9.28,62.5,5,1,1,8,0,0,No,4,0
OTT-98011,Standard,14.62,51.6,1,2,3,8,0,0,No,7,0
OTT-31771,Premium,20.62,37.7,6,4,5,3,0,0,Yes,4,0
OTT-47041,Basic,8.78,64.8,1,1,1,8,0,0,No,16,0
OTT-16662,Premium,20.85,29.9,10,5,3,0,0,1,No,25,0
OTT-81430,Standard,15.08,9.0,9,4,4,1,1,0,Yes,5,0
OTT-68484,Standard,15.53,71.9,0,2,2,4,2,0,Yes,2,0
OTT-17633,Premium,20.78,68.9,0,2,4,6,1,0,Yes,17,0
OTT-29973,Standard,15.04,8.8,8,3,1,0,0,0,Yes,39,0
OTT-59990,Basic,9.41,9.9,11,1,1,3,0,0,No,19,0
OTT-58636,Basic,8.73,85.0,5,1,1,2,0,0,Yes,15,0
OTT-82184,Premium,21.45,46.8,10,3,3,6,0,0,Yes,12,0
OTT-33948,Standard,14.39,106.1,4,2,2,11,0,0,Yes,3,0
OTT-93222,Basic,8.74,82.0,5,2,2,5,0,1,Yes,17,1
OTT-50002,Standard,14.61,106.7,4,3,1,5,0,1,Yes,5,0
OTT-84031,Basic,8.58,47.1,4,2,1,8,0,0,Yes,15,0
OTT-31454,Basic,8.97,73.3,6,1,1,3,0,0,Yes,3,0
OTT-13327,Premium,22.25,100.3,1,5,3,5,1,2,Yes,4,0
OTT-14954,Basic,8.78,18.5,7,2,2,2,0,0,Yes,14,0
OTT-43542,Basic,9.88,101.0,1,1,2,10,1,1,Yes,21,0
OTT-95782,Basic,8.43,68.4,2,1,1,6,0,0,No,19,0
OTT-14382,Premium,21.34,32.1,7,4,3,8,0,0,Yes,19,0
OTT-43207,Basic,9.19,83.8,2,2,2,5,3,0,Yes,48,0
OTT-19835,Basic,9.08,3.9,23,2,2,2,1,1,No,46,0
OTT-93839,Basic,9.88,29.3,4,2,1,1,0,0,Yes,42,0
OTT-70776,Basic,8.64,19.8,12,3,1,0,0,1,Yes,19,0
OTT-78641,Basic,8.75,10.7,7,3,2,2,1,1,Yes,8,0
OTT-74192,Basic,9.18,84.9,2,2,1,8,0,0,No,11,0
OTT-69131,Basic,9.18,16.8,8,2,2,0,2,0,Yes,7,0
OTT-79634,Standard,15.46,98.2,2,4,2,3,2,1,No,5,0
OTT-10731,Basic,9.58,57.6,2,1,1,6,2,1,No,9,0
OTT-87890,Basic,8.01,1.4,45,1,1,1,0,0,No,1,1
OTT-76587,Standard,15.4,16.6,7,3,2,1,2,0,Yes,2,0
OTT-76548,Basic,9.43,84.8,1,1,1,3,0,3,Yes,31,0
OTT-45408,Basic,9.16,35.7,6,1,1,7,0,0,No,1,0
OTT-82077,Premium,20.94,74.4,2,6,4,6,6,1,Yes,13,0
OTT-44363,Standard,15.76,13.4,9,3,4,2,0,0,Yes,14,0
OTT-14406,Standard,15.34,56.1,4,2,1,9,0,1,Yes,4,0
OTT-91702,Standard,14.13,11.0,14,2,2,1,0,0,Yes,28,0
OTT-31107,Premium,20.91,46.5,8,4,3,3,2,0,Yes,5,1
OTT-19170,Basic,9.41,66.3,5,2,1,7,0,0,No,40,0
OTT-65970,Basic,9.83,33.4,3,2,1,10,0,0,Yes,34,0
OTT-31028,Premium,21.46,44.3,7,5,3,3,0,0,Yes,5,0
OTT-87230,Basic,9.75,92.3,2,1,1,6,1,2,Yes,1,0
OTT-49937,Standard,14.45,53.8,1,3,1,7,0,0,Yes,3,0
OTT-10405,Basic,8.78,101.5,3,2,1,9,1,0,Yes,3,0
OTT-95653,Basic,9.36,15.0,8,1,1,1,0,1,Yes,5,1
OTT-56316,Standard,13.62,36.1,5,4,3,2,0,0,Yes,26,0
OTT-33667,Standard,13.84,94.8,2,2,1,6,1,0,No,6,0
OTT-70955,Standard,15.31,71.8,6,1,2,3,0,0,No,45,0
OTT-57754,Basic,8.47,67.5,1,1,1,3,2,0,Yes,5,0
OTT-12664,Basic,8.34,103.5,0,1,1,7,0,0,Yes,34,0
OTT-78367,Standard,13.71,94.6,3,2,1,4,1,0,Yes,4,0
OTT-46121,Basic,8.44,109.4,3,3,1,7,3,0,Yes,17,0
OTT-72982,Standard,14.12,82.9,4,2,3,3,4,0,Yes,10,0
OTT-90606,Standard,14.34,7.4,18,2,2,3,0,0,No,3,1
OTT-64954,Basic,9.87,69.4,2,2,1,6,0,0,Yes,30,0
OTT-70444,Basic,9.28,1.2,36,2,1,1,1,0,No,3,1
OTT-32918,Standard,15.22,37.9,1,4,2,5,0,0,Yes,20,0
OTT-31389,Basic,8.26,10.1,15,2,1,2,0,0,No,12,1
OTT-47349,Basic,8.38,22.6,1,2,1,1,0,0,Yes,22,0
OTT-86749,Premium,22.69,24.2,16,4,5,0,1,0,No,2,0
OTT-57176,Basic,9.26,45.1,0,1,1,7,1,0,Yes,3,0
OTT-41322,Standard,15.51,43.1,0,2,2,5,1,0,Yes,5,0
OTT-80164,Basic,8.7,22.6,2,1,1,2,1,0,Yes,2,0
OTT-86800,Basic,9.14,53.7,0,2,1,3,0,0,Yes,4,0
OTT-91227,Standard,14.75,29.8,5,2,1,1,0,0,No,44,0
OTT-36904,Basic,8.4,38.2,5,1,1,6,1,0,No,20,0
OTT-73866,Standard,15.55,82.6,2,2,1,5,0,0,Yes,21,0
OTT-63128,Basic,8.66,58.5,2,1,1,5,0,0,Yes,3,1
OTT-50407,Standard,14.66,23.0,6,2,4,1,0,0,No,1,0
OTT-45724,Standard,13.82,49.9,1,4,1,5,1,1,Yes,20,0
OTT-20309,Standard,15.09,22.5,5,4,2,1,0,0,Yes,2,0
OTT-34733,Standard,15.47,11.1,14,3,2,2,0,0,Yes,6,0
OTT-59469,Basic,8.81,97.7,1,1,1,10,0,0,No,9,0
OTT-89789,Basic,9.95,53.1,0,2,1,5,1,0,Yes,16,0
OTT-87969,Premium,20.76,24.9,12,3,4,0,1,1,Yes,24,1
OTT-26883,Standard,15.67,31.4,5,1,2,3,1,0,Yes,6,0
OTT-71138,Standard,15.29,84.1,6,1,2,6,1,1,Yes,11,0
OTT-17632,Basic,9.84,32.6,5,1,1,8,1,0,Yes,2,0
OTT-70750,Basic,9.47,21.4,8,1,1,0,0,0,No,3,0
OTT-40773,Basic,8.98,44.7,1,1,2,7,0,0,Yes,10,0
OTT-50485,Basic,8.82,22.6,13,1,2,1,2,1,No,5,0
OTT-74586,Basic,9.65,56.6,3,2,1,7,0,1,Yes,20,0
OTT-48239,Basic,9.67,34.0,0,2,2,2,0,0,Yes,11,0
OTT-82668,Basic,9.17,46.4,3,2,2,5,0,0,Yes,5,0
OTT-58021,Standard,15.25,82.7,1,3,3,5,3,0,No,47,0
OTT-99885,Standard,14.65,21.7,13,3,2,1,2,1,Yes,23,0
OTT-67441,Basic,8.43,19.9,7,1,1,3,0,0,Yes,43,0
OTT-36672,Standard,13.61,50.4,0,4,3,4,1,1,Yes,11,0
OTT-79775,Standard,15.12,77.9,3,2,2,4,1,0,Yes,30,0
OTT-46714,Basic,9.33,8.8,13,2,1,2,0,0,No,3,0
OTT-58074,Standard,15.15,75.2,2,1,2,8,1,0,Yes,10,0
OTT-22313,Standard,14.9,90.8,1,1,4,8,0,1,Yes,45,0
OTT-20740,Standard,14.35,10.8,13,2,3,3,0,0,Yes,6,0
OTT-61737,Premium,20.72,104.2,0,5,4,3,4,0,Yes,5,0
OTT-26801,Basic,8.12,101.6,3,2,1,3,1,0,No,44,0
OTT-99781,Standard,13.86,106.4,3,1,3,4,0,0,Yes,17,0
OTT-87009,Basic,9.25,24.6,0,1,2,1,0,2,No,11,1
OTT-73078,Basic,9.53,100.8,5,2,2,4,0,0,Yes,16,0
OTT-76122,Basic,9.81,27.6,2,1,1,1,0,0,Yes,25,0
OTT-63568,Basic,8.16,55.4,1,1,1,6,0,0,Yes,36,0
OTT-15426,Basic,9.62,70.3,4,1,2,5,1,1,Yes,9,0
OTT-45312,Standard,14.98,41.5,1,3,2,5,1,0,Yes,3,0
OTT-54621,Basic,8.59,52.3,1,2,1,4,0,0,Yes,5,1
OTT-92375,Basic,9.44,101.9,5,2,1,9,2,0,Yes,20,0
OTT-29753,Basic,9.97,37.4,1,1,2,4,2,0,Yes,42,0
OTT-54721,Basic,8.75,69.4,2,1,1,7,0,2,Yes,7,0
OTT-40965,Standard,15.06,94.8,1,2,2,6,1,1,Yes,4,0
OTT-22092,Standard,14.14,43.2,3,2,3,5,1,0,Yes,5,0
OTT-19271,Standard,14.0,104.3,5,2,2,4,0,0,Yes,21,0
OTT-42883,Premium,20.44,34.3,7,4,3,7,1,0,Yes,48,0
OTT-17417,Basic,8.05,45.4,2,1,1,5,0,0,No,3,0
OTT-16044,Basic,9.44,63.6,3,1,1,9,1,0,Yes,18,0
OTT-41577,Premium,20.43,39.6,3,3,4,5,1,0,Yes,26,0
OTT-28177,Standard,15.18,106.5,2,4,1,5,1,0,Yes,46,0
OTT-59932,Premium,22.6,37.4,9,4,5,0,1,0,Yes,4,0
OTT-11590,Standard,15.61,59.6,4,2,1,3,0,0,Yes,38,0
OTT-37162,Standard,14.24,81.2,1,2,2,3,0,0,Yes,7,0
OTT-50794,Basic,8.24,79.2,2,1,1,5,0,3,Yes,24,0
OTT-96682,Basic,8.88,79.4,0,2,1,5,1,0,Yes,6,0
OTT-67107,Standard,13.94,8.3,11,2,1,1,0,0,Yes,9,1
OTT-89263,Standard,14.42,86.6,5,2,2,7,1,0,No,17,0
OTT-40895,Standard,14.91,87.6,2,1,1,5,2,1,Yes,4,0
OTT-50473,Premium,21.92,79.3,1,6,5,11,0,0,Yes,23,0
OTT-47833,Basic,8.43,86.4,3,1,2,9,2,0,Yes,23,0
OTT-89864,Basic,8.44,1.0,22,1,2,3,1,1,Yes,21,1
OTT-96327,Premium,22.59,58.9,6,5,5,3,0,0,Yes,6,0
OTT-96609,Premium,22.82,49.6,5,6,3,5,2,0,Yes,21,0
OTT-77675,Premium,21.92,20.8,16,5,4,0,0,0,No,3,0
OTT-55279,Standard,14.88,39.9,3,2,2,5,1,0,Yes,32,0
OTT-58676,Premium,21.96,49.4,4,5,2,7,1,0,Yes,29,0
OTT-98244,Basic,8.25,16.4,7,1,1,2,2,0,Yes,2,0
OTT-35608,Basic,9.78,76.9,4,1,1,5,1,0,No,4,0
OTT-41203,Basic,8.41,18.9,7,1,2,0,1,0,Yes,4,0
OTT-90728,Basic,9.33,95.6,4,1,2,12,1,0,Yes,9,0
OTT-44768,Premium,20.66,74.5,4,4,4,3,1,0,No,45,0
OTT-31158,Standard,15.25,57.9,3,1,1,12,0,0,No,14,0
OTT-60441,Standard,15.37,8.2,9,3,1,1,1,1,Yes,3,1
OTT-39280,Basic,9.47,88.9,0,1,1,4,1,3,Yes,2,0
OTT-90177,Standard,14.56,75.0,5,2,3,9,0,0,Yes,2,0
OTT-91814,Basic,9.2,33.1,3,1,1,6,2,0,Yes,27,0
OTT-37540,Standard,14.98,38.9,2,3,2,7,2,0,Yes,17,0
OTT-57658,Basic,9.43,37.1,0,2,1,8,0,0,Yes,19,0
OTT-98558,Standard,14.74,5.5,15,3,2,0,0,1,No,3,1
OTT-76807,Basic,9.0,25.3,5,1,1,1,0,0,Yes,30,0
OTT-29406,Standard,15.2,90.5,2,2,4,7,0,0,Yes,5,0
OTT-63166,Standard,13.92,50.0,3,2,3,4,0,0,No,30,0
OTT-65789,Premium,21.95,122.5,0,2,2,3,0,0,Yes,30,0
OTT-68808,Premium,20.43,66.8,4,2,3,7,2,0,No,17,0
OTT-12250,Basic,9.44,54.2,2,1,2,9,0,0,Yes,27,0
OTT-36944,Basic,8.77,103.0,3,1,2,14,2,0,Yes,3,0
OTT-86914,Basic,9.67,36.8,1,2,1,6,0,0,Yes,13,0
OTT-31723,Basic,8.17,10.3,15,2,2,0,0,0,Yes,6,0
OTT-36972,Basic,8.91,35.3,6,1,1,9,0,0,Yes,12,0
OTT-39023,Premium,20.49,26.1,9,4,2,3,0,1,Yes,3,1
OTT-25964,Premium,22.6,106.1,0,4,4,4,1,0,Yes,3,0
OTT-23989,Basic,8.24,36.1,5,2,2,8,0,0,Yes,1,0
OTT-41231,Standard,14.7,25.3,3,3,2,0,1,0,Yes,3,0
OTT-88687,Premium,20.31,56.0,4,3,4,8,1,0,Yes,21,0
OTT-10138,Basic,9.59,45.1,0,2,1,7,1,1,Yes,19,0
OTT-35491,Premium,20.84,22.5,7,4,3,3,1,0,Yes,6,0
OTT-15456,Premium,21.77,48.7,12,4,5,12,3,0,Yes,35,0
OTT-60533,Premium,20.5,49.6,3,6,5,5,2,0,Yes,46,0
OTT-32553,Standard,14.37,72.3,1,2,1,8,0,0,No,4,0
OTT-81276,Basic,8.22,85.8,0,2,1,3,1,0,No,17,0
OTT-62650,Basic,9.09,93.0,0,1,1,4,0,0,Yes,8,0
OTT-80543,Premium,20.0,23.3,14,5,4,1,1,3,Yes,23,0
OTT-67141,Basic,9.98,94.6,3,1,2,3,0,1,Yes,2,0
OTT-49454,Basic,8.82,10.1,7,1,1,3,0,1,Yes,12,1
OTT-87486,Basic,9.25,11.5,9,1,1,0,2,0,Yes,3,0
OTT-52862,Standard,14.21,22.4,13,3,4,1,0,0,Yes,2,0
OTT-95493,Basic,8.5,12.2,13,1,1,0,0,0,Yes,17,1
OTT-99522,Premium,22.53,60.9,3,4,2,8,0,0,Yes,23,0
OTT-63011,Standard,15.39,25.0,10,2,2,1,0,0,No,44,0
OTT-70713,Basic,9.28,17.2,8,2,1,0,3,0,Yes,2,1
OTT-33009,Basic,9.49,5.4,23,1,2,2,0,0,No,1,1
OTT-83316,Standard,13.93,63.3,2,2,2,7,0,0,Yes,5,0
OTT-70442,Standard,15.83,44.6,2,2,1,7,0,0,No,5,0
OTT-91228,Premium,21.35,55.7,6,4,4,4,1,0,Yes,2,0
OTT-34030,Premium,22.6,117.2,1,3,3,6,0,0,Yes,23,0
OTT-80882,Basic,9.46,13.8,7,1,1,2,0,1,Yes,17,0
OTT-52324,Premium,20.85,93.4,3,4,4,3,1,0,Yes,19,0
OTT-26665,Standard,14.91,27.2,4,2,4,1,2,0,Yes,1,0
OTT-25407,Standard,15.91,35.1,4,2,4,6,1,0,Yes,6,0
OTT-60594,Standard,13.58,31.0,3,4,2,5,1,0,Yes,8,0
OTT-38750,Basic,8.84,1.6,21,1,1,1,0,0,Yes,6,1
OTT-19170,Standard,15.04,79.3,6,3,3,1,2,1,No,48,0
OTT-48442,Standard,14.34,23.5,3,1,1,0,0,0,Yes,6,0
OTT-68762,Basic,8.63,62.2,3,1,1,4,1,0,Yes,15,0
OTT-38705,Standard,15.36,80.5,0,2,3,7,0,1,Yes,26,0
OTT-95980,Basic,9.82,54.0,1,2,2,4,0,0,No,18,0
OTT-80158,Standard,14.83,35.2,5,2,2,5,0,0,No,8,0
OTT-56145,Premium,22.83,55.5,0,4,5,7,1,0,Yes,21,0
OTT-94117,Basic,8.19,35.5,1,2,1,3,2,1,Yes,5,0
OTT-48967,Basic,8.44,48.0,6,2,1,6,1,0,Yes,7,0
OTT-22570,Standard,13.71,15.1,8,2,3,2,1,1,Yes,40,0
OTT-13225,Basic,8.86,56.9,3,2,2,5,0,2,Yes,34,0
OTT-94421,Basic,9.24,41.6,0,1,1,6,1,1,Yes,23,0
OTT-96378,Standard,13.99,42.6,2,3,2,4,1,0,Yes,2,0
OTT-76531,Basic,8.89,78.3,3,2,2,1,1,0,Yes,40,0
OTT-19270,Standard,15.2,8.5,8,2,3,1,0,2,Yes,23,1
OTT-36428,Basic,9.27,16.8,7,2,1,2,1,0,Yes,6,0
OTT-13697,Basic,9.25,103.8,0,2,2,3,0,0,Yes,2,0
OTT-14612,Basic,9.2,23.2,10,1,1,1,0,0,Yes,2,1
OTT-32145,Premium,22.95,75.8,3,4,3,6,0,2,No,12,0
OTT-61492,Standard,15.27,19.0,7,3,2,0,0,2,Yes,6,1
OTT-15897,Basic,9.81,108.4,0,1,1,3,0,0,Yes,3,0
OTT-98613,Basic,9.89,85.0,5,1,1,4,1,0,Yes,5,0
OTT-50960,Standard,15.64,19.8,9,4,2,1,2,0,No,30,0
OTT-33745,Standard,13.73,19.2,7,2,2,2,0,0,Yes,4,0
OTT-56447,Basic,9.05,100.7,2,1,2,9,0,0,Yes,6,0
OTT-81113,Basic,8.75,39.1,3,1,2,7,0,0,Yes,11,0
OTT-38130,Standard,13.73,72.9,3,4,1,4,0,0,Yes,4,0
OTT-14276,Standard,14.9,52.8,2,2,3,10,1,0,Yes,47,0
OTT-14586,Premium,20.63,84.0,4,5,5,6,1,2,Yes,26,0
OTT-86677,Standard,14.94,25.5,0,3,3,2,0,0,Yes,7,0
OTT-20043,Standard,15.53,91.8,0,1,1,6,1,0,Yes,9,0
OTT-67200,Standard,14.47,38.2,0,3,3,9,0,0,Yes,1,0
OTT-44605,Standard,15.86,71.5,2,2,3,8,0,0,Yes,2,0
OTT-79975,Standard,15.41,103.3,0,2,1,10,1,0,Yes,3,0
OTT-15447,Basic,9.6,3.8,15,1,2,2,1,0,Yes,2,0
OTT-90800,Premium,20.33,57.7,2,3,3,7,2,0,Yes,4,0
OTT-72836,Basic,9.87,57.7,1,1,2,5,1,2,No,20,1
OTT-50434,Standard,13.58,69.9,1,1,2,6,0,0,Yes,2,0
OTT-28631,Standard,15.6,42.2,4,2,1,6,0,0,Yes,1,0
OTT-97941,Premium,20.08,116.6,1,4,4,6,1,2,Yes,22,0
OTT-37186,Basic,8.31,77.4,2,1,1,5,1,0,Yes,23,0
OTT-54145,Premium,20.94,39.8,6,4,4,6,0,0,Yes,4,0
OTT-45470,Basic,9.47,66.8,2,1,1,4,0,0,Yes,6,0
OTT-30749,Basic,9.79,53.7,2,2,1,4,1,0,Yes,6,0
OTT-47494,Premium,21.99,78.9,0,5,3,5,1,0,Yes,5,0
OTT-23633,Basic,9.45,27.7,7,1,1,1,0,0,Yes,43,0
OTT-10149,Standard,14.21,57.7,1,3,1,5,0,0,Yes,35,0
OTT-36099,Standard,15.93,1.3,15,2,2,1,0,0,Yes,22,1
OTT-20086,Premium,21.21,62.6,0,5,4,0,3,0,No,16,0
OTT-47329,Standard,15.77,74.8,5,4,1,8,0,0,Yes,18,0
OTT-87647,Basic,9.55,18.6,9,1,2,1,2,0,Yes,19,0
OTT-24631,Premium,21.09,31.0,8,4,4,14,1,0,No,5,0
OTT-10110,Basic,8.68,11.4,12,1,1,1,1,0,No,3,0
OTT-19998,Standard,15.19,89.7,1,2,3,5,1,1,Yes,16,0
OTT-55734,Standard,15.84,22.6,3,2,2,0,0,1,Yes,8,0
OTT-34735,Standard,15.17,42.3,1,3,1,4,0,1,Yes,3,1
OTT-54054,Standard,15.63,27.6,8,3,2,2,0,0,Yes,5,0
OTT-12632,Premium,22.89,42.4,13,4,3,6,0,0,Yes,4,1
OTT-39978,Standard,14.32,43.6,6,1,3,8,1,0,Yes,1,0
OTT-46911,Premium,21.61,25.1,7,3,4,2,0,0,Yes,8,0
OTT-48819,Basic,9.21,58.7,5,1,1,7,1,0,Yes,18,0
OTT-59603,Basic,8.42,78.8,1,3,1,5,0,0,No,11,0
OTT-80251,Standard,15.48,2.9,14,3,2,1,1,0,Yes,5,0
OTT-52050,Basic,8.51,87.8,0,1,1,8,1,1,Yes,3,0
OTT-85707,Basic,9.4,25.7,5,3,2,1,0,0,Yes,45,0
OTT-57675,Standard,14.8,3.1,15,3,2,1,2,0,Yes,13,0
OTT-33431,Standard,15.58,73.9,2,2,2,8,2,0,Yes,4,0
OTT-30611,Basic,9.01,84.1,6,2,2,3,1,1,Yes,4,0
OTT-39023,Basic,9.16,81.2,0,1,2,5,0,1,Yes,25,0
OTT-63771,Basic,8.35,45.0,4,3,1,3,2,1,Yes,40,0
OTT-31823,Basic,9.61,15.7,7,1,1,0,2,0,Yes,38,0
OTT-92274,Basic,8.79,25.3,6,2,2,3,1,0,Yes,9,0
OTT-53187,Premium,21.73,47.1,4,4,4,6,0,0,Yes,16,0
OTT-87693,Basic,9.68,58.7,2,2,1,6,0,1,Yes,17,0
OTT-71492,Premium,21.43,79.6,0,3,3,6,1,0,Yes,2,0
OTT-40001,Premium,20.81,114.9,6,4,3,5,0,0,Yes,20,0
OTT-30542,Basic,8.52,106.7,4,1,1,6,0,0,Yes,11,0
OTT-76954,Premium,21.69,91.1,0,4,2,7,2,3,Yes,4,0
OTT-39765,Basic,8.57,93.9,2,1,1,7,1,0,Yes,41,0
OTT-32217,Standard,14.34,33.5,0,4,1,13,0,0,Yes,3,0
OTT-93733,Premium,20.69,106.4,2,4,5,8,3,0,Yes,6,0
OTT-53436,Premium,21.33,31.8,10,3,3,9,2,0,Yes,1,0
OTT-14371,Basic,8.92,58.1,4,1,1,8,0,0,Yes,29,0
OTT-54528,Basic,9.04,23.9,3,2,1,1,1,0,Yes,47,0
OTT-51468,Basic,9.18,63.2,5,1,1,6,0,0,Yes,11,0
OTT-87756,Premium,21.75,10.2,25,3,2,3,1,0,No,26,0
OTT-74039,Basic,8.72,44.2,2,1,1,6,1,0,Yes,32,0
OTT-27221,Standard,15.74,93.2,5,2,2,5,1,0,No,45,0
OTT-23540,Basic,9.01,26.5,8,1,1,2,0,0,No,32,1
OTT-64322,Basic,9.65,19.4,7,1,1,1,0,1,Yes,5,0
OTT-14263,Basic,9.1,43.5,3,1,2,3,3,0,Yes,34,0
OTT-38711,Basic,8.73,84.1,0,1,1,5,1,0,Yes,14,0
OTT-22438,Standard,15.34,47.9,5,2,3,2,0,3,Yes,15,0
OTT-11850,Basic,8.34,2.8,21,1,1,1,0,0,No,4,1
OTT-92693,Basic,9.93,47.1,1,2,1,8,0,2,No,13,1
OTT-18083,Standard,14.92,60.6,1,3,1,6,1,2,Yes,43,0
OTT-10833,Basic,8.2,41.9,6,2,1,11,5,2,Yes,1,1
OTT-93959,Standard,14.54,51.7,0,2,2,6,0,0,Yes,46,0
OTT-26948,Standard,15.27,56.8,4,2,3,7,0,1,Yes,6,0
OTT-83489,Standard,13.66,88.3,0,1,1,5,1,1,No,1,0
OTT-12815,Basic,8.51,97.5,1,2,2,8,0,1,Yes,6,0
OTT-23819,Basic,9.84,94.6,2,2,2,8,1,0,Yes,40,0
OTT-19956,Premium,21.06,66.9,2,5,3,3,1,1,No,15,0
OTT-73562,Premium,20.47,113.5,6,4,3,6,2,0,Yes,6,0
OTT-65812,Basic,8.19,78.4,0,1,2,5,1,0,Yes,19,0
OTT-52794,Basic,9.23,42.9,4,1,2,7,2,0,Yes,6,0
OTT-31747,Basic,9.11,55.1,0,1,1,8,0,0,Yes,23,0
OTT-17997,Standard,15.11,4.8,15,2,3,0,0,0,Yes,37,0
OTT-61228,Basic,9.91,60.3,3,2,2,6,1,0,Yes,7,0
OTT-30764,Premium,20.17,115.0,1,3,5,3,1,0,Yes,32,0
OTT-63116,Basic,8.39,16.2,7,1,1,3,0,0,Yes,18,0
OTT-71871,Premium,20.69,53.9,0,5,3,7,1,0,Yes,35,0
OTT-86448,Basic,8.84,86.9,0,2,1,5,0,0,Yes,1,0
OTT-54458,Basic,8.23,23.7,8,1,1,1,1,0,No,4,0
OTT-10426,Basic,8.81,72.4,6,2,1,4,0,1,Yes,4,1
OTT-35259,Basic,9.62,63.8,2,1,1,5,0,0,Yes,11,0
OTT-86802,Premium,20.48,36.3,11,5,4,6,0,0,Yes,21,0
OTT-57992,Standard,15.78,23.9,0,3,2,0,1,0,Yes,10,0
OTT-65720,Basic,9.81,7.4,18,2,2,3,0,0,Yes,6,1
OTT-51203,Premium,21.53,33.2,9,6,5,10,3,0,Yes,2,0
OTT-24646,Basic,9.71,91.9,3,1,1,8,0,0,Yes,23,0
OTT-90702,Basic,9.41,46.2,5,1,2,7,0,0,Yes,44,0
OTT-79563,Basic,8.7,26.4,8,2,1,3,0,1,Yes,3,1
OTT-99565,Standard,14.89,39.8,1,3,2,7,0,0,Yes,6,0
OTT-86993,Premium,20.34,34.0,9,4,4,4,2,1,Yes,4,0
OTT-36201,Basic,8.98,2.2,27,1,1,0,0,1,Yes,16,1
OTT-32883,Standard,15.56,25.0,6,2,3,2,0,0,Yes,2,0
OTT-32362,Basic,9.16,33.2,1,1,1,4,0,0,Yes,3,0
OTT-92690,Basic,8.75,69.9,4,1,2,6,1,0,Yes,16,0
OTT-60123,Standard,15.15,37.9,5,1,1,5,0,1,Yes,3,0
OTT-50900,Standard,15.93,58.9,2,3,2,5,2,0,Yes,5,0
OTT-97142,Standard,13.66,84.1,4,2,2,11,1,1,Yes,1,0
OTT-64307,Basic,8.65,77.0,1,2,1,6,0,1,Yes,42,0
OTT-91847,Basic,8.3,98.9,4,1,1,1,0,0,Yes,9,0
OTT-98617,Standard,15.88,103.1,4,3,2,7,0,0,Yes,2,0
OTT-17150,Standard,14.85,103.5,2,2,2,7,2,0,Yes,5,0
OTT-42537,Basic,8.25,15.8,13,1,2,0,0,0,Yes,7,0
OTT-76071,Basic,9.21,32.7,3,1,2,5,0,0,Yes,32,0
OTT-83183,Standard,14.74,80.7,1,2,2,4,0,1,Yes,4,0
OTT-23363,Basic,8.11,26.4,13,2,2,1,0,0,Yes,2,0
OTT-38655,Standard,15.65,89.7,2,2,2,6,0,0,Yes,4,0
OTT-59335,Standard,15.26,83.3,3,4,2,4,0,3,Yes,19,0
OTT-81928,Basic,8.0,24.1,7,1,2,0,0,0,Yes,25,0
OTT-20166,Standard,15.89,16.2,9,1,4,2,0,1,No,13,1
OTT-64065,Standard,13.89,66.2,4,2,2,5,0,0,Yes,4,0
OTT-36679,Standard,13.49,39.6,3,3,1,2,0,0,Yes,45,0
OTT-29471,Premium,21.27,18.9,23,4,5,1,2,0,Yes,19,0
OTT-56385,Standard,13.84,52.6,4,2,3,10,0,1,Yes,5,0
OTT-47261,Basic,9.13,45.5,4,1,1,9,1,0,Yes,5,0
OTT-67213,Basic,8.61,44.1,3,2,1,3,0,0,Yes,4,0
OTT-38586,Standard,13.95,66.9,0,2,2,9,1,0,No,42,0
OTT-84094,Basic,9.96,69.5,3,1,1,11,0,0,No,9,0
OTT-17029,Standard,14.32,94.7,5,2,1,7,0,0,Yes,10,0
OTT-87568,Basic,8.82,102.6,4,2,1,5,0,0,Yes,27,0
OTT-12685,Basic,8.58,49.2,2,1,1,4,0,0,Yes,1,0
OTT-76229,Basic,9.66,51.2,0,1,1,4,0,0,Yes,1,0
OTT-41182,Premium,20.58,59.4,0,4,3,6,1,0,Yes,5,0
OTT-44499,Standard,13.81,48.6,6,2,3,4,0,0,Yes,35,0
OTT-11713,Standard,15.69,86.1,2,2,2,7,0,0,No,7,0
OTT-73188,Basic,8.36,77.4,2,1,1,6,0,0,Yes,5,0
OTT-24893,Premium,22.56,12.2,15,4,4,1,3,2,Yes,3,1
OTT-69323,Premium,21.72,90.4,2,6,2,3,0,0,Yes,8,0
OTT-75265,Basic,9.64,96.6,2,2,1,3,1,0,Yes,7,0
OTT-86070,Standard,13.67,27.3,3,3,1,0,1,0,No,10,0
OTT-73727,Premium,22.88,122.3,0,4,2,3,3,0,Yes,5,0
OTT-37134,Basic,8.59,44.6,1,2,1,4,2,0,No,45,0
OTT-76471,Basic,8.11,50.8,5,2,2,8,0,0,No,42,0
OTT-84334,Standard,15.4,5.4,23,2,1,2,2,0,Yes,18,0
OTT-38543,Basic,8.35,34.5,0,1,1,4,1,0,Yes,16,0
OTT-21175,Standard,14.37,2.1,16,3,2,0,0,0,No,29,0
OTT-90100,Standard,14.98,12.8,9,3,3,2,0,2,Yes,38,0
OTT-23314,Basic,8.13,8.1,12,2,1,0,1,1,Yes,16,0
OTT-63444,Basic,8.39,72.8,3,3,1,4,0,0,Yes,23,0
OTT-31265,Standard,14.71,2.5,14,2,2,0,1,0,Yes,6,0
OTT-21342,Basic,8.83,30.2,2,1,1,5,0,1,Yes,29,0
OTT-79876,Basic,9.11,71.6,0,1,1,8,0,0,Yes,20,0
OTT-22934,Basic,9.45,74.2,3,1,1,2,0,0,No,4,0
OTT-70319,Premium,21.05,102.3,5,2,4,10,2,3,Yes,2,0
OTT-72377,Basic,8.8,66.3,0,1,1,6,0,0,Yes,24,0
OTT-15420,Basic,8.53,99.8,1,1,2,9,1,1,Yes,47,0
OTT-25564,Standard,14.34,10.5,9,3,2,0,0,0,No,46,0
OTT-81491,Basic,8.09,23.7,13,1,1,0,0,0,Yes,14,1
OTT-55655,Standard,14.94,16.2,9,3,2,2,0,0,Yes,44,0
OTT-20921,Basic,8.34,101.5,4,1,1,4,1,0,Yes,37,0
OTT-99258,Premium,22.14,55.7,2,4,2,6,3,0,Yes,4,0
OTT-33848,Basic,8.07,27.0,9,2,2,0,0,0,Yes,1,0
OTT-10360,Basic,8.11,98.3,4,2,2,2,0,2,No,25,0
OTT-93174,Basic,8.56,37.2,3,1,2,8,0,1,Yes,1,0
OTT-11492,Premium,21.31,33.5,7,3,4,2,0,0,Yes,17,0
OTT-59801,Premium,22.07,19.8,7,2,4,1,2,0,No,19,0
OTT-99376,Basic,9.37,34.5,2,2,1,3,2,0,Yes,12,0
OTT-62002,Basic,9.94,56.1,2,1,2,11,1,0,Yes,3,0
OTT-62616,Basic,8.69,69.1,0,1,2,11,0,0,Yes,23,0
OTT-44935,Basic,8.11,57.3,4,1,1,6,0,0,Yes,1,0
OTT-21421,Basic,9.71,51.2,5,1,1,3,0,2,Yes,26,0
OTT-61541,Premium,22.18,58.3,2,5,2,8,1,0,No,2,0
OTT-90756,Basic,8.13,36.2,1,1,1,4,1,0,Yes,20,0
OTT-18199,Premium,20.24,55.2,2,5,5,5,0,0,Yes,26,0
OTT-89233,Basic,8.94,68.6,0,1,1,4,2,0,Yes,2,0
OTT-47353,Premium,21.01,63.8,2,6,3,7,1,0,No,5,0
OTT-58257,Basic,9.18,95.0,5,3,1,5,5,1,Yes,28,0
OTT-24886,Basic,8.43,86.8,6,1,1,7,1,0,Yes,1,0
OTT-65960,Standard,15.89,11.9,16,1,1,0,0,0,Yes,1,1
OTT-26411,Basic,9.01,49.9,4,1,2,4,1,0,No,20,0
OTT-34586,Premium,22.24,8.9,21,6,3,0,1,0,Yes,45,0
OTT-74944,Standard,13.8,9.5,7,2,1,1,0,0,No,9,0
OTT-14546,Premium,21.84,59.1,2,3,5,6,0,0,Yes,5,0
OTT-50245,Premium,22.59,132.8,3,4,4,5,1,0,Yes,46,0
OTT-63510,Basic,8.04,74.0,2,2,1,4,3,0,No,12,0
OTT-21882,Basic,9.07,27.2,10,3,2,0,1,0,Yes,14,0
OTT-36527,Standard,14.11,11.1,18,2,3,1,0,2,Yes,15,1
OTT-40914,Basic,8.95,55.4,1,1,2,6,1,0,Yes,6,0
OTT-69725,Standard,15.53,60.5,2,3,2,3,0,0,Yes,1,0
OTT-97902,Basic,9.37,48.3,3,2,1,3,0,0,Yes,17,0
OTT-85261,Standard,15.38,87.3,1,3,2,4,1,0,Yes,4,0
OTT-27078,Basic,8.41,19.4,13,2,1,2,0,0,Yes,14,0
OTT-11634,Basic,9.66,27.6,0,2,1,3,1,0,Yes,6,0
OTT-14672,Premium,21.83,116.6,0,4,2,7,1,0,Yes,4,0
OTT-63613,Premium,20.2,119.5,6,4,3,6,1,0,No,3,0
OTT-24063,Basic,9.72,11.3,21,2,2,0,0,0,Yes,23,0
OTT-30815,Basic,8.1,44.0,2,2,1,5,1,0,Yes,21,0
OTT-86264,Standard,13.56,88.3,0,1,2,7,0,1,Yes,2,0
OTT-88649,Basic,9.66,77.8,1,1,1,8,0,0,Yes,1,0
OTT-85511,Standard,13.52,10.5,9,2,2,0,0,1,Yes,4,0
OTT-32829,Standard,13.71,44.8,2,4,4,6,0,0,Yes,31,0
OTT-65770,Basic,8.02,38.9,0,1,1,3,0,0,Yes,3,0
OTT-64968,Basic,9.75,35.5,0,1,2,4,1,0,Yes,29,0
OTT-26672,Basic,8.08,21.0,7,1,1,1,0,0,No,2,1
OTT-59818,Basic,8.74,98.2,6,2,2,4,1,0,No,6,0
OTT-57272,Standard,14.03,108.9,3,2,1,4,0,0,Yes,20,0
OTT-45654,Basic,8.67,40.9,6,1,2,7,0,2,Yes,22,0
OTT-77648,Premium,20.86,41.5,7,4,4,5,1,0,Yes,1,0
OTT-70985,Standard,15.71,9.6,7,1,4,0,0,0,Yes,30,0
OTT-57938,Basic,9.53,43.0,1,1,2,8,1,0,Yes,6,0
OTT-75318,Standard,15.7,96.6,3,2,2,5,0,0,Yes,6,0
OTT-78679,Basic,9.43,104.9,4,2,1,4,2,0,No,2,0
OTT-61023,Basic,8.65,107.4,3,2,1,5,0,0,Yes,19,0
OTT-34090,Standard,13.95,62.9,5,1,1,10,2,0,Yes,38,0
OTT-78257,Basic,9.05,86.8,0,2,2,7,0,0,Yes,4,0
OTT-74584,Basic,8.7,54.5,2,2,2,9,0,0,Yes,27,0
OTT-98506,Basic,9.28,83.7,2,1,1,7,1,0,Yes,21,0
OTT-23480,Basic,8.07,35.4,6,1,1,8,1,0,Yes,46,0
OTT-47734,Standard,15.27,10.4,10,3,2,2,2,0,Yes,31,0
OTT-93179,Premium,20.89,113.8,0,4,3,5,2,0,Yes,38,0
OTT-56311,Standard,14.65,49.4,0,2,3,8,0,0,Yes,18,0
OTT-94835,Premium,22.93,11.3,34,4,5,0,1,0,Yes,1,1
OTT-11122,Standard,14.03,1.3,24,3,2,0,1,1,Yes,16,0
OTT-13165,Basic,8.23,95.2,0,1,2,7,1,0,Yes,20,0
OTT-81641,Premium,20.62,31.7,17,4,3,5,3,0,Yes,17,0
OTT-42258,Basic,8.69,23.4,4,1,2,0,1,1,Yes,7,0
OTT-56820,Basic,9.06,56.3,0,1,1,7,2,1,Yes,2,1
OTT-48520,Premium,22.93,100.9,6,5,3,9,0,0,Yes,37,0
OTT-46716,Standard,15.66,8.1,11,2,2,1,0,2,Yes,3,0
OTT-94551,Premium,22.13,36.4,13,5,2,6,1,0,Yes,47,0
OTT-18466,Basic,9.43,44.7,0,1,1,7,1,1,Yes,3,0
OTT-79498,Standard,14.2,33.8,6,2,2,3,2,0,No,2,0
OTT-90068,Basic,9.85,29.7,3,1,1,1,1,0,No,45,0
OTT-69166,Basic,9.07,43.9,2,2,1,6,0,0,Yes,32,0
OTT-45550,Premium,20.48,64.7,2,4,3,10,1,0,Yes,12,0
OTT-24401,Basic,9.89,107.7,4,2,1,6,1,0,Yes,38,0
OTT-71431,Standard,14.76,23.9,0,2,1,3,3,0,Yes,1,0
OTT-52191,Premium,20.46,58.1,0,3,3,7,1,0,Yes,44,0
OTT-23443,Premium,22.2,102.9,0,4,3,3,0,1,Yes,6,0
OTT-42368,Basic,8.46,89.1,0,2,1,8,0,0,No,15,0
OTT-96538,Basic,8.37,63.2,1,1,1,7,1,0,Yes,23,0
OTT-33884,Premium,20.79,68.0,2,3,3,7,0,0,Yes,5,0
OTT-26059,Standard,14.94,52.5,1,2,2,8,3,0,Yes,12,0
OTT-71377,Standard,14.22,107.7,0,2,1,7,0,0,Yes,23,0
OTT-27958,Basic,8.07,98.3,2,1,1,8,0,0,Yes,3,0
OTT-92790,Basic,8.76,45.0,0,1,2,10,0,0,Yes,32,0
OTT-87307,Premium,20.69,75.1,1,3,3,13,0,0,Yes,20,0
OTT-98516,Standard,14.77,87.6,5,2,2,5,2,0,Yes,3,0
OTT-92131,Standard,14.64,24.5,7,4,2,2,0,0,Yes,14,0
OTT-31938,Basic,8.15,32.7,1,1,1,6,0,2,Yes,2,0
OTT-29093,Basic,8.48,27.1,9,1,1,1,1,0,No,4,0
OTT-40837,Standard,14.19,94.1,5,2,1,5,3,0,Yes,11,0
OTT-52281,Premium,21.44,47.7,8,5,4,3,1,0,Yes,4,0
OTT-89198,Basic,9.63,6.5,22,3,1,2,0,0,No,1,0
OTT-76013,Basic,8.43,66.6,6,2,1,2,1,2,No,19,0
OTT-67998,Standard,13.89,2.9,45,2,1,1,1,3,No,1,1
OTT-89052,Basic,7.99,70.1,3,2,1,4,0,1,Yes,47,0
OTT-68129,Basic,9.2,24.3,8,1,1,0,1,0,No,38,0
OTT-44114,Standard,14.3,98.0,4,2,2,5,0,0,Yes,2,0
OTT-47169,Basic,9.33,22.0,9,1,2,1,0,1,Yes,13,0
OTT-56531,Standard,15.22,26.1,3,1,2,0,0,0,Yes,1,0
OTT-17989,Basic,8.08,61.4,3,1,1,5,1,0,No,7,0
OTT-76753,Standard,14.54,13.1,8,2,2,1,1,1,No,3,0
OTT-68749,Premium,22.89,12.4,15,3,3,1,2,0,Yes,36,0
OTT-75801,Premium,20.82,97.2,4,4,5,9,2,0,Yes,3,0
OTT-58054,Standard,14.81,67.1,4,3,1,10,0,0,Yes,9,0
OTT-80465,Standard,14.83,27.4,0,2,1,2,0,2,Yes,5,0
OTT-95476,Basic,8.51,76.7,1,2,1,8,1,0,Yes,2,0
OTT-61293,Basic,9.55,38.7,0,2,1,4,2,0,Yes,23,0
OTT-49994,Basic,8.0,104.5,5,1,2,2,0,1,Yes,22,0
OTT-19415,Standard,14.06,21.9,10,4,2,1,0,1,Yes,32,0
OTT-80080,Basic,9.18,22.3,5,1,1,1,0,0,No,6,0
OTT-91356,Basic,9.82,98.7,4,2,1,4,0,0,No,2,0
OTT-72953,Standard,13.51,27.7,3,2,1,1,1,0,Yes,1,1
OTT-87900,Standard,14.99,23.0,0,2,3,4,1,0,Yes,3,0
OTT-87507,Basic,8.0,56.8,2,2,1,6,1,0,Yes,28,0
OTT-81827,Basic,9.24,35.7,4,2,2,5,0,1,Yes,34,0
OTT-55258,Standard,14.52,94.0,5,1,1,4,0,0,Yes,29,0
OTT-18987,Premium,21.29,134.6,5,4,4,4,1,1,Yes,1,0
OTT-10292,Standard,15.91,23.7,8,2,3,0,0,0,Yes,8,0
OTT-28395,Basic,9.35,54.4,4,1,1,4,1,0,No,22,0
OTT-48791,Premium,20.58,23.5,23,2,3,0,1,0,Yes,4,1
OTT-76923,Basic,9.98,14.9,7,2,1,2,1,1,Yes,10,1
OTT-51022,Basic,8.5,29.6,6,1,1,3,1,0,Yes,4,0
OTT-12082,Basic,9.36,26.1,8,3,1,3,1,0,Yes,5,0
OTT-28930,Basic,9.35,3.7,15,2,1,1,1,0,Yes,40,0
OTT-98129,Standard,15.61,44.0,3,3,1,9,1,0,Yes,2,0
OTT-98921,Standard,14.49,85.0,0,2,1,6,1,0,Yes,32,0
OTT-43942,Premium,22.08,98.0,4,5,4,1,0,0,Yes,6,0
OTT-82447,Standard,15.05,3.4,45,2,1,2,0,0,No,3,1
OTT-74737,Basic,8.86,11.8,15,1,1,1,1,0,Yes,6,1
OTT-93813,Standard,15.78,16.3,7,2,1,2,0,0,Yes,2,1
OTT-89880,Standard,14.12,103.0,3,2,3,7,0,0,No,18,0
OTT-66586,Standard,14.05,106.1,6,2,2,9,0,0,No,6,1
OTT-45516,Basic,9.25,97.3,1,2,1,5,1,0,No,22,0
OTT-66398,Standard,13.97,104.1,3,1,3,9,1,0,Yes,38,0
OTT-38721,Standard,15.56,74.8,5,4,3,2,1,0,Yes,4,0
OTT-41327,Basic,8.67,10.3,8,1,1,1,1,0,Yes,6,0
OTT-64786,Premium,21.25,125.9,5,4,4,7,2,0,No,17,0
OTT-61425,Basic,9.35,49.1,3,2,2,7,1,0,Yes,36,0
OTT-62288,Basic,9.76,103.4,0,3,1,2,0,0,No,20,0
OTT-44620,Standard,15.21,67.7,4,2,3,5,0,0,Yes,1,0
OTT-46822,Premium,20.27,80.1,0,6,4,2,0,1,Yes,7,0
OTT-10917,Standard,14.34,95.2,0,2,3,5,0,0,No,23,0
OTT-64159,Standard,15.37,56.2,5,2,2,7,0,0,No,2,0
OTT-61820,Premium,22.71,58.9,2,4,3,8,0,0,Yes,3,0
OTT-94183,Basic,9.26,9.6,16,1,1,0,2,0,Yes,35,0
OTT-55384,Basic,9.18,13.8,10,2,2,1,1,1,Yes,1,0
OTT-52087,Standard,14.44,96.4,3,2,3,4,0,0,Yes,5,0
OTT-16091,Basic,8.95,26.3,9,1,1,2,0,0,Yes,2,0
OTT-27706,Standard,14.57,56.5,1,2,2,7,1,2,Yes,18,0
OTT-40423,Premium,20.16,108.1,2,3,4,4,2,0,Yes,12,0
OTT-43948,Basic,8.03,23.5,1,2,1,2,2,0,Yes,4,0
OTT-42641,Basic,9.22,91.9,0,1,1,4,0,0,Yes,15,0
OTT-45469,Basic,9.01,62.4,5,2,1,9,2,0,Yes,22,0
OTT-79201,Standard,14.1,45.3,0,1,2,9,1,0,Yes,3,0
OTT-21799,Standard,15.72,99.0,0,2,2,7,0,0,Yes,45,0
OTT-39903,Premium,20.61,75.9,6,4,3,5,1,0,Yes,1,0
OTT-24658,Standard,15.24,94.5,0,2,2,7,0,0,Yes,5,0
OTT-37701,Premium,22.36,34.0,8,3,3,10,1,0,Yes,43,0
OTT-71609,Basic,9.67,105.6,5,2,1,3,2,0,Yes,41,0
OTT-14208,Basic,9.67,8.4,16,1,2,2,1,0,Yes,3,0
OTT-40552,Basic,9.58,80.7,2,1,2,11,0,0,Yes,30,0
OTT-12131,Standard,14.63,32.9,4,2,2,0,1,0,Yes,21,0
OTT-95939,Basic,9.24,87.8,0,1,1,8,0,0,Yes,4,0
OTT-75452,Basic,9.71,67.8,2,2,2,2,0,0,Yes,25,0
OTT-31923,Basic,8.83,85.2,2,1,1,5,0,0,Yes,30,0
OTT-27837,Basic,9.33,98.3,4,2,1,4,1,0,Yes,1,0
OTT-18903,Standard,13.89,22.1,13,2,2,1,0,0,Yes,18,0
OTT-52558,Premium,21.68,83.8,1,4,3,8,4,0,No,6,0
OTT-77814,Basic,8.27,97.0,1,1,2,3,0,0,No,3,0
OTT-62578,Standard,15.14,87.0,0,3,3,1,0,1,No,40,0
OTT-89292,Basic,8.74,89.3,5,1,1,6,2,1,Yes,21,0
OTT-40943,Basic,8.45,11.0,15,1,1,0,1,1,Yes,9,0
OTT-35029,Basic,8.71,10.8,9,1,2,1,0,0,Yes,10,1
OTT-53024,Standard,15.24,65.9,4,1,3,6,0,0,Yes,15,0
OTT-28187,Standard,15.76,32.9,0,2,1,7,0,2,Yes,5,0
OTT-97807,Standard,13.52,88.0,0,2,2,8,1,1,Yes,28,0
OTT-26718,Premium,20.49,32.9,8,3,3,7,2,0,No,7,0
OTT-53097,Basic,9.4,85.4,1,2,2,5,3,0,No,11,0
OTT-56980,Standard,14.91,32.7,0,2,2,4,0,0,Yes,15,0
OTT-15134,Standard,14.29,76.6,1,1,1,8,1,0,No,4,0
OTT-52157,Basic,9.29,0.4,45,2,1,0,1,0,No,1,1
OTT-50922,Basic,9.72,53.1,2,1,1,5,2,0,Yes,3,1
OTT-33349,Basic,8.51,69.1,5,2,1,8,0,0,Yes,6,0
OTT-21517,Basic,8.96,21.8,11,1,1,1,1,0,Yes,19,0
OTT-14065,Basic,8.03,66.1,6,1,1,7,0,0,Yes,38,0
OTT-10772,Basic,9.88,86.3,1,2,1,5,0,0,Yes,3,0
OTT-53333,Premium,22.39,66.2,2,4,5,1,0,0,Yes,4,0
OTT-18085,Premium,21.51,88.3,2,5,4,8,1,0,Yes,18,0
OTT-96338,Standard,15.97,15.7,8,2,2,0,0,0,Yes,5,0
OTT-32026,Standard,14.04,2.7,19,2,2,1,0,0,Yes,40,0
OTT-68726,Premium,22.22,114.2,4,4,3,5,1,0,Yes,1,0
OTT-70613,Basic,9.53,3.4,37,1,1,1,0,0,No,2,0
OTT-54595,Standard,15.57,43.1,0,2,3,9,0,0,Yes,6,0
OTT-89524,Standard,15.2,35.9,0,2,3,8,2,0,Yes,40,0
OTT-19962,Premium,20.56,110.8,5,4,3,3,1,0,Yes,5,0
OTT-31062,Standard,13.72,109.2,0,2,3,9,1,0,Yes,10,0
OTT-32719,Basic,8.35,58.8,2,1,2,11,0,0,Yes,1,0
OTT-22187,Standard,15.64,91.6,0,2,2,6,0,0,Yes,1,0
OTT-36529,Basic,8.79,10.9,12,1,1,0,0,0,Yes,26,1
OTT-38141,Basic,9.08,0.8,35,1,2,2,2,0,Yes,1,1
OTT-78831,Standard,13.55,34.4,4,3,1,3,0,1,Yes,1,0
OTT-37146,Standard,14.72,80.6,1,1,4,6,0,0,Yes,18,0
OTT-88903,Basic,8.81,73.7,1,1,1,8,1,1,No,46,0
OTT-79539,Basic,9.06,80.2,0,1,1,6,1,0,Yes,6,0
OTT-91146,Standard,14.43,36.9,1,3,1,1,0,0,Yes,2,0
OTT-19470,Basic,8.14,29.1,2,2,1,1,0,0,Yes,46,1
OTT-98610,Premium,20.12,85.1,1,3,4,5,0,0,Yes,17,0
OTT-65256,Standard,15.86,68.6,0,2,2,6,0,0,Yes,35,0
OTT-98412,Standard,15.0,5.6,14,3,2,3,0,0,No,29,1
OTT-41935,Basic,9.28,21.7,10,1,1,2,0,0,Yes,11,1
OTT-95768,Premium,22.74,43.1,8,3,4,5,0,0,Yes,1,0
OTT-62973,Premium,21.64,124.8,3,4,4,4,0,0,Yes,1,0
OTT-16463,Basic,9.22,90.4,3,1,2,10,0,0,No,20,0
OTT-46910,Standard,14.8,51.5,2,1,3,4,0,3,Yes,13,0
OTT-22401,Standard,13.93,100.7,2,1,2,3,1,0,Yes,31,0
OTT-94714,Basic,8.61,65.3,3,1,1,4,1,0,Yes,21,0
OTT-37401,Standard,15.7,62.9,2,3,1,12,1,0,Yes,2,0
OTT-30012,Premium,21.32,40.3,7,6,3,6,2,2,Yes,9,0
OTT-59760,Standard,14.0,106.2,2,2,2,11,1,0,No,22,0
OTT-48264,Premium,22.47,30.1,18,5,5,15,1,0,Yes,12,0
OTT-18727,Basic,8.16,37.4,1,1,2,7,1,0,Yes,27,0
OTT-83483,Premium,21.91,106.9,0,3,5,4,2,0,No,14,0
OTT-86120,Premium,22.09,88.5,3,4,3,8,1,0,Yes,6,0
OTT-76865,Basic,8.6,97.6,6,1,2,9,1,2,Yes,19,0
OTT-65507,Basic,8.32,52.9,4,1,2,5,0,0,Yes,8,0
OTT-46229,Standard,14.61,107.8,6,2,1,3,0,1,Yes,48,0
OTT-58812,Premium,22.26,46.1,4,4,3,7,2,0,Yes,17,0
OTT-56889,Basic,9.76,105.5,2,1,1,5,1,0,Yes,18,0
OTT-24877,Basic,9.62,91.5,3,1,1,5,1,0,Yes,17,0
OTT-17363,Standard,13.76,107.7,1,1,2,11,1,0,Yes,12,0
OTT-32792,Basic,8.44,2.8,14,1,2,0,0,1,Yes,2,0
OTT-50889,Standard,15.03,53.1,6,3,2,5,1,0,Yes,41,0
OTT-24427,Standard,15.26,39.4,3,2,2,7,0,0,Yes,39,0
OTT-19599,Premium,20.02,117.1,5,4,3,5,0,0,No,22,0
OTT-86673,Basic,8.28,13.4,7,2,1,2,1,0,Yes,18,0
OTT-43749,Premium,20.27,94.9,4,4,4,7,1,0,Yes,5,0
OTT-62579,Standard,14.34,39.0,2,3,3,4,2,0,No,13,0
OTT-57162,Premium,22.03,110.9,2,2,4,8,1,0,Yes,14,0
OTT-76160,Basic,9.88,87.4,5,1,2,9,2,0,No,9,0
OTT-76582,Standard,13.71,32.1,2,1,2,4,1,1,Yes,2,0
OTT-36642,Premium,21.51,109.5,2,6,3,5,2,0,Yes,17,0
OTT-86310,Standard,14.42,11.3,13,1,3,5,0,0,No,1,0
OTT-43412,Basic,8.79,106.0,1,2,1,6,1,0,Yes,15,0
OTT-85167,Standard,13.66,99.4,2,1,2,6,0,0,No,15,0
OTT-46436,Basic,8.57,39.7,3,1,1,6,1,0,Yes,6,0
OTT-19989,Basic,8.49,51.9,0,1,1,4,0,3,Yes,21,0
OTT-78400,Standard,15.29,74.4,2,3,2,1,3,0,Yes,29,0
OTT-12714,Premium,21.92,104.4,3,3,4,6,1,0,Yes,11,0
OTT-79510,Standard,15.08,105.0,0,2,4,5,2,0,Yes,4,0
OTT-13884,Basic,9.03,58.9,4,2,1,4,0,0,Yes,17,0
OTT-28613,Basic,8.67,65.0,1,2,1,4,0,0,Yes,3,0
OTT-64302,Basic,8.48,11.1,8,3,2,1,0,0,Yes,8,0
OTT-94737,Basic,8.01,52.8,1,2,1,5,1,2,Yes,22,0
OTT-46762,Premium,20.43,130.6,0,3,2,6,0,1,Yes,3,0
OTT-20858,Basic,8.43,104.5,0,1,1,9,2,2,Yes,16,0
OTT-30961,Basic,9.94,58.4,4,1,1,4,0,0,Yes,21,0
OTT-90650,Standard,15.92,12.5,12,2,2,2,1,3,No,27,1
OTT-75405,Basic,9.53,72.4,2,2,1,4,1,0,Yes,2,0
OTT-19035,Basic,9.21,59.2,1,1,1,11,1,0,Yes,1,0
OTT-44640,Standard,15.16,88.2,0,2,1,5,0,0,Yes,19,0
OTT-33808,Basic,9.19,77.4,0,2,1,7,2,0,Yes,4,0
OTT-26004,Standard,15.11,80.1,2,2,2,14,0,0,Yes,23,0
OTT-86182,Standard,14.04,54.9,2,2,1,2,2,0,Yes,1,0
OTT-65593,Standard,15.93,76.3,2,2,2,4,1,0,Yes,4,0
OTT-26154,Basic,9.5,82.7,0,2,1,2,0,0,No,11,0
OTT-68561,Basic,8.46,79.0,2,1,1,6,0,0,Yes,5,0
OTT-47220,Standard,14.77,21.9,13,2,2,2,0,1,Yes,18,0
OTT-15532,Basic,9.57,25.8,9,1,1,3,0,0,Yes,3,0
OTT-50486,Basic,9.81,45.6,4,1,1,6,0,0,Yes,10,0
OTT-26670,Basic,8.76,35.8,2,2,1,6,0,0,Yes,2,0
OTT-32073,Basic,8.96,25.0,3,1,1,1,1,0,Yes,30,0
OTT-89108,Basic,8.61,83.6,0,2,1,5,0,2,Yes,36,0
OTT-73921,Premium,21.12,58.9,0,4,5,7,1,0,Yes,1,0
OTT-22068,Standard,14.06,66.5,6,1,2,9,1,0,Yes,20,0
OTT-86619,Standard,13.56,9.5,7,1,2,1,0,0,No,2,0
OTT-61687,Basic,8.82,26.5,7,1,1,0,0,1,Yes,15,0
OTT-88710,Basic,8.93,73.8,4,1,1,8,1,1,No,4,0
OTT-77236,Standard,15.44,10.5,11,3,4,0,0,0,No,14,0
OTT-40538,Standard,14.8,57.8,1,2,2,6,0,0,Yes,5,0
OTT-58137,Premium,20.97,29.7,12,4,5,1,4,0,No,45,0
OTT-57776,Basic,8.92,98.3,0,2,2,5,0,1,No,16,0
OTT-74794,Basic,9.58,99.1,6,1,1,3,0,0,Yes,7,0
OTT-32356,Standard,14.69,23.8,11,4,2,2,1,0,Yes,5,0
OTT-39977,Basic,9.1,56.2,2,1,1,8,0,0,Yes,3,0
OTT-32031,Basic,8.34,105.0,1,1,1,7,0,2,Yes,4,1
OTT-36652,Basic,8.01,46.2,2,1,1,7,1,0,Yes,37,0
OTT-24512,Basic,9.85,80.2,2,1,1,11,0,0,Yes,25,0
OTT-13289,Premium,20.79,47.6,11,4,3,8,0,0,Yes,2,0
OTT-94600,Premium,21.03,81.3,0,4,3,7,0,1,Yes,14,0
OTT-16688,Standard,13.78,11.8,13,1,1,1,0,0,Yes,9,0
OTT-89918,Basic,9.02,43.1,2,2,1,6,0,1,Yes,4,0
OTT-10277,Standard,15.33,94.3,4,2,1,7,0,0,Yes,11,0
OTT-79961,Standard,15.21,80.8,5,2,3,7,1,0,No,3,0
OTT-39556,Standard,15.63,26.6,9,2,2,2,0,1,Yes,1,1
OTT-56589,Standard,14.21,82.0,0,3,3,10,0,1,Yes,18,0
OTT-35399,Premium,20.93,56.9,1,6,2,9,3,1,Yes,3,0
OTT-54154,Basic,9.92,32.2,4,1,1,6,0,1,No,32,0
OTT-50640,Standard,14.63,85.7,1,2,1,7,0,0,Yes,14,0
OTT-57676,Premium,22.49,67.8,3,4,4,3,0,0,No,44,0
OTT-45395,Premium,21.82,55.1,0,4,3,3,1,3,Yes,9,0
OTT-58290,Premium,20.53,71.2,5,3,4,6,0,1,Yes,32,0
OTT-84290,Basic,9.9,87.6,3,1,1,1,1,0,No,3,0
OTT-49110,Standard,14.3,78.2,5,1,4,9,1,0,No,16,0
OTT-42523,Basic,9.27,39.1,2,1,1,3,1,0,Yes,17,0
OTT-21857,Standard,14.13,10.9,16,1,2,2,3,0,Yes,39,0
OTT-42374,Basic,9.14,107.6,2,1,1,3,2,0,Yes,6,0
OTT-21309,Basic,9.07,91.7,1,1,1,8,0,0,Yes,23,0
OTT-26425,Premium,20.77,60.0,0,4,5,5,2,0,Yes,31,0
OTT-95701,Premium,22.96,106.0,3,2,5,7,2,3,Yes,3,0
OTT-18047,Standard,13.84,1.8,25,4,3,2,1,0,Yes,39,0
OTT-53382,Basic,8.88,24.5,4,1,1,4,1,0,Yes,1,0
OTT-85086,Basic,8.05,80.7,1,2,1,4,0,0,Yes,5,0
OTT-95787,Basic,9.36,108.0,6,2,1,10,1,0,Yes,16,0
OTT-23204,Basic,8.91,60.0,3,2,2,9,0,1,Yes,20,0
OTT-24721,Premium,21.67,49.7,3,3,3,4,1,1,Yes,3,0
OTT-43533,Standard,15.24,42.3,1,4,2,2,0,0,Yes,2,0
OTT-59896,Basic,9.52,71.1,4,1,1,7,1,0,Yes,6,0
OTT-96381,Standard,15.9,91.6,6,1,2,4,1,0,Yes,32,0
OTT-28694,Basic,9.72,38.3,0,1,1,9,0,0,Yes,31,0
OTT-24795,Basic,8.64,41.3,1,1,1,9,2,0,Yes,15,0
OTT-32786,Basic,9.44,26.4,7,1,1,1,1,0,Yes,5,0
OTT-88687,Basic,8.14,25.6,8,2,1,3,0,0,Yes,10,0
OTT-12704,Standard,13.83,102.6,0,2,3,3,0,0,Yes,44,0
OTT-44211,Standard,14.64,2.9,22,4,1,1,0,0,Yes,8,1
OTT-20705,Standard,14.64,104.1,1,2,2,6,0,0,Yes,5,0
OTT-24136,Premium,21.51,65.6,2,2,4,5,2,0,Yes,1,0
OTT-92515,Premium,21.42,77.9,0,4,3,5,1,0,Yes,33,0
OTT-10149,Premium,21.91,70.9,1,2,5,1,1,0,Yes,34,1
OTT-38937,Premium,22.85,119.5,4,6,2,4,2,0,Yes,1,0
OTT-92387,Premium,20.51,69.2,2,4,4,7,2,0,No,46,0
OTT-64731,Premium,21.06,132.8,2,3,3,4,0,1,Yes,2,0
OTT-16457,Basic,8.14,3.4,45,2,2,3,0,0,No,3,1
OTT-51850,Basic,8.39,26.3,12,2,1,1,0,0,Yes,40,0
OTT-97384,Standard,15.96,53.4,0,4,1,6,0,0,Yes,7,0
OTT-46040,Premium,20.11,77.3,2,4,4,7,0,2,Yes,21,0
OTT-57576,Premium,20.63,52.6,0,4,5,9,1,0,Yes,48,0
OTT-57869,Standard,14.56,63.8,0,2,1,7,0,0,Yes,24,0
OTT-69439,Premium,20.87,57.6,1,3,5,6,1,1,Yes,4,0
OTT-26851,Standard,14.85,77.2,3,2,2,9,0,0,Yes,23,0
OTT-85570,Standard,15.97,98.4,1,3,3,5,0,0,Yes,37,0
OTT-98973,Basic,9.4,105.6,2,2,2,6,1,0,Yes,7,0
OTT-22829,Standard,14.5,60.5,1,3,1,8,2,0,Yes,24,0
OTT-83646,Basic,9.36,60.0,0,3,1,3,0,0,No,10,0
OTT-83521,Basic,9.73,67.3,2,2,1,8,0,0,Yes,4,1
OTT-76744,Standard,14.06,26.2,9,2,3,1,0,0,No,2,0
OTT-43378,Basic,9.42,28.9,0,1,1,0,0,1,Yes,35,0
OTT-52187,Premium,21.83,55.8,0,4,5,10,0,1,Yes,47,0
OTT-85528,Standard,15.32,39.3,2,1,1,7,1,0,Yes,2,0
OTT-23758,Standard,13.7,90.2,4,2,2,4,2,1,Yes,6,0
OTT-84586,Basic,9.46,55.3,2,1,1,10,1,0,Yes,28,0
OTT-92859,Premium,22.35,134.0,0,4,4,3,3,0,Yes,6,0
OTT-71367,Standard,15.21,11.8,16,3,1,1,0,0,No,3,0
OTT-40724,Standard,13.98,25.6,8,2,2,2,1,0,Yes,39,0
OTT-60323,Standard,13.89,66.8,5,2,1,7,0,0,Yes,43,0
OTT-14509,Standard,15.34,103.9,6,2,2,7,0,0,Yes,47,0
OTT-93861,Standard,15.11,55.2,0,2,2,11,0,0,Yes,22,0
OTT-40815,Standard,15.95,56.6,0,2,3,4,2,2,No,6,0
OTT-15138,Premium,21.35,81.5,1,3,2,7,0,0,Yes,31,0
OTT-81500,Basic,8.45,83.3,1,2,1,2,1,0,Yes,5,0
OTT-69179,Premium,22.3,40.8,5,2,5,10,1,1,No,3,0
OTT-66043,Basic,9.49,69.2,3,3,1,7,0,0,No,33,0
OTT-14868,Basic,9.04,107.0,0,1,1,6,0,0,Yes,19,0
OTT-77574,Basic,9.48,27.9,0,2,2,0,0,2,Yes,44,0
OTT-67357,Basic,8.61,9.7,7,2,1,2,0,2,Yes,1,0
OTT-81426,Basic,8.42,105.1,6,1,1,3,0,0,Yes,27,0
OTT-84458,Premium,20.37,122.5,2,4,4,11,2,1,Yes,13,0
OTT-29075,Standard,14.22,8.0,8,2,1,2,0,1,Yes,17,1
OTT-28957,Premium,21.95,88.7,4,2,4,3,0,0,No,37,0
OTT-93139,Basic,8.51,49.2,0,1,1,8,0,0,Yes,6,0
OTT-57791,Standard,15.7,36.7,1,3,2,6,0,0,Yes,22,0
OTT-49418,Basic,8.49,26.6,5,1,1,0,0,0,Yes,16,1
OTT-35847,Standard,15.2,44.0,4,4,1,4,0,0,Yes,35,0
OTT-67510,Basic,9.05,21.1,10,1,1,1,0,0,Yes,40,1
OTT-77855,Standard,14.02,48.7,1,2,1,5,1,0,Yes,22,0
OTT-10207,Standard,14.88,49.1,2,2,2,4,3,0,Yes,5,0
OTT-59736,Basic,9.9,45.1,0,2,1,5,2,0,Yes,3,1
OTT-99402,Basic,9.88,30.5,0,1,1,3,0,0,Yes,30,0
OTT-35257,Basic,8.57,74.2,1,1,2,5,0,0,Yes,46,0
OTT-35280,Basic,9.06,86.4,4,1,1,3,1,0,Yes,42,0
OTT-89030,Standard,13.87,108.2,0,1,3,3,0,0,Yes,4,0
OTT-15585,Standard,14.66,12.5,8,2,2,2,1,0,Yes,1,0
OTT-45776,Premium,20.95,16.3,7,3,4,1,1,0,Yes,48,0
OTT-51243,Premium,22.78,101.4,3,2,3,3,1,0,Yes,42,0
OTT-81808,Basic,9.26,14.5,8,2,2,4,1,2,No,6,0
OTT-21612,Premium,20.54,79.6,0,4,2,5,0,0,Yes,10,0
OTT-49064,Standard,15.97,84.4,2,2,2,11,0,2,Yes,6,0
OTT-23709,Basic,9.38,58.9,4,2,2,6,0,0,Yes,8,0
OTT-80886,Premium,20.39,77.6,1,4,3,5,0,0,Yes,2,0
OTT-66904,Standard,15.49,60.7,2,2,2,3,1,0,Yes,1,0
OTT-54705,Standard,14.88,6.0,18,2,2,0,0,0,No,3,1
OTT-45363,Standard,14.49,22.1,5,1,1,0,0,1,Yes,40,0
OTT-23785,Premium,20.58,52.5,0,3,3,4,1,2,No,20,0
OTT-92965,Standard,14.18,75.6,2,4,2,9,0,0,Yes,27,0
OTT-68288,Premium,20.49,35.2,6,3,3,8,0,0,Yes,15,0
OTT-38723,Basic,9.6,46.3,0,1,1,3,0,0,Yes,11,0
OTT-47253,Premium,20.81,14.8,17,3,4,0,1,0,Yes,5,1
OTT-75355,Standard,14.66,60.9,0,1,2,8,0,0,Yes,15,0
OTT-74760,Standard,15.91,26.2,2,2,3,1,0,0,Yes,5,0
OTT-51498,Premium,22.97,43.4,7,5,3,6,1,0,Yes,19,0
OTT-37260,Basic,9.57,30.0,3,1,1,3,0,1,Yes,37,0
OTT-69394,Basic,9.59,25.5,7,2,2,0,0,0,Yes,43,0
OTT-69240,Premium,22.82,118.2,0,2,5,9,0,1,Yes,4,0
OTT-63971,Premium,22.38,65.8,2,5,5,3,2,0,Yes,14,0
OTT-16556,Standard,14.62,28.2,1,4,1,1,3,0,Yes,4,0
OTT-52550,Standard,13.64,32.7,1,2,4,7,0,0,Yes,3,0
OTT-65252,Basic,8.41,97.0,2,1,1,5,0,0,Yes,10,0
OTT-95504,Standard,14.6,107.6,3,2,1,5,1,0,Yes,10,0
OTT-57300,Basic,8.52,74.0,0,1,1,5,0,0,Yes,7,0
OTT-40843,Premium,20.98,114.1,5,2,3,4,0,3,Yes,5,0
OTT-60020,Standard,13.64,89.7,2,1,2,8,1,0,Yes,33,0
OTT-25951,Basic,9.09,72.0,1,1,2,8,1,0,Yes,46,0
OTT-18162,Standard,14.37,102.5,5,2,3,6,2,0,No,19,0
OTT-71027,Premium,20.77,26.3,10,4,4,0,2,0,No,33,1
OTT-98755,Standard,15.02,58.2,5,1,1,4,0,2,No,5,0
OTT-86139,Basic,8.54,85.4,0,2,1,4,0,0,Yes,18,0
OTT-62528,Standard,14.68,87.9,1,1,2,4,2,0,Yes,34,0
OTT-13622,Standard,14.11,53.2,0,1,2,4,0,0,Yes,43,0
OTT-98916,Basic,9.35,63.9,2,1,1,5,0,0,Yes,29,0
OTT-50466,Standard,15.63,41.0,3,3,3,6,1,0,Yes,23,0
OTT-36069,Basic,8.15,32.5,2,1,1,4,1,0,Yes,32,0
OTT-90322,Standard,15.54,53.0,2,3,3,4,0,0,Yes,10,0
OTT-77175,Basic,9.69,65.4,3,2,1,7,1,0,No,3,0
OTT-77464,Standard,15.9,35.8,4,2,1,5,0,2,No,2,0
OTT-34997,Standard,15.56,11.3,7,1,2,1,1,0,Yes,38,0
OTT-99261,Standard,14.87,32.9,6,4,2,7,3,0,Yes,23,1
OTT-50757,Basic,8.13,99.1,6,1,2,8,0,0,No,11,0
OTT-57826,Basic,8.14,83.1,3,2,1,8,0,0,Yes,39,0
OTT-77585,Standard,13.98,2.6,18,3,1,0,0,2,Yes,18,1
OTT-69398,Premium,21.33,30.6,7,4,3,9,3,0,Yes,5,0
OTT-25505,Basic,9.9,64.8,3,1,1,6,0,0,Yes,16,0
OTT-37222,Basic,8.34,71.8,2,1,1,8,1,0,Yes,23,0
OTT-42506,Premium,21.61,102.4,2,4,4,2,0,0,Yes,45,0
OTT-95277,Basic,9.99,17.5,12,2,1,0,0,0,No,20,0
OTT-74304,Premium,20.03,37.8,7,5,5,4,0,0,Yes,11,0
OTT-42969,Premium,20.13,117.8,3,3,3,8,0,2,Yes,23,0
OTT-76124,Basic,8.53,36.0,0,2,1,6,2,0,Yes,19,0
OTT-76465,Basic,8.44,103.4,1,2,1,8,0,0,Yes,26,0
OTT-45479,Premium,21.49,125.5,5,4,4,6,1,0,Yes,6,0
OTT-46282,Basic,8.83,52.4,6,1,1,3,3,0,Yes,28,0
OTT-90485,Standard,14.95,90.0,6,2,3,4,2,0,Yes,9,0
OTT-60563,Basic,8.28,103.1,6,2,1,10,2,1,Yes,1,0
OTT-23456,Standard,15.2,26.4,7,2,4,2,2,0,Yes,13,0
OTT-74779,Premium,20.63,40.1,7,5,2,8,3,0,Yes,21,0
OTT-63060,Standard,14.62,36.8,0,3,2,4,1,0,Yes,22,0
OTT-55803,Basic,8.06,65.2,3,2,1,10,1,0,Yes,31,0
OTT-75258,Standard,15.48,70.6,2,3,1,6,0,0,Yes,4,0
OTT-91636,Standard,15.06,52.3,6,1,2,2,1,0,Yes,2,0
OTT-39738,Basic,8.41,1.8,15,1,1,3,1,0,Yes,4,0
OTT-47736,Standard,14.99,59.8,6,2,1,10,1,0,Yes,11,0
OTT-27054,Standard,14.58,13.6,10,3,2,2,1,1,Yes,16,1
OTT-68235,Basic,9.64,61.4,0,1,1,14,1,0,Yes,32,0
OTT-46243,Premium,22.94,68.9,4,6,3,5,0,0,Yes,18,0
OTT-40812,Basic,8.24,60.4,6,2,1,8,0,1,Yes,4,0
OTT-72686,Basic,8.97,73.8,0,1,2,8,0,0,Yes,1,0
OTT-46733,Basic,8.51,53.7,2,2,2,8,0,0,Yes,5,0
OTT-51792,Basic,9.49,40.5,3,2,1,3,1,1,Yes,19,0
OTT-49604,Basic,8.06,56.9,0,1,2,7,1,0,Yes,6,0
OTT-33268,Basic,9.08,13.2,8,1,1,2,0,0,Yes,7,0
OTT-21322,Standard,15.63,27.7,4,4,2,0,1,1,Yes,35,0
OTT-84450,Standard,14.46,77.8,1,3,2,10,0,0,Yes,8,0
OTT-18255,Basic,9.67,77.8,1,1,1,8,0,0,No,5,0
OTT-39238,Standard,13.86,50.0,3,1,3,7,2,0,Yes,1,0
OTT-70073,Standard,15.79,27.2,12,3,2,2,1,0,Yes,15,0
OTT-21816,Standard,15.47,91.4,4,3,1,6,2,0,Yes,19,0
OTT-68995,Premium,21.16,119.7,2,5,3,3,2,0,Yes,2,0
OTT-75975,Basic,8.25,63.3,3,1,1,3,2,0,Yes,48,0
OTT-69661,Basic,9.03,68.1,0,2,1,6,2,0,Yes,11,0
OTT-37452,Basic,9.33,82.8,6,3,1,7,0,0,Yes,10,0
OTT-11778,Basic,8.25,73.8,0,1,1,4,2,0,Yes,4,0
OTT-89860,Standard,15.82,80.8,2,2,2,3,1,0,Yes,3,0
OTT-39388,Basic,9.52,16.6,7,1,1,2,0,0,Yes,5,0
OTT-82449,Standard,15.87,33.7,3,2,3,8,1,0,Yes,3,0
OTT-27802,Premium,20.89,100.5,2,2,3,9,2,0,No,14,0
OTT-24616,Standard,14.57,56.1,6,2,1,5,0,0,Yes,11,0
OTT-80032,Standard,14.09,20.2,13,1,2,0,2,0,Yes,28,0
OTT-94574,Standard,14.17,54.5,0,3,3,7,1,0,No,33,0
OTT-87455,Standard,13.85,17.6,12,1,2,0,1,0,No,2,1
OTT-77611,Standard,13.8,78.2,2,4,1,3,1,0,Yes,3,0
OTT-32200,Basic,9.33,19.6,8,2,1,0,0,0,Yes,29,0
OTT-92188,Basic,8.3,34.4,1,1,2,4,1,2,Yes,30,0
OTT-70105,Basic,8.26,12.7,13,2,1,3,0,1,Yes,37,0
OTT-25494,Standard,14.83,37.3,6,2,4,9,1,0,No,4,0
OTT-21642,Standard,15.25,19.5,12,3,1,1,0,0,Yes,3,1
OTT-88403,Basic,9.55,56.7,1,2,1,5,0,0,Yes,6,0
OTT-34763,Basic,9.15,43.7,0,1,1,7,0,0,No,39,0
OTT-78929,Standard,13.99,25.9,1,3,2,0,0,0,Yes,16,0
OTT-22478,Basic,9.14,23.4,9,2,1,3,1,0,No,19,0
OTT-35248,Basic,9.24,26.8,6,2,1,6,0,0,Yes,17,0
OTT-35516,Basic,8.51,55.5,3,2,2,7,1,0,Yes,5,0
OTT-35299,Basic,8.28,62.1,5,2,2,9,0,0,No,22,0
OTT-70725,Standard,15.8,6.0,14,2,3,2,0,2,Yes,3,1
OTT-92294,Basic,8.18,34.2,0,2,1,4,1,0,Yes,12,0
OTT-91928,Basic,8.54,22.2,8,2,1,0,0,1,Yes,22,0
OTT-76738,Premium,20.68,50.1,1,5,4,6,0,0,Yes,14,0
OTT-28226,Standard,15.72,77.4,3,1,3,6,0,0,Yes,6,0
OTT-96451,Standard,14.74,55.3,1,4,3,9,0,0,Yes,39,0
OTT-58786,Standard,15.88,67.9,1,3,1,4,0,1,No,20,0
OTT-59136,Basic,9.65,17.0,7,1,1,0,1,0,Yes,4,0
OTT-73124,Basic,9.5,106.1,0,2,1,3,2,0,Yes,3,0
OTT-79217,Basic,8.34,14.9,7,1,1,2,1,0,Yes,18,0
OTT-95762,Basic,8.68,35.5,1,1,1,5,0,0,No,6,0
OTT-62413,Basic,9.63,53.8,2,2,2,5,0,0,Yes,6,1
OTT-64904,Standard,15.95,18.0,7,2,1,0,1,0,No,3,0
OTT-77096,Basic,9.75,27.8,3,2,1,3,0,0,No,2,0
OTT-32959,Basic,9.89,102.8,6,2,1,6,0,0,Yes,17,0
OTT-37693,Standard,15.09,39.5,0,3,3,3,0,0,Yes,14,0
OTT-66292,Basic,8.96,103.9,6,2,1,2,0,0,Yes,3,0
OTT-15771,Standard,14.78,16.1,13,2,1,1,2,0,Yes,18,1
OTT-38843,Basic,8.91,70.9,3,2,1,3,0,1,Yes,5,0
OTT-74618,Standard,13.88,82.1,1,1,3,7,2,0,Yes,5,0
OTT-97850,Premium,20.91,52.6,0,4,2,5,1,0,Yes,3,1
OTT-56754,Standard,13.72,58.4,4,3,2,5,0,1,No,38,0
OTT-45970,Premium,20.26,76.5,0,5,3,4,1,1,Yes,31,0
OTT-49633,Basic,8.61,36.8,4,1,1,7,0,0,Yes,10,0
OTT-71687,Basic,9.32,80.9,0,2,1,3,0,0,Yes,4,0
OTT-59002,Basic,9.22,36.6,4,1,1,5,0,0,Yes,1,0
OTT-12090,Basic,9.11,73.3,1,2,2,6,2,0,Yes,3,0
OTT-58531,Premium,22.24,83.3,3,4,2,4,2,1,Yes,45,0
OTT-46005,Basic,8.84,107.9,1,1,1,9,1,0,Yes,6,0
OTT-73071,Basic,8.87,101.8,5,2,1,8,1,1,Yes,26,0
OTT-88758,Premium,21.54,49.7,0,2,3,6,1,0,Yes,7,0
OTT-96619,Basic,8.12,93.4,4,3,1,8,1,0,Yes,21,0
OTT-64919,Standard,14.94,36.8,6,1,1,8,1,0,Yes,28,0
OTT-42630,Basic,9.49,6.2,15,3,1,1,0,0,Yes,1,0
OTT-49954,Premium,20.78,117.2,1,3,3,7,1,0,No,25,0
OTT-25881,Basic,9.7,47.3,3,1,2,8,1,0,Yes,5,0
OTT-94233,Standard,14.16,86.6,0,2,1,4,1,0,No,44,0
OTT-86257,Standard,14.77,43.2,1,2,4,11,0,0,Yes,9,1
OTT-86857,Premium,22.61,122.9,5,5,2,6,1,0,No,3,0
OTT-39530,Premium,22.2,85.2,0,4,3,4,1,0,Yes,28,0
OTT-38999,Standard,14.93,3.2,19,2,1,0,0,0,Yes,2,0
OTT-87094,Basic,9.24,26.7,1,2,2,2,0,0,Yes,2,0
OTT-59008,Standard,13.76,75.4,0,2,2,7,0,0,Yes,48,0
OTT-73418,Premium,22.09,89.6,3,4,2,4,0,0,Yes,21,0
OTT-54083,Standard,15.02,81.9,5,3,2,7,0,0,Yes,28,0
OTT-49848,Premium,20.24,88.7,0,4,3,4,2,1,Yes,12,0
OTT-66897,Standard,13.8,57.4,1,1,2,10,1,0,Yes,8,0
OTT-83167,Basic,9.93,76.5,2,2,1,5,0,0,No,5,0
OTT-40069,Basic,8.35,24.9,0,1,1,1,2,0,Yes,4,0
OTT-82822,Basic,9.78,43.1,6,1,2,3,0,0,No,42,0
OTT-31978,Standard,14.18,44.5,3,1,1,2,0,1,Yes,2,0
OTT-46254,Standard,14.48,23.6,9,2,1,1,0,0,Yes,8,0
OTT-92139,Basic,9.1,60.8,0,2,1,4,0,0,Yes,4,0
OTT-95899,Standard,15.05,26.0,2,2,3,0,2,0,Yes,3,0
OTT-93147,Basic,8.99,100.8,6,1,1,5,2,0,Yes,18,0
OTT-38443,Basic,8.69,15.7,7,2,2,0,0,0,Yes,43,0
OTT-85898,Standard,14.74,28.8,5,3,1,3,0,0,Yes,31,0
OTT-94246,Standard,15.24,16.4,9,2,2,0,0,1,Yes,35,0
OTT-98037,Basic,8.78,105.6,2,2,1,6,0,0,Yes,1,0
OTT-11881,Standard,14.85,92.5,1,3,3,6,1,0,Yes,22,0
OTT-77048,Premium,21.13,81.3,6,4,2,9,2,0,No,3,0
OTT-99706,Standard,14.31,23.2,13,3,2,1,0,0,Yes,12,0
OTT-78819,Premium,20.89,92.5,4,2,4,3,1,1,Yes,1,0
OTT-30985,Basic,8.44,24.1,8,1,1,3,0,0,No,18,0
OTT-78632,Basic,9.51,95.9,3,1,1,7,2,0,Yes,4,0
OTT-19471,Basic,9.96,51.7,1,1,1,5,1,0,Yes,33,0
OTT-53254,Standard,13.56,61.2,4,2,2,8,0,0,No,36,0
OTT-66359,Basic,8.38,41.9,2,1,1,3,1,1,Yes,42,0
OTT-51080,Premium,22.88,87.7,6,3,5,5,1,0,No,4,0
OTT-72984,Standard,14.34,34.1,0,4,1,2,2,0,No,29,0
OTT-31620,Premium,21.16,92.7,1,2,4,8,2,0,Yes,3,0
OTT-64559,Basic,9.32,27.3,8,2,2,0,0,0,Yes,6,0
OTT-68033,Standard,14.37,63.0,2,3,2,4,1,0,Yes,6,0
OTT-67041,Basic,8.98,28.0,0,1,1,0,2,0,No,4,1
OTT-36038,Standard,15.74,8.4,9,2,2,1,0,0,Yes,9,0
OTT-37484,Standard,14.9,105.6,1,2,2,3,0,0,Yes,4,0
OTT-33202,Basic,9.32,8.8,14,1,1,2,1,0,Yes,6,1
OTT-51559,Premium,20.64,113.9,1,5,2,4,1,1,Yes,15,0
OTT-62735,Standard,14.14,54.6,5,2,3,6,0,0,Yes,47,0
OTT-42627,Standard,15.72,66.1,0,1,1,2,0,0,No,17,0
OTT-46898,Basic,9.83,71.1,4,2,1,5,1,0,Yes,12,0
OTT-35776,Basic,9.6,89.5,4,1,1,6,2,0,Yes,6,0
OTT-29696,Basic,8.23,18.2,11,1,1,0,0,0,No,45,0
OTT-69168,Standard,15.54,49.0,0,2,2,6,0,0,Yes,3,0
OTT-83444,Basic,8.03,68.9,0,1,1,3,1,2,Yes,1,0
OTT-36163,Premium,21.78,98.8,3,5,5,6,0,0,Yes,4,0
OTT-87450,Premium,22.02,52.4,3,4,3,5,0,0,No,13,0
OTT-61387,Basic,8.84,63.7,1,2,1,4,0,0,No,6,0
OTT-25092,Standard,14.69,14.9,9,3,1,3,1,0,Yes,23,0
OTT-42939,Basic,9.47,100.9,0,2,2,6,1,0,Yes,5,0
OTT-10675,Basic,9.78,56.2,4,1,1,8,1,1,Yes,18,0
OTT-13525,Basic,8.37,77.3,2,1,1,10,0,0,Yes,17,0
OTT-40251,Premium,20.41,76.2,6,5,5,5,1,0,Yes,4,0
OTT-50901,Premium,21.88,115.0,5,5,4,5,0,1,Yes,8,0
OTT-81775,Basic,8.45,103.8,0,2,1,6,2,0,Yes,12,0
OTT-22087,Basic,8.38,29.4,1,1,1,2,0,0,Yes,7,0
OTT-85524,Basic,8.4,8.4,9,1,1,1,0,0,Yes,4,0
OTT-31106,Standard,13.98,84.0,0,1,2,10,3,2,Yes,15,0
OTT-22449,Basic,8.94,2.2,32,1,1,0,2,0,No,2,1
OTT-72989,Premium,22.88,92.4,0,4,4,6,1,0,Yes,4,0
OTT-79689,Premium,22.47,66.8,0,3,3,4,0,1,Yes,3,0
OTT-64441,Basic,9.08,88.0,3,1,1,6,0,0,Yes,19,0
OTT-20413,Premium,20.23,48.3,8,3,3,4,0,0,No,6,0
OTT-20380,Standard,15.17,5.6,15,3,2,2,1,0,Yes,9,0
OTT-45105,Standard,14.62,14.5,9,3,1,2,0,2,No,2,1
OTT-50553,Premium,22.33,44.4,8,4,4,7,2,0,Yes,41,0
OTT-99873,Standard,14.72,57.7,1,3,1,5,0,0,Yes,6,0
OTT-35782,Standard,15.16,40.4,1,4,2,4,0,0,Yes,19,0
OTT-27332,Basic,8.39,27.2,10,1,2,1,2,0,Yes,30,0
OTT-95130,Standard,15.57,22.1,8,3,2,2,0,0,Yes,2,0
OTT-23856,Basic,9.55,71.1,0,1,1,8,2,0,Yes,1,0
OTT-12376,Basic,8.74,9.4,17,1,2,1,0,0,Yes,9,1
OTT-48051,Standard,15.9,41.5,2,2,4,7,0,0,Yes,36,0
OTT-46096,Basic,8.31,19.2,8,2,1,0,0,0,Yes,40,0
OTT-65769,Basic,8.03,46.1,2,1,1,5,0,0,Yes,2,0
OTT-88995,Basic,9.52,97.9,1,1,1,12,2,0,Yes,38,0
OTT-93960,Premium,21.79,32.2,10,4,2,1,0,1,Yes,4,0
OTT-36067,Standard,13.77,3.4,16,3,2,0,0,3,No,4,0
OTT-98272,Basic,8.31,43.5,3,2,1,4,0,0,Yes,7,0
OTT-66938,Premium,20.38,77.4,1,3,5,7,1,0,No,20,0
OTT-16267,Premium,20.49,39.7,10,6,4,2,1,1,Yes,14,0
OTT-94459,Basic,8.91,18.9,7,1,1,3,0,0,Yes,45,0
OTT-22419,Standard,13.62,86.5,0,3,2,5,2,0,No,6,0
OTT-62973,Basic,9.03,22.7,0,1,2,2,2,0,Yes,8,0
OTT-81165,Standard,15.0,100.1,4,4,2,9,1,1,Yes,2,0
OTT-32449,Standard,15.31,25.0,9,2,4,0,0,0,No,2,0
OTT-34356,Basic,9.88,26.5,6,1,1,0,1,0,Yes,4,0
OTT-52855,Standard,13.7,28.0,1,3,2,0,0,0,Yes,35,0
OTT-89635,Basic,8.06,72.5,0,2,1,5,3,0,Yes,20,0
OTT-30124,Standard,13.84,1.1,29,2,3,0,0,0,No,2,1
OTT-69710,Basic,8.66,65.2,2,2,1,8,0,1,Yes,12,0
OTT-50732,Premium,21.57,86.3,3,4,3,9,1,1,Yes,34,0
OTT-20065,Standard,13.5,78.1,5,1,3,4,1,1,Yes,38,0
OTT-73978,Basic,9.37,86.4,3,1,1,3,0,0,Yes,14,0
OTT-84926,Standard,15.88,97.4,5,2,2,5,1,0,Yes,1,0
OTT-61806,Basic,8.49,20.1,11,1,2,0,1,0,Yes,21,0
OTT-25871,Standard,13.51,31.2,1,2,2,7,1,0,No,30,0
OTT-24015,Standard,15.37,10.7,7,2,2,2,0,0,No,24,0
OTT-48114,Basic,9.53,20.3,13,1,1,0,1,0,No,26,1
OTT-55577,Basic,8.08,84.4,2,1,2,6,1,1,No,20,0
OTT-59696,Basic,9.22,9.3,15,1,1,1,0,1,Yes,2,1
OTT-31928,Standard,14.1,67.6,2,2,4,4,0,0,Yes,21,0
OTT-55068,Standard,15.07,20.0,7,3,3,0,0,0,Yes,1,1
OTT-36556,Basic,9.44,107.8,2,1,2,3,2,0,Yes,4,0
OTT-71753,Basic,8.44,52.6,2,1,1,9,0,0,No,12,0
OTT-81681,Premium,20.77,50.7,5,4,3,5,2,0,Yes,19,0
OTT-68741,Basic,9.21,107.3,0,1,1,7,0,0,Yes,27,0
OTT-10112,Basic,9.15,102.9,1,3,1,5,0,1,Yes,37,0
OTT-99282,Standard,15.71,22.6,3,3,4,1,1,0,Yes,40,0
OTT-12139,Basic,9.01,16.0,10,1,1,0,3,0,No,43,0
OTT-99946,Premium,22.39,96.7,1,3,3,8,1,0,Yes,7,0
OTT-12859,Basic,9.45,11.5,13,1,1,0,0,0,Yes,1,1
OTT-56480,Premium,21.99,34.0,3,5,4,7,0,0,No,21,0
OTT-19537,Basic,8.37,8.7,8,1,2,1,1,3,Yes,1,0
OTT-18567,Basic,8.54,71.7,3,1,1,7,1,0,Yes,5,0
OTT-71504,Basic,9.12,42.3,3,2,2,7,0,0,Yes,6,0
OTT-75505,Premium,20.19,56.1,4,4,3,5,3,1,Yes,36,0
OTT-20641,Standard,13.6,23.3,0,2,2,1,0,0,Yes,17,0
OTT-97898,Basic,8.09,85.9,6,1,1,4,1,0,Yes,32,0
OTT-38841,Premium,22.75,106.9,3,4,2,4,1,0,Yes,37,0
OTT-38649,Basic,9.37,86.6,1,1,2,4,2,0,Yes,26,0
OTT-36727,Basic,9.66,34.0,1,1,1,10,0,2,No,3,1
OTT-51508,Basic,9.92,106.2,6,3,1,8,0,0,Yes,31,0
OTT-26004,Premium,22.09,134.3,1,3,4,8,0,0,No,42,0
OTT-48229,Basic,9.02,13.2,7,1,1,1,0,2,Yes,40,1
OTT-28898,Basic,8.95,108.5,3,2,2,7,1,0,No,5,0
OTT-14627,Premium,22.23,74.0,1,4,2,7,0,1,No,5,0
OTT-43185,Standard,15.66,25.7,3,3,1,1,0,0,Yes,28,0
OTT-70503,Basic,9.65,72.6,0,1,1,3,1,0,Yes,5,0
OTT-78677,Standard,14.72,68.4,1,3,1,7,0,1,Yes,4,0
OTT-41800,Basic,9.54,97.5,5,1,1,9,1,0,Yes,16,0
OTT-39136,Standard,14.68,1.2,40,1,3,2,1,0,No,3,1
OTT-80870,Basic,8.76,89.5,0,2,2,5,1,0,Yes,4,0
OTT-71306,Standard,14.23,91.2,0,2,2,3,1,0,No,48,0
OTT-84889,Standard,13.63,1.4,17,3,3,3,0,0,Yes,44,0
OTT-91548,Basic,8.39,81.2,5,2,1,4,1,0,Yes,32,0
OTT-83909,Basic,9.45,17.6,12,2,1,1,0,2,Yes,1,1
OTT-94282,Basic,8.33,12.0,9,1,2,1,0,1,Yes,3,1
OTT-47499,Standard,15.74,58.7,2,2,3,8,0,0,Yes,19,0
OTT-45520,Standard,13.69,25.1,10,3,2,2,0,0,Yes,22,0
OTT-38938,Standard,13.62,82.7,2,1,3,7,0,1,No,3,0
OTT-31169,Premium,21.43,90.1,1,4,2,7,1,0,Yes,27,0
OTT-77393,Premium,20.66,53.2,0,3,2,2,1,0,Yes,40,0
OTT-74299,Premium,20.3,35.3,7,3,3,3,0,1,No,7,1
OTT-82124,Standard,13.64,88.8,5,2,2,2,0,0,No,3,0
OTT-25065,Basic,9.04,11.4,17,1,1,0,0,0,Yes,6,0
OTT-54212,Standard,14.14,24.0,10,3,3,4,1,0,Yes,1,1
OTT-29976,Basic,9.1,29.0,6,1,1,1,1,0,No,5,0
OTT-90371,Basic,8.29,105.0,3,2,1,6,1,1,Yes,8,0
OTT-34066,Basic,8.04,91.7,3,2,2,4,0,0,Yes,18,0
OTT-22951,Basic,8.04,22.3,6,3,1,0,2,3,No,10,1
OTT-61287,Standard,13.77,84.7,0,2,3,6,2,1,Yes,31,0
OTT-89115,Basic,9.58,48.7,1,2,1,7,3,0,Yes,5,0
OTT-92414,Basic,8.89,20.1,12,1,1,1,0,0,Yes,2,0
OTT-18648,Premium,21.86,38.7,7,5,3,5,2,0,Yes,4,0
OTT-39330,Standard,15.68,86.2,5,3,3,10,1,0,Yes,2,0
OTT-23817,Basic,8.42,38.4,0,2,1,5,0,0,Yes,15,0
OTT-37707,Basic,9.73,95.4,3,1,1,3,1,0,No,43,0
OTT-58045,Basic,9.48,9.5,12,1,1,1,1,0,No,37,0
OTT-35251,Premium,22.18,33.0,1,5,3,3,1,0,Yes,8,0
OTT-16076,Basic,9.73,10.6,8,1,1,0,1,1,Yes,21,0
OTT-55902,Premium,20.37,31.9,15,4,4,3,0,0,No,4,0
OTT-14752,Basic,9.07,79.8,1,1,1,3,1,0,Yes,11,0
OTT-30402,Standard,14.7,64.3,2,1,4,5,0,2,Yes,6,0
OTT-10046,Basic,9.32,63.9,5,2,1,7,0,0,Yes,29,0
OTT-17813,Standard,14.08,98.2,3,2,2,5,0,0,Yes,12,0
OTT-49268,Basic,8.24,71.2,6,3,1,7,0,1,Yes,4,0
OTT-86563,Basic,9.94,66.7,4,2,1,5,0,1,Yes,4,0
OTT-79715,Premium,21.39,64.6,3,6,2,7,2,1,Yes,4,0
OTT-18894,Standard,14.07,108.1,3,1,2,10,1,0,Yes,28,0
OTT-13135,Basic,8.25,43.4,1,2,2,5,1,0,Yes,5,0
OTT-40427,Standard,14.97,35.7,1,3,3,5,2,0,Yes,1,0
OTT-68702,Basic,8.29,65.3,0,2,1,7,1,0,Yes,5,0
OTT-77205,Premium,20.54,95.6,2,4,3,9,3,1,No,40,0
OTT-84080,Basic,9.89,8.4,8,1,1,0,0,0,Yes,17,0
OTT-40798,Basic,8.05,97.4,0,1,2,8,0,0,Yes,22,0
OTT-25119,Basic,8.36,13.7,9,2,2,4,0,0,Yes,6,0
OTT-12371,Basic,9.33,78.8,0,1,1,4,1,2,Yes,1,0
OTT-23217,Premium,20.64,60.6,5,5,4,5,0,0,No,29,0
OTT-15864,Basic,8.35,98.7,0,2,1,6,2,0,Yes,6,0
OTT-87471,Basic,9.1,53.6,4,1,1,9,3,1,Yes,6,0
OTT-34156,Premium,22.08,34.4,7,4,2,4,4,2,Yes,13,0
OTT-84080,Basic,8.85,8.4,8,2,1,2,0,3,Yes,6,0
OTT-59783,Basic,9.55,49.2,1,2,1,8,1,0,No,6,0
OTT-58504,Standard,15.53,55.4,5,3,3,8,1,0,No,47,0
OTT-50930,Basic,9.24,8.7,11,1,1,2,0,0,Yes,15,0
OTT-83727,Premium,21.72,96.5,2,3,3,7,2,1,Yes,4,0
OTT-13910,Standard,15.53,62.0,4,4,2,3,1,0,Yes,4,0
OTT-18347,Basic,8.02,17.9,9,1,1,1,0,0,Yes,22,0
OTT-48104,Standard,14.77,10.7,13,1,1,0,0,0,Yes,6,1
OTT-45502,Basic,8.25,15.7,7,2,1,1,0,0,Yes,2,1
OTT-59103,Standard,14.04,27.4,8,2,1,1,0,0,No,20,0
OTT-76401,Standard,15.86,53.5,0,3,2,5,0,2,No,8,0
OTT-62878,Standard,13.5,91.8,4,2,3,5,0,0,Yes,44,0
OTT-33170,Standard,14.26,32.9,0,2,2,2,0,0,Yes,3,0
OTT-39455,Standard,13.88,10.5,13,3,3,2,0,2,No,1,1
OTT-77708,Basic,9.13,109.9,1,1,1,6,0,1,Yes,8,0
OTT-28131,Premium,22.52,95.6,5,6,4,6,3,0,Yes,10,0
OTT-55375,Basic,8.77,21.3,10,2,1,2,1,0,Yes,2,0
OTT-58490,Premium,22.5,69.4,1,4,5,8,3,0,Yes,22,0
OTT-77523,Standard,14.59,89.0,6,3,2,9,1,0,Yes,1,0
OTT-74291,Basic,9.81,103.7,0,1,1,8,3,0,Yes,34,0
OTT-51820,Basic,9.68,29.2,0,1,1,1,1,0,Yes,39,0
OTT-37824,Premium,20.53,57.0,1,3,3,7,1,0,Yes,9,0
OTT-43111,Premium,22.65,114.8,0,4,2,4,2,0,Yes,37,0
OTT-47042,Standard,13.97,29.0,4,2,2,3,0,0,Yes,47,0
OTT-29726,Basic,8.97,53.6,1,3,1,6,0,0,Yes,6,0
OTT-66286,Standard,13.98,29.3,5,3,1,0,2,0,Yes,4,0
OTT-28753,Basic,8.76,57.9,0,2,1,3,1,0,No,22,0
OTT-68380,Standard,15.95,16.9,8,2,2,4,1,0,Yes,1,0
OTT-77633,Basic,9.52,11.6,11,2,1,1,0,0,Yes,2,0
OTT-96564,Premium,21.65,34.3,3,4,5,5,1,0,Yes,1,0
OTT-20701,Standard,15.83,5.6,18,3,2,0,1,2,Yes,37,1
OTT-78375,Basic,8.71,67.3,4,1,1,10,0,0,Yes,15,0
OTT-17738,Standard,13.92,86.9,5,2,2,7,1,0,No,26,0
OTT-40351,Basic,9.65,85.9,1,1,1,4,0,0,No,1,0
OTT-25866,Basic,8.01,9.4,10,1,1,2,0,3,Yes,6,1
OTT-24605,Basic,9.6,60.5,5,1,1,8,2,1,Yes,34,0
OTT-25781,Basic,8.03,96.3,2,1,1,5,1,0,Yes,5,0
OTT-13954,Basic,8.56,19.9,7,1,1,3,0,0,Yes,1,0
OTT-84078,Standard,14.38,97.2,0,1,2,4,3,0,Yes,4,0
OTT-15501,Standard,14.29,105.7,0,2,1,5,1,0,Yes,15,0
OTT-45865,Standard,14.1,51.4,1,1,2,9,2,0,Yes,1,0
OTT-72923,Premium,20.31,45.1,3,4,4,7,2,0,Yes,5,0
OTT-99133,Premium,20.0,50.7,5,4,3,5,2,0,Yes,1,0
OTT-86832,Basic,9.54,33.1,5,1,1,3,2,0,Yes,5,0
OTT-22348,Standard,14.63,82.1,0,2,4,4,0,0,Yes,4,0
OTT-98895,Premium,20.48,46.9,0,5,5,11,1,0,No,14,0
OTT-68817,Basic,8.15,27.0,10,1,1,0,1,0,Yes,3,0
OTT-26160,Basic,8.55,80.0,1,1,1,2,0,1,Yes,5,0
OTT-50385,Premium,21.05,40.3,11,4,3,6,0,0,Yes,11,0
OTT-92608,Standard,14.64,7.2,16,2,2,2,0,1,Yes,17,0
OTT-45362,Premium,20.29,49.3,3,4,4,7,1,0,Yes,4,0
OTT-26527,Premium,22.93,59.1,2,5,3,9,1,0,Yes,3,0
OTT-88756,Basic,8.53,89.6,4,1,1,9,0,0,Yes,3,0
OTT-95766,Standard,14.59,22.0,1,2,3,0,2,0,Yes,36,0
OTT-97802,Premium,22.12,118.2,2,5,2,2,1,0,Yes,2,0
OTT-96012,Basic,8.61,8.6,10,1,1,0,1,0,No,1,0
OTT-88556,Basic,8.15,75.2,1,3,1,6,0,0,Yes,15,0
OTT-50903,Basic,8.74,56.2,1,1,1,1,0,0,Yes,5,0
OTT-27306,Standard,14.87,20.2,12,3,2,5,2,0,No,1,0
OTT-65543,Standard,15.59,90.8,1,3,2,7,1,1,Yes,3,0
OTT-29871,Premium,21.09,43.2,0,6,5,8,1,0,No,16,0
OTT-52583,Basic,9.77,105.3,1,1,1,4,1,0,No,9,0
OTT-69045,Standard,14.86,74.4,0,2,2,8,0,0,Yes,11,0
OTT-95191,Basic,9.42,55.6,1,1,1,3,0,0,Yes,24,0
OTT-36017,Premium,20.08,41.0,7,4,5,5,1,0,No,5,0
OTT-32671,Standard,15.73,93.4,6,1,2,5,1,0,Yes,38,0
OTT-76124,Standard,14.02,36.3,0,2,3,4,2,2,Yes,12,0
OTT-10581,Basic,8.64,29.8,4,1,1,0,0,0,Yes,48,0
OTT-60977,Basic,9.04,103.2,2,1,1,7,2,0,No,11,0
OTT-77131,Basic,9.91,73.5,1,2,2,4,1,0,Yes,3,0
OTT-59581,Premium,21.03,73.7,0,4,5,2,0,2,Yes,6,0
OTT-44555,Basic,8.43,28.8,6,2,1,0,0,0,Yes,17,0
OTT-84568,Premium,22.87,96.7,3,2,4,3,1,0,Yes,5,0
OTT-43392,Basic,9.61,45.9,6,2,1,10,1,0,No,16,0
OTT-73947,Standard,15.15,11.9,12,1,1,3,1,0,Yes,5,0
OTT-51772,Basic,8.81,56.4,1,1,1,8,0,0,Yes,5,0
OTT-12391,Basic,8.83,25.1,2,2,1,2,0,0,Yes,42,0
OTT-57745,Standard,15.87,74.6,0,1,1,5,1,0,Yes,12,0
OTT-14451,Basic,8.13,76.7,1,1,1,5,0,0,Yes,16,0
OTT-93785,Basic,9.51,83.2,1,2,1,5,0,0,Yes,1,0
OTT-64139,Standard,14.99,0.1,27,1,2,6,1,2,No,23,1
OTT-43482,Basic,9.93,37.5,0,2,1,9,1,1,Yes,33,0
OTT-53756,Standard,14.89,90.0,0,1,4,2,0,0,Yes,12,0
OTT-65725,Standard,14.19,72.6,0,2,4,3,1,0,No,19,0
OTT-33416,Basic,9.55,22.8,3,2,2,0,0,0,No,17,0
OTT-35955,Basic,9.96,86.3,0,1,1,5,1,0,Yes,4,0
OTT-47678,Basic,9.8,58.7,1,2,2,8,1,0,Yes,7,0
OTT-33271,Basic,8.58,45.2,2,2,2,6,0,0,No,40,0
OTT-78211,Basic,8.68,88.4,5,1,1,10,1,0,No,19,0
OTT-19343,Standard,15.38,53.7,1,2,2,9,2,0,No,5,0
OTT-84394,Basic,9.19,6.0,14,1,1,1,1,0,Yes,15,0
OTT-41367,Premium,20.02,112.5,0,4,3,7,1,2,Yes,15,0
OTT-60509,Standard,13.84,35.2,0,2,1,4,0,2,Yes,48,0
OTT-24197,Basic,8.16,71.8,0,1,2,5,0,0,Yes,14,0
OTT-44682,Standard,13.94,31.1,3,1,2,5,2,0,Yes,1,1
OTT-77912,Basic,8.6,108.1,0,2,1,6,0,0,Yes,4,0
OTT-34362,Basic,9.92,49.4,2,1,2,2,1,0,Yes,19,0
OTT-21904,Premium,22.02,128.0,1,3,4,3,1,0,Yes,4,0
OTT-56972,Standard,13.63,54.3,5,2,2,9,0,0,Yes,18,0
OTT-24624,Basic,9.2,96.5,2,1,2,3,0,1,Yes,42,0
OTT-38327,Premium,21.3,113.1,2,3,4,7,0,1,Yes,18,0
OTT-50541,Premium,22.25,56.6,3,3,2,5,0,0,Yes,2,0
OTT-60767,Standard,15.7,8.1,16,2,3,2,0,0,Yes,14,0
OTT-67543,Standard,13.65,12.7,8,1,1,1,2,0,Yes,17,0
OTT-70898,Standard,15.94,1.2,19,1,3,1,0,0,No,2,0
OTT-85984,Standard,13.63,14.0,7,3,2,0,0,0,Yes,16,0
OTT-15947,Standard,15.32,84.5,1,1,2,7,0,0,Yes,16,0
OTT-42608,Premium,22.7,35.2,7,4,4,6,1,0,Yes,26,0
OTT-10096,Standard,15.37,77.2,3,2,1,12,2,0,Yes,5,0
OTT-10849,Basic,8.29,23.3,8,2,2,2,1,0,Yes,4,0
OTT-29104,Basic,8.41,49.3,1,1,1,6,2,0,Yes,15,0
OTT-63832,Basic,8.07,10.0,9,2,1,1,3,0,Yes,5,0
OTT-90505,Basic,8.25,74.5,2,1,1,4,2,0,Yes,15,0
OTT-79617,Basic,8.11,33.6,1,1,2,10,1,0,Yes,29,0
OTT-68165,Standard,13.62,22.2,2,3,2,1,0,0,Yes,1,0
OTT-80033,Premium,21.68,39.3,5,4,4,8,2,2,Yes,16,0
OTT-25476,Basic,8.14,45.5,1,3,2,4,2,0,Yes,28,0
OTT-85584,Basic,8.84,81.6,1,2,1,5,0,0,Yes,21,0
OTT-90122,Premium,22.12,42.7,10,3,5,9,2,0,No,14,0
OTT-18554,Basic,8.02,102.8,2,1,1,3,1,0,Yes,9,0
OTT-52295,Standard,15.09,9.2,21,3,1,2,1,0,Yes,4,0
OTT-84702,Standard,15.38,108.9,3,3,3,3,1,0,No,2,0
OTT-52847,Standard,14.83,80.5,0,2,4,5,0,1,Yes,22,0
OTT-85641,Basic,8.94,23.9,1,1,1,2,1,0,Yes,5,0
OTT-94197,Basic,9.45,35.1,3,1,1,8,0,0,Yes,6,0
OTT-52719,Standard,14.81,45.7,4,1,3,5,2,0,Yes,3,1
OTT-15353,Basic,9.01,83.9,0,1,1,5,2,0,Yes,32,0
OTT-40604,Basic,9.59,78.8,6,3,1,6,1,3,Yes,3,0
OTT-29365,Basic,9.67,40.1,0,1,2,3,0,0,Yes,9,0
OTT-52669,Standard,14.41,22.0,8,3,2,1,0,0,Yes,6,0
OTT-62718,Standard,14.53,46.6,1,1,3,5,2,0,Yes,21,0
OTT-51750,Standard,15.49,80.8,0,3,2,8,0,0,Yes,5,0
OTT-27593,Standard,14.85,49.3,2,2,3,3,1,0,Yes,1,0
OTT-37104,Basic,9.36,40.5,2,1,1,7,0,0,Yes,16,0
OTT-71156,Premium,20.22,26.7,27,4,4,2,1,0,Yes,14,0
OTT-12428,Premium,20.28,119.0,1,5,4,3,3,0,No,5,0
OTT-29268,Basic,9.05,78.9,0,2,1,5,1,0,Yes,23,0
OTT-90309,Standard,15.54,15.0,10,2,2,1,0,0,No,17,0
OTT-18924,Basic,8.62,67.6,1,2,2,7,1,0,No,4,0
OTT-47326,Premium,22.87,23.9,15,3,3,1,3,1,Yes,12,1
OTT-28628,Basic,9.51,1.3,16,1,1,0,1,0,Yes,2,0
OTT-19418,Basic,9.55,81.3,2,2,1,6,1,0,No,14,0
OTT-48045,Premium,22.49,48.0,1,3,5,3,1,0,Yes,3,0
OTT-56929,Standard,14.13,69.0,5,2,4,3,1,0,Yes,9,0
OTT-25852,Basic,8.65,9.4,7,1,2,3,1,0,Yes,6,0
OTT-17001,Standard,13.79,91.5,2,2,3,5,1,0,Yes,23,0
OTT-22122,Standard,14.44,8.3,7,3,1,1,1,1,No,23,0
OTT-68638,Basic,8.06,50.3,6,2,1,7,1,0,Yes,28,0
OTT-87424,Standard,15.37,55.7,3,4,2,6,0,0,Yes,16,0
OTT-26226,Standard,15.5,90.0,1,3,2,6,1,0,Yes,35,0
OTT-38835,Standard,14.02,107.7,1,2,3,6,0,0,Yes,2,0
OTT-40943,Premium,21.46,49.2,2,5,5,3,0,0,Yes,4,0
OTT-42467,Standard,15.17,2.5,14,2,4,3,0,0,No,3,1
OTT-31986,Standard,15.35,20.4,7,2,1,2,1,0,Yes,9,1
OTT-14974,Standard,15.91,41.1,5,4,1,6,0,0,Yes,7,0
OTT-57263,Basic,8.39,8.5,11,1,1,0,1,0,Yes,38,0
OTT-42162,Basic,8.48,12.6,11,2,1,2,1,0,Yes,11,0
OTT-40802,Premium,22.55,64.8,0,4,4,9,1,1,No,19,0
OTT-33832,Standard,13.73,70.5,0,3,2,8,1,1,Yes,6,0
OTT-93639,Basic,9.56,61.6,1,1,1,11,0,0,Yes,1,0
OTT-64943,Basic,8.26,51.3,5,1,1,3,1,2,No,37,1
OTT-47681,Basic,8.92,13.8,13,2,1,0,0,1,Yes,3,0
OTT-28484,Basic,9.17,3.9,19,3,2,2,2,0,No,3,1
OTT-82100,Basic,9.53,97.8,6,1,1,6,0,0,No,30,0
OTT-89952,Standard,13.78,17.2,12,2,2,2,0,1,Yes,40,0
OTT-12908,Basic,9.64,97.2,0,2,2,5,1,2,Yes,7,0
OTT-93669,Standard,15.62,109.6,1,3,3,7,0,0,Yes,2,0
OTT-72947,Premium,22.37,27.9,10,3,3,0,2,0,Yes,46,0
OTT-18984,Premium,22.8,109.6,1,5,2,3,1,0,Yes,5,0
OTT-77783,Premium,22.61,15.0,16,6,4,0,1,1,Yes,19,0
OTT-19666,Basic,9.53,49.3,5,1,1,5,0,0,Yes,1,0
OTT-14577,Standard,14.94,80.0,6,1,3,9,1,0,No,48,0
OTT-20379,Standard,15.51,12.8,12,3,1,2,0,0,Yes,25,0
OTT-51384,Basic,9.94,19.8,7,2,2,3,2,0,Yes,12,0
OTT-65760,Premium,21.9,120.4,6,5,3,7,1,0,Yes,6,0
OTT-46658,Standard,14.1,27.5,12,3,2,1,0,0,Yes,7,0
OTT-20977,Standard,14.11,69.1,1,2,2,8,1,0,Yes,4,0
OTT-27924,Basic,9.58,22.7,11,3,2,1,1,0,Yes,36,0
OTT-86713,Basic,9.97,75.1,0,2,1,5,0,0,Yes,1,0
OTT-96635,Premium,20.62,77.6,1,4,2,8,3,1,No,4,0
OTT-77883,Basic,9.93,53.4,3,1,1,5,1,0,Yes,17,0
OTT-19307,Basic,8.53,76.0,4,2,1,7,0,0,No,12,0
OTT-83781,Standard,14.52,52.4,6,2,4,9,0,0,Yes,38,0
OTT-72278,Standard,15.76,87.9,6,1,2,10,1,0,Yes,2,0
OTT-57344,Basic,9.91,33.1,3,1,1,7,0,1,Yes,43,0
OTT-22891,Basic,9.12,22.4,10,1,2,0,0,2,Yes,2,0
OTT-99699,Standard,15.87,67.0,0,1,2,8,0,1,Yes,5,0
OTT-49834,Premium,22.52,39.3,11,5,2,10,1,0,Yes,11,0
OTT-13975,Standard,15.66,95.9,1,3,3,6,1,0,No,1,0
OTT-28896,Standard,15.66,70.4,1,3,2,2,0,0,Yes,18,0
OTT-46113,Basic,8.76,22.7,11,1,2,0,2,0,Yes,2,1
OTT-15609,Standard,13.57,32.9,2,2,1,11,2,0,Yes,3,0
OTT-39153,Standard,13.9,35.7,4,3,2,8,2,0,Yes,23,0
OTT-52155,Premium,20.21,127.4,2,4,2,6,2,0,No,1,0
OTT-95377,Standard,14.1,6.1,15,2,3,0,0,0,Yes,7,0
OTT-17773,Basic,8.1,48.0,1,1,1,6,1,2,Yes,16,1
OTT-61916,Basic,8.54,67.7,1,3,1,2,0,1,Yes,4,0
OTT-92417,Premium,21.76,83.5,1,5,4,3,0,1,Yes,24,0
OTT-82556,Basic,8.27,11.7,14,3,1,0,2,0,Yes,5,0
OTT-93243,Standard,14.28,39.3,0,4,1,2,0,0,Yes,6,0
OTT-25330,Standard,14.05,68.6,2,2,2,9,0,0,No,4,0
OTT-82120,Basic,8.18,4.7,14,2,1,0,1,0,Yes,35,0
OTT-98076,Standard,15.18,36.5,1,2,1,9,0,0,Yes,9,0
OTT-39342,Standard,15.72,21.6,10,2,2,1,0,0,Yes,23,0
OTT-54877,Premium,22.14,59.2,0,4,5,2,1,0,Yes,41,0
OTT-57775,Basic,9.36,46.2,1,1,2,8,0,1,Yes,2,1
OTT-54429,Basic,9.96,64.9,1,2,2,4,0,0,No,39,0
OTT-36080,Basic,9.45,16.5,10,1,2,2,1,0,Yes,17,0
OTT-97378,Basic,8.08,102.1,5,1,2,2,1,1,Yes,46,0
OTT-96083,Standard,14.04,21.0,9,3,3,0,0,0,Yes,33,1
OTT-44265,Basic,9.26,28.1,4,1,1,1,1,0,Yes,45,0
OTT-82475,Basic,9.27,34.6,4,2,1,8,0,0,Yes,4,0
OTT-45776,Premium,22.49,98.4,5,2,4,6,0,0,Yes,30,0
OTT-81532,Basic,8.31,41.8,3,1,1,7,1,1,No,32,0
OTT-62627,Basic,9.95,11.9,10,1,2,1,1,1,Yes,18,1
OTT-52314,Premium,21.54,120.9,6,5,5,8,0,0,Yes,2,0
OTT-21524,Standard,15.79,22.2,8,3,2,0,0,0,Yes,45,0
OTT-68912,Basic,9.05,48.6,0,1,2,5,1,0,Yes,1,0
OTT-38897,Premium,20.55,38.6,0,3,2,8,1,0,Yes,9,0
OTT-29517,Standard,14.37,92.0,4,2,2,5,0,0,Yes,9,0
OTT-27388,Basic,8.43,19.5,8,3,1,1,3,0,Yes,5,0
OTT-98368,Basic,8.52,49.4,1,1,2,9,0,1,Yes,23,0
OTT-19295,Premium,22.66,94.9,0,5,5,4,1,0,Yes,1,0
OTT-81866,Basic,8.74,100.9,5,2,1,16,0,0,Yes,17,0
OTT-87952,Premium,20.54,41.6,6,5,4,6,1,0,Yes,41,0
OTT-12794,Basic,8.72,86.4,0,1,1,4,0,0,Yes,5,0
OTT-63039,Basic,9.22,97.9,3,1,2,8,1,1,Yes,7,0
OTT-61965,Premium,20.59,85.8,1,4,5,9,2,3,Yes,6,0
OTT-42280,Premium,20.14,114.0,1,4,3,10,2,0,No,28,0
OTT-70003,Basic,9.73,12.6,12,1,1,3,2,0,Yes,48,0
OTT-46779,Basic,8.47,22.4,8,1,1,2,0,0,Yes,4,0
OTT-49571,Standard,15.83,59.4,6,2,4,7,0,0,Yes,13,0
OTT-48836,Standard,13.61,55.4,0,3,3,6,0,0,Yes,12,0
OTT-82059,Basic,9.29,78.0,0,1,1,3,0,0,Yes,20,0
OTT-66982,Basic,9.32,75.6,1,1,1,8,1,0,Yes,15,0
OTT-44113,Premium,20.46,74.5,3,3,3,6,1,0,Yes,19,0
OTT-93408,Basic,9.32,5.1,14,1,1,1,0,0,Yes,19,1
OTT-82184,Basic,8.77,64.2,4,1,1,6,0,0,Yes,4,0
OTT-93949,Basic,8.75,109.4,5,2,1,8,3,0,Yes,6,0
OTT-75744,Basic,9.74,92.3,0,1,1,5,1,0,No,32,0
OTT-45233,Standard,15.87,54.2,1,2,4,5,0,0,Yes,2,0
OTT-79563,Basic,8.33,15.3,11,1,2,2,0,0,Yes,12,0
OTT-39633,Standard,15.2,10.9,19,2,1,2,0,1,Yes,4,1
OTT-34383,Basic,8.3,90.6,0,2,1,7,0,0,Yes,48,0
OTT-50593,Basic,8.06,79.5,2,1,1,6,1,0,Yes,7,0
OTT-97236,Premium,20.44,93.7,1,3,4,5,1,0,Yes,13,0
OTT-61113,Standard,15.08,27.0,4,2,1,2,0,0,Yes,4,0
OTT-44531,Basic,9.44,30.2,2,1,1,6,0,0,Yes,15,0
OTT-51563,Basic,9.0,49.8,2,1,1,7,0,0,Yes,45,0
OTT-36209,Standard,15.87,63.6,5,4,1,4,0,0,Yes,19,0
OTT-69287,Standard,15.4,84.6,2,2,2,7,0,0,Yes,11,0
OTT-41537,Standard,13.89,90.8,3,3,2,4,0,0,Yes,18,0
OTT-59895,Standard,14.01,99.9,0,1,1,6,1,0,Yes,1,0
OTT-43283,Basic,9.18,45.8,1,1,2,8,0,0,No,23,0
OTT-38864,Premium,20.99,30.6,10,4,4,7,1,0,Yes,4,0
OTT-97320,Basic,7.99,109.5,0,1,1,5,0,1,Yes,2,0
OTT-41115,Basic,8.04,3.3,14,3,1,4,1,0,Yes,14,0
OTT-16346,Standard,14.51,28.1,3,2,1,1,0,2,Yes,44,0
OTT-44072,Basic,9.04,100.9,2,2,2,5,2,0,Yes,39,0
OTT-57892,Basic,9.3,33.9,2,1,1,4,0,0,No,42,0
OTT-18517,Basic,9.52,85.3,6,1,2,7,2,0,Yes,9,0
OTT-37511,Standard,15.91,5.3,20,3,1,2,0,0,No,2,1
OTT-24945,Standard,15.59,53.3,0,2,3,7,0,0,No,23,0
OTT-55057,Standard,14.38,11.3,14,2,2,2,0,0,Yes,42,0
OTT-75079,Basic,9.06,52.9,0,2,1,4,0,1,Yes,10,0
OTT-97162,Basic,8.42,57.9,0,1,2,6,1,0,Yes,23,0
OTT-45018,Premium,22.9,49.5,1,4,5,8,1,0,No,13,0
OTT-87692,Standard,14.83,38.2,0,4,1,8,0,0,No,28,0
OTT-29308,Standard,14.11,53.8,3,2,3,5,2,0,Yes,31,0
OTT-80243,Basic,9.44,21.3,12,1,1,2,2,0,Yes,46,1
OTT-60639,Basic,8.97,1.7,15,2,1,2,0,1,Yes,18,0
OTT-78234,Basic,9.98,52.8,3,2,2,5,0,0,Yes,6,0
OTT-77997,Standard,13.68,5.0,19,2,2,1,0,0,Yes,14,0
OTT-57918,Premium,21.0,114.0,4,5,4,2,0,0,Yes,4,0
OTT-33167,Premium,22.82,72.3,0,5,4,7,1,0,No,25,0
OTT-57356,Basic,8.91,100.5,4,1,1,5,0,0,Yes,17,0
OTT-84410,Standard,14.27,105.1,4,2,3,8,1,0,Yes,21,0
OTT-97358,Standard,15.0,41.5,5,1,2,3,2,0,Yes,6,0
OTT-93474,Basic,9.32,55.2,0,1,2,1,1,0,Yes,19,0
OTT-26331,Standard,13.72,86.5,0,1,1,9,0,0,Yes,9,0
OTT-63764,Standard,14.14,45.6,6,2,1,7,2,0,Yes,1,0
OTT-19413,Basic,8.61,24.5,11,1,1,1,1,0,Yes,37,0
OTT-70204,Basic,8.48,107.7,5,1,2,5,0,1,No,2,0
OTT-99309,Basic,8.76,77.6,0,1,2,11,1,0,Yes,22,0
OTT-14731,Standard,14.33,36.2,2,2,2,6,1,0,Yes,4,0
OTT-69090,Basic,9.45,22.2,3,3,2,0,2,1,Yes,10,0
OTT-95095,Basic,9.19,58.1,0,2,2,4,4,2,Yes,23,0
OTT-86245,Basic,8.85,3.5,14,2,1,0,2,1,Yes,37,1
OTT-45323,Premium,20.59,115.9,2,2,2,1,2,0,Yes,2,0
OTT-19352,Premium,21.25,91.5,2,3,4,8,0,2,Yes,27,0
OTT-93150,Premium,20.53,105.0,3,5,3,7,2,0,Yes,19,0
OTT-92918,Premium,22.85,92.0,1,4,3,6,0,0,Yes,6,0
OTT-62107,Basic,8.34,25.2,3,1,2,3,0,0,No,5,0
OTT-98099,Basic,9.71,84.3,6,2,2,4,1,1,Yes,2,0
OTT-10415,Standard,15.03,94.7,0,2,3,3,1,3,No,24,0
OTT-65494,Standard,15.52,17.4,10,4,2,1,1,0,Yes,4,0
OTT-13468,Standard,15.71,73.2,4,2,2,9,0,0,Yes,8,0
OTT-94211,Basic,9.6,10.9,9,1,1,0,1,0,Yes,15,0
OTT-71237,Premium,21.76,90.5,6,3,2,11,4,0,No,39,0
OTT-92207,Basic,8.52,104.7,1,1,1,7,0,0,Yes,18,0
OTT-60639,Standard,15.14,84.7,2,1,2,5,0,0,No,36,0
OTT-17493,Premium,20.0,50.1,1,3,3,7,4,0,Yes,5,0
OTT-12387,Standard,14.43,49.2,1,3,1,7,1,0,Yes,40,0
OTT-40201,Standard,15.63,27.1,10,2,4,0,1,0,Yes,3,0
OTT-76910,Standard,14.94,80.8,0,3,3,6,0,0,Yes,6,0
OTT-23592,Standard,14.14,4.6,18,4,2,1,0,0,Yes,32,0
OTT-86692,Premium,22.67,21.8,16,4,4,0,1,0,Yes,3,0
OTT-31553,Basic,8.02,0.6,30,1,2,0,1,0,No,1,1
OTT-54677,Basic,9.76,103.4,0,2,1,5,0,0,Yes,20,0
OTT-28277,Premium,22.27,77.4,4,4,2,2,1,1,Yes,5,0
OTT-51917,Standard,13.86,38.9,0,3,2,3,2,0,Yes,6,0
OTT-50695,Standard,13.65,28.6,0,3,2,0,0,0,Yes,10,0
OTT-10492,Basic,9.89,25.1,1,1,2,0,0,2,Yes,32,0
OTT-61102,Basic,8.12,78.8,5,2,1,8,0,0,Yes,35,0
OTT-80797,Standard,15.92,82.0,0,1,3,7,0,0,Yes,2,0
OTT-94263,Premium,21.25,98.2,1,4,4,8,0,0,Yes,10,0
OTT-39764,Basic,8.7,49.6,0,1,1,6,3,1,Yes,27,0
OTT-89251,Basic,9.29,91.7,1,1,2,9,0,0,Yes,3,0
OTT-89087,Basic,8.98,95.9,1,2,1,8,1,0,Yes,3,0
OTT-98953,Standard,14.47,75.1,3,1,3,9,1,0,Yes,5,0
OTT-43575,Basic,9.27,20.3,8,1,1,1,0,1,Yes,16,0
OTT-86579,Standard,14.37,38.9,3,2,2,11,0,1,Yes,1,1
OTT-60856,Basic,8.06,97.5,6,1,1,6,1,0,Yes,17,0
OTT-15244,Basic,9.64,29.4,3,1,1,0,1,1,Yes,40,0
OTT-34330,Basic,9.02,92.6,3,1,1,2,1,0,Yes,2,0
OTT-70483,Basic,9.36,58.8,2,1,1,5,2,0,Yes,8,0
OTT-24452,Premium,21.72,49.6,5,3,3,5,2,0,Yes,3,0
OTT-49125,Premium,21.83,54.1,3,4,4,4,2,0,No,6,0
OTT-79740,Standard,14.04,109.0,0,3,1,7,0,0,No,41,0
OTT-23478,Premium,22.79,78.5,0,4,4,4,0,0,Yes,20,0
OTT-54692,Basic,8.89,61.1,0,1,1,9,1,0,Yes,39,0
OTT-29337,Premium,22.75,114.3,1,3,3,7,3,0,Yes,11,0
OTT-58283,Standard,15.51,17.3,9,2,3,0,1,0,Yes,4,1
OTT-31663,Standard,15.29,96.5,5,2,1,5,1,1,Yes,19,0
OTT-96886,Standard,14.64,25.1,7,2,1,0,0,0,Yes,5,0
OTT-16903,Basic,8.04,23.0,11,1,1,1,0,0,No,27,0
OTT-96721,Basic,8.62,2.0,14,1,1,0,1,0,Yes,19,0
OTT-81267,Basic,9.32,106.0,3,1,1,8,0,1,Yes,1,0
OTT-87006,Basic,8.65,77.2,3,2,1,7,1,0,Yes,12,0
OTT-86634,Standard,13.74,57.9,0,2,2,6,0,0,Yes,21,0
OTT-26884,Premium,21.54,113.9,4,6,2,4,2,0,Yes,48,0
OTT-93797,Basic,8.3,28.5,2,1,1,0,0,1,Yes,3,1
OTT-63483,Standard,14.26,37.7,0,2,3,9,1,0,Yes,3,0
OTT-96593,Standard,14.74,81.6,6,1,2,7,0,0,Yes,3,0
OTT-89032,Basic,8.22,77.4,0,1,2,9,0,0,Yes,4,0
OTT-62164,Basic,8.22,6.8,15,2,1,2,0,0,Yes,12,0
OTT-43701,Basic,8.41,81.4,0,1,1,6,1,1,Yes,5,0
OTT-20555,Standard,14.97,105.6,5,2,2,5,1,0,Yes,11,0
OTT-19099,Basic,9.86,33.5,0,1,1,3,0,0,Yes,16,0
OTT-45073,Basic,8.47,52.2,5,1,1,8,0,0,No,6,0
OTT-82985,Basic,9.43,13.9,12,1,1,2,0,0,Yes,42,0
OTT-55480,Premium,20.56,35.8,7,6,5,2,0,1,Yes,9,0
OTT-53358,Premium,21.9,54.3,1,4,3,2,1,2,Yes,5,0
OTT-32000,Basic,8.27,54.4,3,2,1,9,1,0,No,8,0
OTT-60794,Standard,15.6,101.7,0,4,1,8,0,2,Yes,3,0
OTT-67426,Premium,22.22,90.6,0,3,3,6,2,0,Yes,24,0
OTT-98392,Basic,9.35,24.7,3,2,1,1,1,0,Yes,17,0
OTT-75646,Basic,8.02,106.5,3,2,1,9,1,0,Yes,13,0
OTT-64648,Basic,9.66,27.3,1,1,2,3,1,0,Yes,25,0
OTT-91906,Basic,8.29,67.9,1,2,1,7,2,0,Yes,28,1
OTT-48247,Premium,21.59,50.2,0,4,4,9,1,0,Yes,45,0
OTT-94144,Premium,22.32,94.8,2,3,3,7,0,0,Yes,6,0
OTT-43298,Standard,15.07,13.7,12,2,1,1,0,0,Yes,3,1
OTT-21500,Basic,9.63,93.9,2,2,1,9,1,1,Yes,17,0
OTT-47585,Premium,22.12,89.2,1,3,3,5,1,1,Yes,23,0
OTT-21588,Basic,9.5,49.5,4,3,2,8,2,0,Yes,9,0
OTT-20655,Basic,8.59,98.2,3,2,2,11,0,0,Yes,32,0
OTT-89307,Basic,8.75,90.4,0,1,1,6,0,0,Yes,2,0
OTT-81526,Premium,21.49,88.5,1,4,2,3,1,0,Yes,5,0
OTT-29908,Standard,14.96,65.2,1,4,2,5,1,0,Yes,22,0
OTT-85393,Standard,15.22,63.2,3,2,1,6,0,3,Yes,6,0
OTT-16201,Standard,14.88,69.5,0,3,1,9,0,1,Yes,18,0
OTT-35595,Basic,9.41,97.5,2,1,1,7,2,0,Yes,11,0
OTT-73548,Basic,8.29,28.5,1,2,2,1,1,0,Yes,7,0
OTT-37341,Premium,21.17,43.7,7,2,3,4,0,0,Yes,22,1
OTT-75744,Premium,22.73,93.5,0,5,5,7,1,0,Yes,18,0
OTT-88689,Standard,14.03,27.3,11,3,2,0,1,0,Yes,19,0
OTT-15945,Basic,8.28,11.1,7,2,2,3,4,0,Yes,6,0
OTT-12157,Premium,22.22,49.4,3,3,3,6,1,0,Yes,13,0
OTT-94599,Basic,8.38,24.1,9,1,1,4,0,0,Yes,14,0
OTT-56840,Basic,8.91,27.4,10,2,1,2,0,0,No,4,1
OTT-55582,Basic,9.41,22.3,7,1,2,2,3,0,Yes,10,1
OTT-51730,Basic,8.96,70.8,2,2,2,4,0,0,Yes,41,0
OTT-49024,Standard,15.74,42.5,4,2,2,6,0,0,No,1,0
OTT-72110,Standard,15.69,27.2,7,2,2,1,0,0,Yes,15,0
OTT-62176,Basic,9.0,85.6,1,1,1,6,1,1,Yes,46,0
OTT-24705,Basic,9.91,83.1,0,1,1,4,1,0,Yes,24,0
OTT-66396,Standard,14.22,99.6,0,4,4,3,2,1,Yes,16,0
OTT-70149,Basic,8.46,99.1,0,2,1,6,0,0,Yes,10,0
OTT-20223,Basic,9.33,29.1,2,2,1,1,0,0,No,46,0
OTT-43905,Basic,9.14,23.8,0,3,1,3,0,0,Yes,12,0
OTT-81144,Premium,20.74,63.7,0,3,2,6,0,0,Yes,6,0
OTT-65683,Premium,21.1,45.6,7,2,4,4,1,2,No,1,0
OTT-22273,Basic,8.46,69.0,3,1,2,8,0,1,Yes,45,0
OTT-13608,Standard,14.08,79.0,2,2,2,4,3,0,No,14,0
OTT-62308,Premium,21.09,68.5,2,2,4,4,0,0,Yes,5,0
OTT-51554,Basic,9.84,59.4,3,1,2,5,1,0,Yes,1,0
OTT-96493,Premium,22.49,58.1,1,4,4,10,1,0,Yes,25,0
OTT-57002,Standard,14.77,104.8,4,1,2,6,2,0,Yes,7,0
OTT-93833,Standard,14.68,16.2,9,3,3,1,1,0,No,29,0
OTT-29289,Standard,13.57,95.6,0,2,2,11,1,0,Yes,14,0
OTT-50259,Basic,8.91,35.7,0,1,1,6,0,0,Yes,35,0
OTT-22565,Standard,15.05,49.9,5,2,3,3,0,0,No,25,0
OTT-61680,Standard,15.44,38.0,2,2,2,7,1,2,Yes,3,0
OTT-26962,Basic,8.7,47.8,1,2,1,12,0,0,No,13,0
OTT-54303,Standard,15.79,80.7,2,3,2,4,1,0,Yes,4,0
OTT-40972,Premium,22.51,39.5,6,2,4,4,3,0,Yes,27,0
OTT-26715,Premium,20.24,74.9,2,3,2,8,2,0,No,4,0
OTT-18712,Standard,15.75,8.1,9,1,2,0,1,0,Yes,13,0
OTT-56084,Basic,8.44,108.5,3,2,1,1,1,2,Yes,36,0
OTT-95257,Basic,9.84,25.1,0,1,1,1,0,0,Yes,5,0
OTT-27887,Basic,9.25,88.4,4,1,2,6,1,0,Yes,35,0
OTT-46449,Premium,21.23,128.3,1,4,3,6,1,0,Yes,5,0
OTT-30214,Standard,14.58,109.7,6,2,2,5,1,0,Yes,23,0
OTT-82806,Premium,21.68,91.8,2,4,2,3,1,0,No,18,0
OTT-47340,Basic,9.68,75.4,1,1,2,7,0,2,Yes,2,0
OTT-97696,Premium,22.5,88.2,5,3,2,10,1,0,Yes,17,0
OTT-32064,Premium,21.23,108.0,1,3,2,6,0,0,Yes,45,0
OTT-17266,Standard,15.61,98.6,0,2,2,7,1,0,Yes,4,0
OTT-62426,Premium,21.41,91.2,2,5,2,3,1,0,No,16,0
OTT-68649,Basic,8.83,85.4,1,1,1,7,0,0,No,29,0
OTT-99165,Basic,8.48,106.7,2,1,1,8,1,0,Yes,27,0
OTT-88425,Basic,9.65,10.2,11,2,1,0,0,0,Yes,2,0
OTT-89574,Basic,9.23,73.9,2,1,2,7,2,2,Yes,34,0
OTT-67080,Basic,8.85,9.3,13,1,1,2,1,0,No,2,0
OTT-42382,Standard,15.15,60.3,5,2,3,3,1,1,Yes,7,0
OTT-48611,Basic,9.71,85.9,1,2,2,6,0,0,Yes,12,0
OTT-22036,Basic,8.39,55.5,0,2,2,4,0,0,Yes,34,0
OTT-48796,Basic,8.77,30.8,1,2,2,8,1,0,Yes,3,0
OTT-42799,Standard,14.44,95.0,3,2,3,13,0,0,Yes,4,0
OTT-13230,Premium,20.22,53.7,2,2,2,6,1,0,Yes,41,0
OTT-28401,Basic,8.66,66.2,2,1,1,2,3,1,No,5,1
OTT-58113,Standard,15.39,35.2,0,2,2,5,1,0,Yes,21,0
OTT-43240,Premium,20.75,121.4,2,4,4,8,0,3,No,7,0
OTT-99417,Standard,15.52,55.7,6,3,2,2,2,0,Yes,8,0
OTT-53067,Standard,15.88,94.3,1,2,2,5,1,0,Yes,2,0
OTT-96282,Standard,14.05,1.3,38,2,3,1,0,0,No,1,1
OTT-69463,Premium,21.22,69.9,4,3,2,6,0,0,Yes,24,0
OTT-13635,Basic,8.25,43.2,0,2,2,8,0,0,Yes,12,0
OTT-28309,Standard,15.22,57.6,3,2,2,6,1,0,Yes,5,0
OTT-73521,Basic,8.95,25.5,13,1,1,3,0,0,Yes,1,0
OTT-59060,Basic,9.17,80.2,0,1,1,4,3,0,Yes,5,0
OTT-37158,Standard,15.44,26.7,4,2,1,2,0,0,No,25,0
OTT-56987,Premium,22.32,86.2,5,4,4,4,2,0,No,5,0
OTT-91268,Premium,21.54,73.8,0,3,4,4,0,1,Yes,4,0
OTT-44983,Premium,22.64,29.8,10,4,4,2,3,1,Yes,17,0
OTT-14060,Standard,15.82,88.5,0,1,3,4,2,2,Yes,3,0
OTT-37986,Standard,15.07,7.2,14,2,2,0,0,1,Yes,4,0
OTT-94227,Premium,20.11,112.0,6,4,4,9,0,2,Yes,30,0
OTT-78559,Basic,9.54,78.5,4,2,1,7,0,0,Yes,7,0
OTT-85371,Basic,9.77,51.7,0,2,1,5,0,1,Yes,4,0
OTT-92043,Basic,9.1,55.1,1,1,1,6,1,0,Yes,7,0
OTT-20575,Standard,15.24,97.6,5,2,1,6,0,0,Yes,2,0
OTT-35440,Standard,14.38,44.9,2,2,3,3,2,0,Yes,4,0
OTT-15384,Premium,21.5,53.5,0,4,5,5,1,0,Yes,23,0
OTT-10426,Basic,9.59,88.2,5,1,2,6,0,1,Yes,7,0
OTT-85122,Premium,22.62,71.5,0,4,3,4,0,0,Yes,8,0
OTT-94324,Standard,13.78,41.9,6,1,2,7,2,0,Yes,45,0
OTT-24018,Premium,20.04,43.4,8,3,4,3,0,2,Yes,6,0
OTT-74994,Basic,8.74,38.3,3,2,1,10,0,0,Yes,32,0
OTT-58140,Standard,14.47,86.5,0,1,1,3,0,3,Yes,14,1
OTT-16230,Standard,15.42,51.9,3,3,2,3,3,0,Yes,5,0
OTT-92416,Standard,13.51,22.2,9,2,2,2,1,0,No,35,0
OTT-88410,Basic,9.52,90.0,0,1,2,4,2,0,Yes,1,0
OTT-61069,Basic,9.06,35.8,0,1,2,9,0,0,Yes,16,0
OTT-73709,Basic,9.39,94.6,5,1,1,3,0,0,Yes,12,0
OTT-45750,Standard,14.76,76.4,6,3,1,9,1,1,Yes,3,0
OTT-81354,Standard,15.47,25.2,7,1,2,2,1,0,Yes,29,0
OTT-50050,Standard,14.58,24.8,1,3,3,1,0,1,Yes,1,0
OTT-99024,Standard,14.35,23.1,12,3,1,0,2,0,Yes,29,0
OTT-15680,Basic,9.26,108.8,5,1,2,6,0,0,Yes,5,0
OTT-25493,Basic,8.88,83.9,1,2,1,5,1,0,No,3,0
OTT-97186,Standard,14.25,102.8,0,2,4,1,0,0,Yes,1,0
OTT-35990,Standard,15.77,58.5,4,4,4,6,0,0,Yes,41,0
OTT-37958,Standard,15.3,83.7,1,2,4,5,0,0,Yes,4,0
OTT-81214,Standard,13.98,7.2,16,2,2,1,1,0,Yes,43,0
OTT-27042,Premium,22.21,28.9,9,5,5,1,1,0,Yes,2,0
OTT-56217,Premium,20.75,99.6,5,4,3,8,1,0,Yes,7,0
OTT-35743,Standard,14.57,53.8,1,3,1,8,2,0,Yes,3,0
OTT-27814,Basic,8.42,105.5,1,1,1,3,1,1,Yes,2,0
OTT-96792,Basic,8.22,9.8,14,1,2,0,0,0,Yes,27,0
OTT-27990,Standard,14.49,98.6,1,4,1,6,2,0,No,7,0
OTT-18485,Basic,9.1,77.9,4,1,1,3,0,0,Yes,13,0
OTT-70653,Basic,8.59,96.0,5,2,1,5,0,0,Yes,16,0
OTT-88056,Basic,8.14,54.3,3,3,2,3,2,0,Yes,19,0
OTT-21474,Premium,20.74,97.9,2,5,3,5,0,1,No,9,0
OTT-73705,Basic,8.48,51.4,0,2,1,6,0,2,Yes,45,0
OTT-58670,Standard,14.97,19.9,10,1,1,0,1,0,Yes,10,0
OTT-84700,Premium,20.84,48.0,1,3,4,3,2,0,Yes,9,0
OTT-21425,Standard,14.82,23.8,9,3,2,1,2,1,Yes,9,0
OTT-97829,Basic,8.93,59.1,6,3,1,4,0,0,Yes,19,0
OTT-65719,Premium,20.79,126.8,4,4,4,4,2,0,Yes,22,0
OTT-85793,Standard,15.34,97.5,5,3,2,2,1,0,Yes,18,0
OTT-42576,Basic,9.33,20.3,10,1,1,1,0,3,Yes,13,1
OTT-94903,Standard,15.19,13.3,11,1,1,0,3,0,Yes,42,1
OTT-66372,Basic,8.86,77.4,2,1,1,7,2,0,Yes,34,0
OTT-21424,Standard,14.28,23.1,13,1,4,1,1,0,Yes,36,0
OTT-93060,Premium,21.76,77.0,6,2,3,6,2,0,Yes,32,0
OTT-81620,Standard,15.89,74.1,3,1,2,9,0,0,Yes,18,0
OTT-37017,Premium,21.29,52.9,9,4,4,5,0,0,No,15,0
OTT-59110,Basic,9.32,34.1,1,1,1,8,0,1,No,1,0
OTT-44925,Premium,21.32,41.2,11,4,2,4,1,0,Yes,12,0
OTT-58914,Standard,15.82,98.2,0,2,2,8,0,0,Yes,5,0
OTT-96882,Basic,8.52,1.4,35,1,1,0,2,0,No,2,1
OTT-90902,Premium,21.37,115.7,2,3,5,7,1,0,Yes,38,0
OTT-29398,Premium,21.47,89.1,1,4,5,3,1,0,Yes,35,0
OTT-97461,Basic,9.45,57.3,1,1,1,4,0,0,Yes,9,0
OTT-49414,Standard,15.29,109.3,2,3,2,8,0,0,No,5,0
OTT-73434,Basic,9.47,36.2,1,1,1,4,2,0,Yes,23,0
OTT-78779,Basic,9.46,4.8,19,1,1,2,1,1,Yes,19,1
OTT-53463,Basic,8.93,0.8,27,1,1,1,0,0,Yes,48,1
OTT-51098,Standard,13.88,108.5,1,1,1,8,0,0,Yes,26,0
OTT-51075,Basic,9.73,35.2,5,1,1,8,0,1,Yes,1,0
OTT-87628,Basic,8.64,10.4,7,3,1,1,0,0,Yes,2,1
OTT-44770,Premium,20.32,58.0,3,2,4,6,0,0,Yes,4,0
OTT-35192,Standard,13.81,20.2,7,2,4,1,0,0,No,6,0
OTT-42543,Premium,21.47,12.5,15,4,5,0,3,0,No,2,0
OTT-27539,Basic,8.84,50.8,4,2,1,3,0,0,Yes,1,0
OTT-45235,Basic,9.32,18.7,7,2,1,0,2,0,Yes,2,1
OTT-20266,Standard,15.02,78.0,3,1,4,9,0,1,Yes,3,0
OTT-18077,Basic,8.2,73.0,1,1,2,4,0,0,Yes,1,0
OTT-75145,Standard,14.23,76.1,1,3,3,9,0,0,Yes,13,0
OTT-16969,Premium,22.68,94.4,0,4,3,6,2,0,Yes,4,0
OTT-61137,Basic,9.52,25.5,9,2,1,1,1,0,Yes,29,0
OTT-80187,Standard,15.67,81.4,5,3,2,3,2,0,Yes,2,0
OTT-75202,Standard,13.54,85.4,2,3,2,4,1,0,No,4,0
OTT-50146,Basic,9.81,56.9,5,1,1,5,1,0,Yes,4,0
OTT-27426,Standard,15.64,105.1,5,2,2,8,1,0,Yes,12,0
OTT-93760,Standard,14.62,93.1,1,3,3,8,0,0,Yes,6,0
OTT-85163,Basic,9.34,73.3,5,1,1,5,0,0,Yes,21,0
OTT-65099,Basic,8.53,1.6,34,3,2,1,1,0,No,2,1
OTT-17808,Standard,15.14,1.2,16,3,3,2,0,0,Yes,38,0
OTT-13165,Standard,15.49,108.8,1,3,2,7,0,2,Yes,1,0
OTT-38369,Premium,21.44,51.4,4,6,4,7,1,0,Yes,19,0
OTT-24176,Standard,13.56,66.8,5,3,1,5,0,0,Yes,46,0
OTT-87431,Basic,8.82,52.1,0,1,1,9,2,0,Yes,1,0
OTT-28523,Premium,22.16,17.1,33,4,2,0,0,0,No,1,1
OTT-35438,Standard,15.25,58.9,2,2,4,6,0,0,No,32,0
OTT-97815,Basic,8.96,72.4,3,1,1,4,0,0,Yes,3,0
OTT-83642,Basic,9.96,22.9,2,1,1,1,0,2,No,4,1
OTT-29683,Basic,8.22,35.6,0,1,2,6,0,0,No,14,0
OTT-44518,Basic,8.31,76.0,5,1,2,8,0,0,Yes,1,0
OTT-56417,Standard,14.14,87.1,4,3,3,7,0,0,Yes,35,0
OTT-69783,Basic,9.6,21.5,8,1,1,1,0,0,Yes,23,0
OTT-94254,Premium,22.28,52.1,7,3,5,5,0,0,Yes,15,0
OTT-88400,Standard,15.42,1.5,16,3,2,1,1,0,Yes,5,0
OTT-97946,Basic,9.75,6.7,16,2,1,0,0,0,Yes,13,0
OTT-13658,Premium,21.32,67.4,2,2,3,5,0,1,Yes,20,0
OTT-31272,Standard,14.29,39.5,6,1,1,7,0,0,Yes,2,0
OTT-60669,Basic,9.19,100.4,3,1,1,5,3,0,Yes,42,0
OTT-14420,Basic,8.81,34.6,5,2,1,5,1,0,No,22,0
OTT-41980,Standard,14.8,18.1,11,2,2,2,1,0,Yes,41,0
OTT-23824,Standard,13.84,38.9,3,4,2,3,0,0,Yes,6,0
OTT-93961,Standard,14.48,16.7,9,4,2,0,0,0,Yes,2,0
OTT-15699,Premium,21.41,53.1,11,4,5,7,0,0,Yes,21,0
OTT-23356,Standard,13.71,83.7,1,4,2,10,0,1,Yes,36,0
OTT-27560,Premium,22.97,108.9,0,4,3,10,0,0,Yes,4,0
OTT-23373,Standard,13.58,12.3,11,2,4,2,1,0,Yes,1,1
OTT-61170,Standard,15.79,24.0,6,3,2,1,0,0,Yes,41,0
OTT-42790,Basic,8.15,85.4,1,1,1,8,0,2,Yes,2,0
OTT-92119,Standard,15.64,31.3,3,3,2,6,1,0,Yes,5,0
OTT-33473,Basic,9.09,56.3,0,2,1,7,1,0,Yes,8,0
OTT-58349,Standard,13.98,24.9,8,2,1,2,0,0,Yes,5,0
OTT-69407,Basic,8.45,16.2,8,1,1,3,3,0,Yes,6,0
OTT-66338,Standard,14.37,63.0,3,1,2,5,0,0,Yes,5,0
OTT-81673,Basic,9.58,106.3,0,1,1,6,1,0,No,48,1
OTT-28167,Standard,13.86,102.0,5,2,4,6,2,0,Yes,4,0
OTT-55670,Basic,8.47,30.0,4,2,1,1,1,0,Yes,12,0
OTT-82051,Premium,22.07,120.0,3,3,5,5,0,0,Yes,31,0
OTT-87670,Basic,9.22,65.5,0,3,1,12,0,0,Yes,15,0
OTT-65600,Standard,14.54,92.2,0,3,2,8,1,0,Yes,19,0
OTT-68669,Standard,13.64,53.0,5,3,2,5,2,0,Yes,16,0
OTT-87771,Basic,9.11,106.2,2,2,1,6,0,0,No,5,0
OTT-66237,Premium,20.68,99.8,3,2,2,7,2,0,Yes,23,0
OTT-95394,Premium,21.83,73.8,2,5,3,6,0,0,No,45,0
OTT-21483,Standard,14.18,53.7,2,2,1,4,0,0,Yes,38,0
OTT-41310,Premium,22.93,16.8,21,3,4,1,0,0,Yes,8,0
OTT-20096,Basic,9.17,46.2,1,2,2,3,0,0,Yes,2,0
OTT-18152,Premium,21.7,25.1,7,3,3,2,1,0,Yes,43,0
OTT-52474,Premium,22.5,70.0,2,4,3,7,1,0,Yes,1,0
OTT-30333,Standard,15.97,78.7,6,1,1,10,0,1,No,48,0
OTT-46643,Premium,22.33,103.5,1,3,4,6,2,0,Yes,3,0
OTT-49405,Standard,14.97,39.0,2,2,2,5,2,0,Yes,22,0
OTT-65882,Standard,15.65,44.9,0,1,4,3,0,0,Yes,40,0
OTT-95111,Standard,13.94,26.0,4,2,4,2,0,0,Yes,22,0
OTT-86444,Basic,9.52,55.7,0,1,2,7,0,0,No,2,0
OTT-44047,Standard,15.19,63.7,1,2,2,3,0,0,Yes,39,0
OTT-39302,Basic,9.12,10.1,9,1,2,3,1,0,Yes,2,0
OTT-79368,Standard,15.66,29.5,3,2,3,0,0,1,Yes,4,0
OTT-21128,Standard,15.26,45.6,6,3,2,8,0,0,Yes,15,0
OTT-58642,Basic,9.42,65.2,2,1,1,7,1,2,Yes,22,0
OTT-48071,Basic,9.81,108.5,3,1,1,4,2,0,Yes,21,0
OTT-26452,Basic,9.39,11.1,14,1,1,4,0,0,Yes,4,0
OTT-65479,Standard,14.13,57.1,0,2,2,4,0,0,No,9,0
OTT-38865,Basic,8.36,70.9,1,1,1,3,1,0,No,46,0
OTT-26703,Basic,9.02,71.3,0,2,2,14,0,0,Yes,4,0
OTT-68786,Basic,8.46,52.2,0,1,1,4,0,2,Yes,12,1
OTT-25677,Basic,9.39,97.4,0,1,1,3,0,0,Yes,19,0
OTT-70556,Basic,9.68,47.7,0,2,2,3,2,0,Yes,34,0
OTT-24588,Basic,8.57,59.6,0,1,2,6,0,0,Yes,10,0
OTT-49127,Standard,15.77,11.0,19,3,4,1,0,0,Yes,48,0
OTT-82718,Standard,15.36,52.4,2,4,4,4,0,0,Yes,6,0
OTT-30577,Premium,22.95,92.8,5,5,2,10,1,0,No,5,0
OTT-79085,Basic,8.39,25.4,8,1,1,0,0,0,Yes,30,0
OTT-74970,Basic,8.91,14.6,10,1,1,3,0,0,No,44,0
OTT-91238,Basic,9.27,106.6,3,1,1,3,0,0,Yes,23,0
OTT-25198,Standard,15.4,39.9,3,1,3,5,1,0,Yes,11,0
OTT-74359,Basic,9.81,82.2,2,1,2,10,0,0,No,20,0
OTT-94299,Basic,9.77,27.3,4,1,2,2,0,0,Yes,2,0
OTT-78670,Standard,14.08,69.3,0,2,2,6,0,1,Yes,36,0
OTT-26911,Basic,8.83,36.0,1,2,1,3,0,0,Yes,43,0
OTT-83993,Standard,15.29,77.3,4,2,2,8,0,1,No,17,0
OTT-19658,Standard,13.82,76.3,6,2,2,2,0,0,Yes,1,0
OTT-62995,Premium,22.87,87.4,2,4,2,5,0,1,No,5,0
OTT-54787,Basic,9.48,26.5,8,2,1,1,0,0,Yes,6,0
OTT-57796,Basic,9.65,25.8,8,1,1,1,1,1,Yes,20,0
OTT-56758,Standard,15.76,22.7,13,2,1,2,0,0,No,15,1
OTT-12832,Basic,8.35,85.3,2,2,2,5,0,1,Yes,6,0
OTT-55736,Basic,8.83,9.4,11,1,1,1,1,0,Yes,20,0
OTT-94306,Standard,15.12,50.5,5,2,2,7,0,0,Yes,34,0
OTT-49299,Basic,9.63,39.9,4,1,1,12,0,0,Yes,6,0
OTT-34921,Basic,9.47,56.2,1,1,1,2,0,0,Yes,20,0
OTT-99532,Standard,13.79,31.6,0,4,3,4,1,0,Yes,15,0
OTT-18909,Premium,21.93,62.5,4,4,5,3,2,0,Yes,3,0
OTT-53764,Basic,8.58,72.2,3,2,1,7,1,3,Yes,19,0
OTT-56133,Standard,14.51,36.6,1,3,2,6,0,0,No,12,0
OTT-53014,Premium,22.97,56.7,4,5,3,4,0,0,Yes,4,0
OTT-92954,Basic,8.3,84.2,2,1,2,10,1,0,Yes,2,0
OTT-47958,Standard,13.75,12.9,7,1,1,0,2,1,Yes,26,0
OTT-97596,Basic,8.81,64.1,3,2,2,5,0,0,Yes,4,0
OTT-16014,Premium,22.58,120.1,1,4,4,4,0,1,Yes,21,0
OTT-76053,Basic,8.31,15.6,7,2,2,1,1,0,Yes,11,1
OTT-63365,Basic,8.15,30.7,0,2,1,6,2,0,Yes,40,0
OTT-31648,Premium,21.25,104.8,3,5,4,5,0,0,Yes,21,0
OTT-30516,Standard,15.07,87.0,0,3,2,7,3,0,Yes,39,0
OTT-74770,Basic,8.3,75.7,0,3,1,5,1,0,Yes,10,0
OTT-67384,Standard,15.5,69.3,5,3,1,3,0,1,No,23,0
OTT-65004,Premium,22.53,108.4,4,4,4,6,1,0,Yes,6,0
OTT-14574,Standard,14.8,53.1,1,2,2,5,2,0,Yes,6,0
OTT-63808,Basic,8.05,51.0,0,1,2,5,0,0,Yes,13,0
OTT-98323,Basic,9.02,77.2,2,1,1,9,2,0,Yes,2,0
OTT-11559,Premium,20.63,42.9,0,3,3,6,0,0,Yes,15,0
OTT-52209,Basic,8.88,77.7,5,1,1,4,2,0,Yes,6,0
OTT-54493,Basic,9.51,25.3,8,1,1,1,0,0,Yes,3,0
OTT-90707,Basic,8.1,67.3,4,1,1,6,2,1,Yes,3,0
OTT-35455,Basic,7.99,29.3,4,2,1,2,1,0,Yes,25,0
OTT-52800,Standard,13.82,80.3,4,1,2,7,0,0,Yes,13,0
OTT-74546,Basic,8.08,98.5,1,2,1,5,0,0,Yes,44,0
OTT-15429,Basic,8.51,39.3,3,3,1,9,0,0,Yes,14,0
OTT-82097,Basic,8.8,75.9,3,1,1,9,1,0,Yes,41,0
OTT-83998,Basic,9.55,39.3,3,1,1,5,1,0,No,28,0
OTT-74767,Basic,8.05,94.1,5,2,2,5,1,0,Yes,2,0
OTT-68335,Basic,8.69,44.2,6,2,1,8,0,2,Yes,26,0
OTT-77284,Standard,15.81,77.4,3,2,2,7,0,0,Yes,4,0
OTT-80357,Basic,9.14,19.8,8,1,1,2,3,0,Yes,18,0
OTT-91304,Basic,9.64,55.0,4,2,1,11,0,1,Yes,28,0
OTT-48534,Standard,14.7,26.0,8,2,4,0,0,0,Yes,6,0
OTT-51044,Standard,13.73,101.3,2,4,1,8,0,0,Yes,13,0
OTT-67413,Standard,13.96,14.8,10,2,3,1,0,0,Yes,1,0
OTT-27377,Premium,22.26,63.7,2,3,2,8,0,0,Yes,5,0
OTT-87059,Basic,9.72,21.1,8,2,1,0,0,0,Yes,6,0
OTT-79345,Basic,8.93,47.0,1,2,1,3,2,0,Yes,6,0
OTT-66795,Basic,8.97,48.7,1,1,1,6,1,0,Yes,3,0
OTT-37148,Basic,8.89,23.8,2,1,2,0,2,0,Yes,9,1
OTT-41290,Premium,20.05,21.5,12,4,3,0,3,0,Yes,23,0
OTT-49147,Standard,13.73,79.9,6,4,1,8,1,1,Yes,15,0
OTT-69627,Standard,15.97,50.2,5,3,2,11,1,0,Yes,11,0
OTT-80022,Premium,20.12,47.2,2,4,4,5,1,2,Yes,2,0
OTT-70466,Premium,21.04,128.1,5,5,3,2,2,0,Yes,6,0
OTT-93693,Basic,9.37,48.0,2,1,1,16,1,0,Yes,40,0
OTT-96451,Premium,21.26,33.8,8,4,4,7,0,0,Yes,47,0
OTT-73440,Basic,9.96,68.0,1,2,1,8,0,0,Yes,23,0
OTT-43381,Basic,8.06,95.1,2,1,1,13,2,0,Yes,4,0
OTT-63915,Standard,15.68,98.8,5,1,2,8,0,0,Yes,30,0
OTT-48256,Premium,20.39,78.1,6,4,2,2,1,0,Yes,28,0
OTT-66618,Standard,14.0,22.8,9,4,2,1,0,0,Yes,16,0
OTT-83090,Basic,9.05,68.0,0,3,1,7,0,1,Yes,6,0
OTT-43239,Premium,22.6,92.2,0,4,5,4,2,0,Yes,1,0
OTT-55518,Standard,14.53,16.8,9,2,2,2,1,0,Yes,20,0
OTT-14107,Standard,14.22,37.6,0,2,1,8,0,0,Yes,39,0
OTT-76290,Basic,8.79,10.0,15,1,1,2,0,0,Yes,11,0
OTT-54086,Basic,8.18,69.9,2,1,1,13,2,0,Yes,6,0
OTT-51373,Basic,9.67,57.4,1,2,2,4,1,0,Yes,10,0
OTT-57918,Premium,22.74,109.2,5,3,2,13,4,0,Yes,35,0
OTT-29394,Premium,22.02,35.4,19,5,2,7,1,0,Yes,16,0
OTT-63816,Basic,8.88,25.0,12,1,2,2,0,0,No,33,0
OTT-77067,Basic,9.22,33.9,0,2,2,9,0,0,Yes,3,0
OTT-41470,Basic,9.09,1.3,17,1,1,1,0,0,No,3,0
OTT-21803,Standard,13.62,72.1,0,2,2,11,0,0,Yes,11,0
OTT-44814,Standard,14.48,13.1,11,2,4,0,1,0,Yes,17,1
OTT-27872,Standard,15.13,32.4,2,4,2,3,2,1,Yes,26,0
OTT-43654,Basic,9.69,8.6,8,1,2,1,0,0,No,22,0
OTT-66413,Basic,8.71,23.4,9,1,1,4,2,0,Yes,3,0
OTT-20205,Premium,22.45,121.7,2,5,4,3,1,0,Yes,5,0
OTT-77253,Standard,15.38,76.2,2,3,2,6,1,0,Yes,20,0
OTT-30215,Basic,9.85,9.5,15,2,2,1,0,0,No,6,1
OTT-90521,Basic,9.97,95.8,5,2,1,2,2,0,Yes,9,0
OTT-75919,Basic,8.07,24.1,13,1,2,5,1,0,Yes,4,0
OTT-34532,Basic,8.86,4.6,18,1,1,3,0,0,Yes,1,1
OTT-60689,Basic,9.54,22.2,6,1,1,1,1,0,No,16,0
OTT-19965,Standard,15.55,77.3,2,1,3,10,1,1,Yes,1,0
OTT-18976,Basic,8.16,105.4,3,2,1,2,2,0,Yes,11,0
OTT-96043,Basic,9.2,25.8,7,3,1,1,1,0,Yes,16,0
OTT-82218,Standard,15.74,22.4,2,2,2,1,1,0,Yes,8,0
OTT-23897,Basic,8.44,26.1,8,1,2,1,0,0,Yes,15,0
OTT-35441,Standard,14.36,23.0,5,2,2,1,1,2,Yes,39,0
OTT-27789,Premium,21.17,83.6,4,4,3,8,0,0,Yes,32,0
OTT-45564,Basic,8.78,97.0,1,1,1,6,1,0,Yes,4,0
OTT-36219,Standard,14.89,58.6,3,3,2,6,2,3,Yes,4,0
OTT-39525,Basic,8.11,82.2,0,3,1,7,0,1,Yes,14,0
OTT-57644,Basic,9.55,12.6,8,1,1,3,1,0,Yes,9,0
OTT-27014,Basic,8.24,107.4,2,3,2,9,3,0,Yes,10,0
OTT-89453,Standard,15.52,25.9,2,4,4,0,1,0,Yes,20,0
OTT-75487,Basic,8.02,77.6,0,2,2,7,2,1,Yes,30,0
OTT-78448,Standard,15.46,25.1,6,2,2,1,0,2,Yes,1,0
OTT-25252,Basic,8.7,25.7,3,1,1,1,0,0,Yes,18,0
OTT-73733,Standard,15.13,45.8,2,2,2,5,0,0,Yes,3,0
OTT-85261,Basic,8.35,23.3,1,2,1,0,1,3,Yes,11,0
OTT-25766,Basic,9.06,40.2,2,1,2,6,0,1,Yes,15,0
OTT-77614,Standard,14.24,35.5,1,2,3,3,0,0,Yes,22,0
OTT-42191,Basic,8.0,11.0,14,3,1,2,1,1,Yes,2,1
OTT-80881,Basic,9.44,25.6,0,1,1,0,0,0,Yes,28,0
OTT-53055,Standard,13.82,7.7,15,2,2,0,1,0,Yes,28,0
OTT-82197,Standard,15.84,81.0,0,1,1,2,0,0,Yes,19,0
OTT-23268,Standard,14.85,94.3,0,2,2,4,3,2,Yes,26,0
OTT-45016,Basic,7.99,54.3,0,1,1,6,0,0,Yes,8,0
OTT-34608,Basic,9.88,38.0,1,1,1,4,1,1,Yes,44,0
OTT-32352,Basic,8.26,32.7,2,1,1,5,1,1,Yes,4,0
OTT-37749,Basic,9.66,34.5,1,1,1,6,2,0,Yes,1,1
OTT-44418,Basic,8.65,68.1,6,2,1,5,1,0,Yes,3,0
OTT-21454,Basic,9.13,74.5,2,2,1,7,0,1,Yes,5,0
OTT-73636,Basic,9.66,23.8,7,1,1,1,0,1,Yes,22,1
OTT-59521,Standard,13.62,92.8,1,3,2,10,0,0,Yes,4,0
OTT-84633,Basic,9.35,24.9,7,1,2,0,0,3,Yes,15,1
OTT-73451,Basic,8.29,36.1,1,1,1,7,1,0,No,4,0
OTT-23413,Basic,9.42,87.6,0,1,2,6,0,0,Yes,6,0
OTT-16293,Basic,8.31,28.4,0,2,2,1,0,2,Yes,39,0
OTT-48052,Standard,13.54,99.5,0,3,2,7,0,1,Yes,7,0
OTT-53300,Basic,8.3,6.8,14,1,1,0,0,0,No,32,0
OTT-31622,Basic,9.24,78.5,0,1,1,7,0,0,No,21,0
OTT-80398,Premium,22.95,92.5,0,4,4,2,2,0,No,5,0
OTT-62341,Basic,9.93,71.1,1,2,1,5,0,0,Yes,17,0
OTT-77318,Basic,9.48,68.1,5,1,2,2,0,0,No,21,0
OTT-19810,Standard,15.55,103.1,0,4,2,10,0,0,Yes,4,0
OTT-83355,Standard,15.67,52.7,2,2,3,9,0,0,Yes,43,0
OTT-28547,Premium,21.58,43.6,8,4,4,7,1,1,Yes,12,1
OTT-50341,Premium,20.68,59.0,1,4,4,2,0,0,Yes,8,0
OTT-49542,Standard,15.14,26.0,0,1,1,2,0,0,Yes,21,0
OTT-83849,Basic,8.27,15.6,7,1,1,1,0,0,Yes,23,0
OTT-34915,Standard,15.57,35.3,1,2,2,3,0,0,No,5,0
OTT-31667,Basic,8.81,60.8,4,1,1,7,1,0,Yes,39,0
OTT-40566,Standard,14.16,29.2,0,2,3,2,1,0,Yes,21,0
OTT-42472,Premium,22.52,116.0,0,3,4,6,1,0,Yes,3,0
OTT-26351,Basic,8.21,74.0,0,1,1,8,1,0,Yes,6,0
OTT-25871,Premium,22.91,15.4,7,5,4,4,1,0,Yes,22,0
OTT-30820,Standard,15.87,78.8,0,3,3,8,0,0,Yes,41,0
OTT-52073,Basic,9.21,106.0,4,1,2,8,0,0,Yes,25,0
OTT-40901,Premium,22.13,33.7,3,3,4,5,2,0,No,9,0
OTT-45285,Standard,13.58,53.4,3,4,2,5,2,2,Yes,30,0
OTT-74714,Basic,8.86,100.7,1,2,1,14,3,0,Yes,15,0
OTT-31683,Standard,15.7,1.4,14,4,4,4,0,0,Yes,6,0
OTT-91889,Basic,8.01,102.8,0,2,1,4,0,0,Yes,23,0
OTT-77659,Basic,8.57,109.0,3,1,2,6,1,2,Yes,1,0
OTT-25721,Standard,14.37,56.3,0,2,3,4,1,0,Yes,3,0
OTT-38245,Premium,22.02,91.1,5,5,3,6,1,0,No,10,0
OTT-26519,Standard,15.25,109.0,2,1,3,9,0,0,Yes,2,0
OTT-34552,Premium,20.19,33.4,0,3,4,10,3,0,No,27,0
OTT-42894,Premium,20.64,74.6,3,3,5,10,0,0,Yes,32,0
OTT-21779,Basic,9.64,27.6,6,2,1,0,0,2,Yes,6,1
OTT-11299,Standard,13.97,87.7,5,2,3,1,0,0,Yes,12,0
OTT-49493,Standard,14.21,79.3,0,1,2,6,1,0,Yes,17,0
OTT-73088,Basic,8.31,98.0,1,1,1,4,2,0,Yes,4,0
OTT-37266,Basic,9.5,3.1,20,2,1,2,1,1,Yes,1,1
OTT-87440,Standard,13.56,70.0,0,3,2,4,1,2,Yes,4,0
OTT-43234,Premium,20.9,95.2,4,4,2,9,1,0,Yes,1,0
OTT-91070,Premium,21.59,63.0,1,2,5,8,1,1,Yes,4,0
OTT-31239,Standard,13.51,25.8,7,2,2,0,1,0,Yes,4,0
OTT-58539,Standard,15.87,12.0,8,2,2,3,0,2,No,1,0
OTT-78683,Standard,15.66,32.4,2,1,4,10,1,0,No,38,0
OTT-15313,Premium,21.93,9.8,15,3,3,1,1,1,Yes,2,1
OTT-93699,Standard,14.59,92.2,6,3,1,4,1,0,Yes,6,0
OTT-42845,Premium,20.46,27.9,14,5,3,3,1,0,No,9,1
OTT-54813,Premium,21.65,48.7,9,3,5,4,1,1,Yes,6,0
OTT-66558,Basic,8.47,76.3,2,1,2,8,1,0,No,20,0
OTT-67869,Premium,21.9,49.4,8,5,4,2,1,0,Yes,6,0
OTT-12130,Standard,13.85,69.8,2,2,2,10,2,1,No,17,0
OTT-88044,Basic,9.42,102.8,6,1,1,11,1,0,Yes,7,0
OTT-66123,Basic,8.64,25.4,12,3,1,1,1,0,Yes,10,1
OTT-99893,Standard,14.74,6.2,23,2,2,0,2,0,Yes,19,0
OTT-52435,Basic,8.31,1.1,18,2,1,1,0,0,Yes,7,0
OTT-65215,Basic,8.5,108.7,5,1,2,9,0,0,Yes,4,0
OTT-49695,Standard,14.62,65.7,3,1,4,3,1,0,Yes,3,0
OTT-90079,Basic,8.91,87.2,5,1,2,1,1,0,Yes,8,0
OTT-84914,Basic,9.99,61.8,4,1,1,3,0,0,Yes,6,0
OTT-91773,Standard,14.33,5.0,19,1,1,1,0,0,Yes,2,0
OTT-55384,Basic,8.16,53.5,1,1,2,4,0,0,Yes,12,0
OTT-81229,Standard,14.8,4.9,14,4,1,3,0,1,Yes,2,0
OTT-42291,Basic,8.63,19.6,12,2,1,2,0,3,No,4,1
OTT-51483,Premium,22.62,118.7,2,2,2,8,0,0,Yes,18,0
OTT-78418,Basic,8.41,72.1,1,2,1,5,0,1,Yes,6,0
OTT-17303,Premium,22.56,75.8,2,4,3,12,2,0,No,46,0
OTT-73943,Standard,15.15,49.0,4,2,1,8,2,0,No,39,0
OTT-11422,Premium,20.55,76.4,4,3,4,10,0,2,Yes,38,0
OTT-62257,Standard,14.5,37.8,2,4,2,7,0,0,Yes,21,0
OTT-52947,Standard,14.72,22.9,12,2,2,1,1,3,Yes,2,1
OTT-52180,Basic,9.03,90.9,5,2,2,6,0,0,Yes,16,0
OTT-54487,Standard,14.48,12.8,11,3,2,3,3,3,No,7,1
OTT-54273,Standard,14.95,71.9,4,4,1,6,1,0,No,17,0
OTT-46662,Standard,15.28,47.1,1,1,2,8,0,1,Yes,2,0
OTT-50621,Basic,9.0,108.0,2,1,1,6,0,0,Yes,5,0
OTT-61134,Standard,15.0,14.0,10,2,2,3,1,1,No,2,1
OTT-78711,Standard,15.64,98.0,2,2,1,7,0,0,No,4,0
OTT-59694,Standard,14.73,8.7,15,4,4,3,0,0,Yes,1,0
OTT-67826,Standard,14.53,107.0,5,2,2,7,1,0,Yes,43,0
OTT-85294,Basic,8.49,85.3,1,2,1,7,0,3,Yes,4,0
OTT-99055,Standard,13.82,75.6,6,2,1,8,1,0,Yes,8,0
OTT-19779,Basic,8.57,62.5,3,1,1,10,0,1,Yes,46,0
OTT-74162,Standard,14.51,63.5,4,2,2,4,0,0,Yes,6,0
OTT-30265,Standard,15.4,8.0,12,2,3,2,1,0,Yes,12,0
OTT-27710,Basic,8.42,109.7,3,2,1,3,0,1,Yes,11,0
OTT-81369,Basic,9.39,72.0,1,1,1,10,1,0,Yes,6,0
OTT-16182,Standard,13.69,73.7,5,2,3,9,4,1,Yes,23,0
OTT-86304,Standard,13.89,37.9,0,3,2,3,1,0,Yes,39,0
OTT-79348,Basic,8.64,60.0,1,1,2,9,0,0,Yes,10,1
OTT-99533,Basic,8.93,12.4,9,1,1,1,0,1,No,43,0
OTT-70114,Basic,8.35,12.4,7,1,1,2,0,1,Yes,33,0
OTT-88561,Standard,13.77,70.2,0,1,4,8,2,1,Yes,1,0
OTT-20668,Basic,9.12,43.2,2,1,2,6,2,0,Yes,12,0
OTT-90090,Standard,14.52,80.7,2,2,2,4,0,1,Yes,20,0
OTT-24429,Standard,14.53,15.5,12,2,3,1,0,0,Yes,11,0
OTT-38291,Premium,20.91,80.6,5,5,2,5,1,0,Yes,21,0
OTT-21537,Premium,21.1,106.8,4,4,2,7,2,0,No,13,0
OTT-46149,Standard,13.95,81.0,2,2,2,5,1,0,Yes,34,0
OTT-77409,Standard,14.17,1.4,29,2,4,1,0,0,No,2,1
OTT-34127,Standard,14.85,103.8,3,2,2,7,2,0,Yes,20,0
OTT-83996,Premium,21.56,72.5,3,2,2,6,0,1,Yes,6,0
OTT-64566,Standard,15.75,85.2,5,1,2,7,0,0,No,23,0
OTT-66602,Basic,9.66,91.8,0,1,2,6,1,1,Yes,26,0
OTT-94491,Premium,20.01,52.4,3,4,4,12,0,1,Yes,39,0
OTT-48865,Basic,8.45,63.7,5,1,1,3,1,0,Yes,12,0
OTT-41017,Premium,22.65,44.7,3,4,5,6,1,0,Yes,19,0
OTT-99508,Basic,8.62,51.0,1,2,2,5,0,1,Yes,4,0
OTT-60129,Standard,14.68,45.8,0,1,2,4,1,0,No,2,1
OTT-65313,Premium,22.01,112.0,0,5,4,5,1,0,Yes,5,0
OTT-36666,Standard,14.85,12.4,12,2,2,1,1,0,No,38,0
OTT-29389,Standard,13.5,24.2,0,3,1,2,0,0,Yes,2,0
OTT-25281,Basic,8.4,24.1,5,1,1,4,2,0,Yes,25,0
OTT-30120,Basic,8.19,89.2,0,3,2,5,0,0,Yes,6,0
OTT-27566,Basic,8.33,34.6,4,1,2,5,0,1,Yes,22,0
OTT-77204,Standard,13.86,78.7,2,2,4,13,0,0,No,19,0
OTT-15215,Basic,9.24,39.7,4,2,2,4,1,0,Yes,19,0
OTT-66643,Basic,8.8,12.4,10,2,2,0,0,1,Yes,13,1
OTT-95435,Basic,8.12,93.0,2,1,2,0,1,2,Yes,11,0
OTT-78898,Premium,20.24,110.8,0,4,2,9,1,2,Yes,42,0
OTT-46258,Premium,22.84,86.5,0,4,4,7,2,1,Yes,10,0
OTT-15346,Basic,8.3,103.7,1,2,1,3,1,0,Yes,4,0
OTT-85070,Premium,20.75,105.4,2,5,3,5,1,1,Yes,2,0
OTT-10283,Standard,14.93,24.9,12,3,2,1,1,0,Yes,13,0
OTT-71318,Basic,8.36,10.7,8,2,2,1,1,0,No,13,1
OTT-70384,Basic,8.39,36.6,0,2,2,7,1,0,Yes,17,0
OTT-27272,Premium,20.21,133.7,2,2,3,7,2,0,No,12,0
OTT-76587,Basic,9.95,19.5,12,3,2,1,2,0,Yes,3,0
OTT-25791,Basic,9.2,19.0,11,2,1,1,1,2,Yes,48,1
OTT-30308,Premium,21.58,86.7,2,4,4,6,1,0,Yes,13,0
OTT-83078,Standard,15.71,86.8,1,2,3,7,2,0,Yes,21,0
OTT-98120,Standard,14.98,74.3,0,2,1,9,1,1,No,15,0
OTT-33823,Standard,14.15,35.2,5,2,1,7,1,0,Yes,25,0
OTT-92919,Standard,14.67,31.0,0,2,1,4,0,0,Yes,17,0
OTT-92194,Basic,8.95,48.6,4,2,1,10,0,0,Yes,45,0
OTT-79245,Standard,14.49,25.4,11,2,2,1,0,0,Yes,2,0
OTT-22604,Basic,9.5,57.4,3,1,1,6,0,1,Yes,11,1
OTT-36947,Basic,8.21,98.8,1,2,2,3,1,0,Yes,19,0
OTT-70993,Premium,20.47,95.5,2,4,4,8,1,0,No,9,0
OTT-99928,Basic,8.73,103.8,0,2,1,2,1,0,Yes,2,0
OTT-83301,Basic,8.13,99.8,2,1,1,5,1,2,Yes,8,0
OTT-47823,Basic,9.96,55.1,1,2,1,8,1,0,No,6,0
OTT-31172,Premium,21.48,30.0,13,5,5,3,1,0,Yes,25,0
OTT-96429,Premium,20.14,109.1,3,3,5,3,1,0,Yes,2,0
OTT-34858,Basic,9.21,8.9,8,1,1,2,1,0,Yes,4,0
OTT-40799,Basic,9.55,11.2,9,1,1,2,1,0,Yes,10,0
OTT-96805,Standard,14.51,86.2,1,2,4,8,2,0,Yes,1,0
OTT-60549,Standard,14.69,102.5,4,2,1,4,0,0,Yes,2,0
OTT-33813,Basic,9.39,48.7,4,2,1,9,1,0,Yes,11,0
OTT-10481,Basic,8.46,56.7,0,1,1,5,1,0,Yes,11,0
OTT-48695,Standard,14.98,98.9,1,4,2,3,0,0,Yes,5,0
OTT-98739,Basic,9.25,45.4,0,2,1,5,0,1,Yes,10,0
OTT-48925,Standard,15.5,26.5,9,3,4,0,1,0,Yes,21,0
OTT-72956,Basic,9.77,34.4,3,1,1,9,0,0,Yes,46,0
OTT-32772,Premium,22.81,27.8,8,3,4,1,1,1,Yes,4,0
OTT-79804,Standard,13.81,8.7,8,3,2,1,0,1,Yes,6,0
OTT-79820,Standard,15.53,30.2,1,3,2,1,0,0,Yes,32,0
OTT-64746,Standard,15.18,44.4,3,2,2,4,0,0,Yes,13,0
OTT-79465,Basic,8.73,79.7,1,3,1,11,1,0,Yes,2,0
OTT-62093,Basic,9.84,3.2,24,1,1,2,0,0,Yes,46,0
OTT-44048,Standard,15.64,26.8,10,3,3,1,0,0,Yes,1,0
OTT-76408,Standard,15.43,15.0,7,4,2,2,0,0,Yes,35,0
OTT-85160,Premium,20.16,92.9,1,4,3,8,0,1,Yes,13,0
OTT-85694,Basic,8.34,21.3,7,2,1,0,0,0,Yes,39,0
OTT-29176,Standard,15.79,10.7,12,2,2,1,1,0,Yes,44,0
OTT-70892,Basic,9.95,82.5,0,1,1,3,1,0,Yes,1,0
OTT-10387,Basic,8.54,32.6,4,1,1,5,0,0,No,27,0
OTT-61479,Basic,8.54,94.7,6,1,2,2,0,2,Yes,5,0
OTT-61404,Premium,21.82,87.0,5,3,4,4,2,2,No,21,0
OTT-42714,Standard,13.68,29.9,4,1,1,2,2,1,Yes,12,0
OTT-99466,Standard,14.98,22.2,7,1,1,1,0,0,No,1,0
OTT-89465,Standard,15.91,9.5,10,3,2,2,0,2,Yes,3,1
OTT-13477,Basic,8.58,107.8,0,1,1,2,0,0,Yes,2,0
OTT-28794,Basic,9.48,61.9,4,2,1,7,1,0,Yes,4,0
OTT-28719,Basic,9.04,15.7,7,2,1,1,1,0,Yes,6,0
OTT-90779,Basic,8.56,49.7,0,2,1,2,1,3,Yes,30,0
OTT-56701,Standard,14.52,61.6,5,4,1,4,1,0,Yes,14,0
OTT-75597,Basic,9.09,90.7,2,2,1,11,0,1,Yes,27,0
OTT-82893,Standard,15.39,67.8,5,2,1,3,0,2,Yes,29,0
OTT-79085,Premium,21.61,28.3,9,3,3,1,0,0,Yes,15,1
OTT-18013,Premium,22.77,27.4,8,2,3,0,1,0,Yes,5,0
OTT-22630,Basic,8.22,96.9,4,2,1,8,2,0,Yes,40,0
OTT-45570,Standard,15.88,68.5,3,3,1,11,0,0,No,7,0
OTT-40453,Basic,9.09,68.1,0,1,1,9,1,0,Yes,16,0
OTT-77236,Basic,8.77,44.2,3,3,1,10,0,1,Yes,31,0
OTT-24061,Standard,13.68,28.8,2,3,3,1,0,0,Yes,18,0
OTT-43438,Basic,8.58,51.6,0,2,1,6,1,0,Yes,11,0
OTT-31291,Standard,14.58,10.0,17,3,3,1,0,0,Yes,24,1
OTT-26995,Premium,22.8,83.9,3,6,5,7,1,1,Yes,16,0
OTT-25552,Basic,9.5,45.2,1,2,1,4,0,1,Yes,26,0
OTT-27594,Premium,20.17,97.2,4,4,4,5,0,0,Yes,4,0
OTT-60793,Basic,8.65,52.9,1,1,2,7,0,0,Yes,5,0
OTT-46903,Premium,21.46,28.7,19,6,5,1,1,1,Yes,7,0
OTT-49175,Standard,15.62,2.6,26,2,1,0,2,0,No,3,1
OTT-53147,Basic,9.54,36.7,0,1,1,10,1,0,Yes,39,0
OTT-76694,Basic,8.42,73.5,2,2,1,4,1,2,Yes,3,0
OTT-87562,Basic,8.09,86.6,0,1,1,5,2,0,Yes,9,0
OTT-57378,Standard,13.82,27.4,5,2,1,2,0,1,Yes,2,1
OTT-67802,Basic,9.0,21.9,7,3,2,2,1,0,No,27,0
OTT-76469,Premium,20.26,13.8,11,4,4,3,1,1,Yes,3,0
OTT-72135,Basic,8.49,24.2,7,1,1,0,1,1,Yes,6,0
OTT-22083,Premium,22.45,55.7,0,2,3,7,1,0,No,4,0
OTT-98467,Basic,8.79,35.5,1,1,1,3,0,0,Yes,16,0
OTT-24832,Standard,15.98,10.6,8,1,2,0,0,0,Yes,42,0
OTT-47065,Premium,22.26,25.8,11,2,3,0,0,0,Yes,47,0
OTT-68733,Basic,8.52,47.4,3,1,2,5,0,1,Yes,1,0
OTT-46301,Basic,8.01,63.3,3,1,2,5,0,0,Yes,23,0
OTT-31881,Standard,14.81,96.4,4,3,2,5,0,0,Yes,3,0
OTT-93100,Standard,15.25,31.2,5,2,2,4,1,0,Yes,20,0
OTT-16437,Premium,21.4,29.8,12,4,3,1,2,0,Yes,13,0
OTT-32128,Basic,9.8,32.0,1,2,2,6,0,1,No,6,0
OTT-99368,Premium,22.29,94.6,2,3,3,7,0,1,Yes,10,0
OTT-75682,Premium,21.55,84.1,2,3,3,7,1,2,Yes,37,0
OTT-17827,Standard,13.54,25.0,9,2,2,1,3,0,Yes,5,0
OTT-77910,Basic,8.67,22.6,13,3,1,0,2,0,Yes,5,1
OTT-97254,Basic,8.98,83.6,3,1,1,2,2,1,Yes,3,0
OTT-18800,Premium,20.74,62.8,0,4,2,8,2,3,No,5,0
OTT-47264,Standard,15.58,94.1,2,2,2,6,1,0,Yes,2,0
OTT-52140,Standard,14.55,22.6,5,2,3,5,0,0,Yes,15,0
OTT-21791,Premium,20.6,108.7,2,5,3,9,2,0,No,1,0
OTT-28050,Basic,9.55,93.7,2,1,1,7,1,0,Yes,18,0
OTT-25637,Standard,15.01,41.9,4,1,2,7,0,0,Yes,26,0
OTT-26683,Standard,13.98,14.2,13,2,2,1,0,0,No,47,0
OTT-46317,Premium,21.59,68.2,3,3,2,6,0,0,Yes,13,0
OTT-51744,Standard,15.23,24.4,8,3,2,1,0,2,Yes,4,0
OTT-31418,Standard,14.61,1.5,45,2,2,1,0,0,No,3,1
OTT-36048,Basic,8.59,54.0,5,1,2,4,0,0,No,2,0
OTT-27301,Premium,22.06,25.7,17,3,5,1,0,0,No,29,0
OTT-81644,Standard,15.21,22.6,10,2,2,1,0,0,Yes,48,0
OTT-29057,Basic,8.02,80.1,0,2,1,2,1,0,No,1,0
OTT-91683,Premium,20.69,107.7,0,4,4,8,0,0,Yes,5,0
OTT-58496,Basic,9.28,26.9,11,1,2,2,1,0,Yes,23,0
OTT-82244,Basic,8.44,44.5,4,2,1,7,0,0,Yes,3,0
OTT-67274,Premium,22.88,47.3,5,4,2,11,1,0,Yes,38,0
OTT-33942,Standard,13.9,79.2,2,3,2,3,0,0,Yes,2,0
OTT-64121,Premium,22.23,21.7,15,4,3,2,1,0,No,1,0
OTT-34671,Premium,22.98,101.6,5,4,4,8,2,0,Yes,20,0
OTT-20670,Standard,14.36,106.1,3,2,3,6,0,1,Yes,3,0
OTT-32925,Basic,9.2,62.3,0,2,1,5,1,0,Yes,5,0
OTT-34807,Premium,20.31,58.3,5,4,3,2,1,0,Yes,25,0
OTT-22153,Standard,15.04,109.5,4,2,2,9,0,0,Yes,6,0
OTT-12124,Standard,15.96,15.7,9,2,1,0,0,0,Yes,21,0
OTT-94940,Standard,15.92,32.0,1,1,2,1,1,0,Yes,8,0
OTT-56207,Basic,8.81,58.6,3,1,1,5,1,0,Yes,1,0
OTT-46183,Basic,9.63,29.7,3,2,1,0,1,0,Yes,6,0
OTT-93694,Standard,15.56,29.3,2,4,2,1,2,1,Yes,2,0
OTT-30221,Standard,14.31,1.5,14,3,2,3,1,0,Yes,5,1
OTT-46257,Standard,15.55,62.0,0,2,2,5,1,0,Yes,4,0
OTT-86199,Basic,8.31,17.2,7,2,2,2,0,0,Yes,41,0
OTT-66882,Basic,9.95,86.5,4,1,1,6,0,0,Yes,21,0
OTT-45927,Standard,15.65,69.9,5,1,2,5,0,0,Yes,40,0
OTT-33024,Basic,9.01,97.7,0,1,1,2,1,0,Yes,11,0
OTT-13160,Standard,14.45,98.8,2,2,2,8,0,0,Yes,14,0
OTT-17654,Standard,15.85,37.0,0,2,1,6,0,1,Yes,8,1
OTT-24574,Basic,8.13,25.6,3,1,2,3,0,1,Yes,4,1
OTT-80794,Standard,14.74,84.2,3,2,3,6,0,1,Yes,2,0
OTT-67531,Premium,21.45,28.3,7,6,4,2,1,0,Yes,23,0
OTT-49011,Basic,8.75,56.7,1,1,1,4,1,0,Yes,40,0
OTT-80460,Basic,8.22,9.1,8,1,1,1,0,0,Yes,11,0
OTT-24470,Basic,8.49,62.4,0,1,1,5,0,0,Yes,6,0
OTT-28983,Standard,15.95,61.6,0,1,2,11,1,0,No,47,0
OTT-45345,Premium,22.41,104.9,2,3,3,4,2,3,Yes,5,0
OTT-92564,Standard,15.59,20.9,11,2,2,2,2,0,Yes,30,0
OTT-65280,Premium,21.52,28.0,8,4,5,0,1,0,No,47,0
OTT-86588,Standard,15.14,18.2,9,4,2,0,1,0,Yes,41,0
OTT-32334,Basic,9.0,70.3,1,1,2,10,2,0,Yes,27,0
OTT-86353,Basic,9.34,41.9,2,1,1,6,2,0,Yes,4,0
OTT-16523,Standard,15.65,90.2,4,2,2,8,0,0,Yes,15,0
OTT-30489,Standard,14.1,63.1,1,2,3,9,0,0,Yes,46,0
OTT-57071,Standard,15.87,78.1,1,2,1,8,0,0,Yes,11,0
OTT-14548,Standard,15.77,8.6,11,3,3,3,1,1,No,2,1
OTT-87242,Basic,8.83,31.8,2,2,1,4,1,0,Yes,4,0
OTT-88067,Basic,9.94,73.9,0,1,1,3,0,0,Yes,4,0
OTT-58731,Standard,15.7,87.5,3,3,2,4,0,0,Yes,11,0
OTT-37521,Standard,13.59,50.2,0,2,2,3,1,0,No,23,0
OTT-18906,Premium,20.12,129.8,4,2,4,8,2,0,Yes,45,0
OTT-65701,Basic,9.4,10.3,20,3,1,2,0,0,Yes,36,0
OTT-58389,Premium,22.34,16.2,22,5,4,0,1,2,Yes,19,1
OTT-78396,Basic,8.49,78.3,2,1,1,5,2,1,Yes,2,1
OTT-64227,Basic,8.99,74.2,3,2,1,7,2,3,Yes,11,0
OTT-21546,Premium,21.61,42.9,9,4,4,8,0,0,Yes,2,0
OTT-20958,Premium,21.33,49.7,2,6,5,9,0,0,Yes,5,0
OTT-80274,Premium,20.2,47.6,9,3,5,8,1,0,Yes,6,0
OTT-24311,Basic,8.43,62.5,3,1,1,5,0,0,Yes,3,0
OTT-94465,Basic,9.62,10.3,18,2,1,2,1,0,No,1,1
OTT-19535,Standard,13.67,15.5,13,1,2,2,2,0,Yes,9,1
OTT-75553,Premium,21.86,36.4,5,5,4,5,1,0,No,4,0
OTT-97769,Standard,15.08,33.2,3,2,1,6,1,0,No,4,0
OTT-49709,Basic,9.9,35.8,5,2,2,3,1,0,Yes,1,1
OTT-15104,Standard,15.96,86.3,3,1,2,5,0,0,Yes,7,0
OTT-88900,Basic,9.88,24.8,0,2,1,1,0,0,Yes,22,0
OTT-26857,Basic,9.07,24.4,7,1,1,2,0,0,Yes,4,0
OTT-57470,Standard,13.59,21.8,11,1,3,2,0,0,Yes,4,0
OTT-98607,Basic,8.54,50.5,3,1,1,5,2,0,No,42,0
OTT-77028,Standard,14.68,67.9,3,3,1,6,2,0,Yes,11,0
OTT-14168,Standard,13.59,104.0,3,1,2,3,1,0,No,9,0
OTT-83844,Basic,8.06,28.1,2,1,1,0,0,0,Yes,17,0
OTT-24511,Basic,8.64,54.0,0,2,1,6,2,1,No,38,0
OTT-77441,Premium,21.15,72.5,2,3,3,6,0,2,Yes,39,0
OTT-65885,Standard,14.94,106.8,4,1,3,11,1,0,Yes,5,0
OTT-35906,Premium,22.79,132.8,0,4,5,8,2,0,No,17,0
OTT-48124,Basic,8.77,24.8,13,1,2,1,0,0,Yes,1,1
OTT-20605,Standard,13.61,55.6,0,3,1,5,0,2,Yes,13,0
OTT-98809,Premium,21.61,16.2,20,4,2,1,2,0,Yes,1,1
OTT-31450,Basic,8.71,1.7,45,2,2,0,1,0,No,2,1
OTT-37780,Basic,9.79,20.9,7,1,1,1,0,0,Yes,46,0
OTT-55258,Premium,21.28,115.2,2,4,3,3,0,0,Yes,45,0
OTT-70513,Basic,8.63,43.8,2,2,1,5,1,1,Yes,3,0
OTT-55474,Basic,9.44,97.7,0,2,1,5,1,0,Yes,43,0
OTT-55462,Premium,21.47,78.7,0,3,4,7,0,0,Yes,3,0
OTT-62437,Basic,9.1,98.7,5,1,1,6,0,0,Yes,15,0
OTT-87191,Standard,13.87,70.3,1,2,2,5,2,0,Yes,35,0
OTT-45558,Standard,14.43,43.8,2,2,1,7,1,0,Yes,3,0
OTT-84890,Standard,13.61,89.4,3,2,4,5,0,0,Yes,19,0
OTT-80819,Basic,9.5,32.1,2,2,2,5,3,0,Yes,9,0
OTT-96489,Basic,8.48,34.6,1,1,2,5,1,0,Yes,1,0
OTT-92182,Premium,20.35,60.9,5,6,3,4,0,0,Yes,20,0
OTT-81835,Premium,21.76,120.7,4,5,3,11,1,0,Yes,2,0
OTT-32205,Basic,9.15,98.7,0,2,1,0,0,0,Yes,16,0
OTT-79685,Basic,8.62,19.5,7,2,1,1,0,0,No,1,0
OTT-76286,Standard,15.9,13.6,9,1,1,2,1,0,Yes,5,0
OTT-36054,Basic,9.26,56.7,2,1,2,6,1,0,No,19,0
OTT-71016,Premium,22.77,13.4,28,5,2,0,1,0,Yes,4,0
OTT-32766,Premium,20.89,42.9,3,6,2,12,4,0,Yes,21,0
OTT-57077,Basic,9.09,95.9,5,1,2,4,0,0,Yes,14,0
OTT-81706,Premium,21.23,66.4,3,5,3,4,1,0,Yes,45,0
OTT-26967,Premium,21.23,12.9,14,4,5,2,2,0,No,2,1
OTT-40325,Standard,13.61,10.6,11,3,2,0,1,0,Yes,26,1
OTT-81570,Premium,20.65,119.7,2,5,4,3,0,1,Yes,10,0
OTT-50840,Basic,9.73,54.0,2,1,1,11,0,1,Yes,2,0
OTT-96455,Premium,22.54,108.2,1,3,3,9,1,0,Yes,45,0
OTT-10716,Basic,8.2,1.3,17,1,2,0,1,0,Yes,7,0
OTT-74964,Standard,13.54,68.6,0,2,3,6,0,0,Yes,22,0
OTT-83277,Standard,13.75,87.7,0,2,2,14,1,0,No,20,0
OTT-92606,Basic,9.27,27.8,0,2,1,2,2,0,Yes,13,0
OTT-24107,Standard,14.09,14.0,8,4,1,0,0,0,Yes,40,0
OTT-98575,Standard,15.4,14.4,8,1,3,1,2,0,Yes,8,1
OTT-45304,Standard,13.5,100.1,3,4,2,6,2,0,No,43,0
OTT-41684,Standard,15.28,80.5,1,1,2,5,0,1,No,8,0
OTT-41998,Basic,9.76,98.2,4,2,2,5,0,0,No,40,0
OTT-67439,Basic,8.08,55.0,1,2,1,7,1,0,Yes,33,0
OTT-69335,Basic,9.72,74.0,0,2,1,2,1,0,Yes,2,0
OTT-52653,Premium,22.74,90.1,3,5,2,9,1,0,No,6,0
OTT-16393,Standard,14.83,46.3,2,1,3,3,0,0,Yes,22,0
OTT-98795,Standard,14.2,59.2,1,3,2,2,3,0,Yes,14,0
OTT-29989,Standard,14.9,43.6,2,2,4,4,0,0,No,12,0
OTT-18442,Standard,14.27,23.4,2,2,1,2,0,1,Yes,46,0
OTT-63763,Basic,9.86,107.2,1,1,1,6,2,0,Yes,30,0
OTT-47113,Basic,9.08,106.3,3,1,1,7,2,0,Yes,14,0
OTT-65400,Standard,15.49,94.5,0,3,2,8,0,0,Yes,15,0
OTT-88797,Basic,9.21,37.4,0,2,1,8,0,1,No,6,1
OTT-18759,Premium,20.86,28.9,2,3,3,1,1,0,Yes,16,0
OTT-35564,Basic,8.99,11.9,9,1,1,1,2,0,Yes,6,1
OTT-56490,Standard,15.69,98.7,5,3,2,7,1,0,Yes,13,0
OTT-80900,Basic,8.76,35.5,2,2,1,9,2,0,Yes,9,1
OTT-64057,Standard,14.34,42.5,2,2,2,9,0,0,Yes,23,0
OTT-44450,Premium,22.86,107.2,0,3,3,6,0,2,Yes,15,0
OTT-64904,Basic,8.66,64.0,2,2,2,3,1,1,Yes,2,0
OTT-98197,Basic,9.71,79.6,4,1,1,3,1,0,Yes,5,0
OTT-53204,Standard,13.94,71.5,6,4,3,10,0,0,Yes,2,0
OTT-89516,Basic,9.57,7.3,15,1,1,1,1,0,Yes,34,0
OTT-80195,Basic,9.22,98.8,1,2,1,8,1,0,No,34,0
OTT-37118,Standard,13.79,41.2,3,2,4,8,0,0,No,3,0
OTT-32455,Basic,8.12,10.8,10,1,1,1,2,3,Yes,4,1
OTT-79316,Basic,8.59,5.5,14,1,2,2,0,1,No,9,0
OTT-28672,Basic,9.3,69.0,5,1,2,7,0,0,No,21,0
OTT-40316,Standard,14.39,65.2,2,3,1,7,1,0,Yes,4,0
OTT-31185,Premium,20.8,89.8,2,4,3,4,0,0,Yes,2,0
OTT-64572,Basic,9.15,64.8,1,2,1,8,0,0,No,11,1
OTT-36472,Basic,9.9,67.6,4,1,1,7,0,2,Yes,3,0
OTT-69262,Standard,13.79,104.0,0,4,2,8,2,0,Yes,1,0
OTT-94135,Premium,21.92,43.8,3,4,5,4,1,0,No,5,0
OTT-84662,Basic,9.81,104.9,5,1,2,2,0,0,Yes,13,0
OTT-95314,Standard,14.84,73.7,2,2,2,8,0,0,Yes,12,0
OTT-12200,Standard,15.9,26.2,4,2,1,3,0,1,Yes,1,0
OTT-50990,Basic,9.19,26.7,1,2,2,1,0,1,Yes,9,0
OTT-29813,Basic,9.34,72.3,5,1,1,11,0,0,No,18,0
OTT-92607,Standard,15.47,8.6,23,2,2,1,0,1,Yes,43,1
OTT-74071,Basic,8.39,67.8,4,2,1,5,1,0,Yes,31,0
OTT-38819,Basic,9.11,61.5,0,3,2,4,2,0,Yes,4,0
OTT-60716,Standard,15.03,13.5,9,1,2,4,2,2,No,46,1
OTT-64488,Basic,8.23,75.4,5,2,1,8,1,0,Yes,18,0
OTT-54603,Basic,8.9,101.0,2,1,1,9,2,0,No,20,0
OTT-52691,Basic,9.53,59.2,4,1,1,6,1,2,Yes,6,0
OTT-14968,Premium,20.11,26.0,31,4,4,0,0,0,No,1,0
OTT-50721,Standard,14.52,23.5,3,2,2,0,1,0,Yes,6,0
OTT-41344,Basic,8.28,17.0,7,1,1,1,1,0,No,47,0
OTT-83641,Basic,8.34,89.0,2,1,1,9,0,1,Yes,23,0
OTT-87858,Premium,21.53,102.9,0,5,4,3,2,0,Yes,10,0
OTT-77536,Standard,13.56,69.3,0,3,2,4,0,0,Yes,15,0
OTT-12780,Standard,14.55,71.9,3,1,1,11,0,0,Yes,1,0
OTT-85709,Basic,8.04,34.2,3,1,1,13,0,0,Yes,1,1
OTT-45678,Basic,9.84,48.0,3,1,1,4,1,0,Yes,20,0
OTT-47472,Basic,9.76,80.7,1,2,1,8,1,0,Yes,23,0
OTT-95062,Premium,20.62,98.0,2,4,4,5,2,0,No,34,0
OTT-88055,Premium,20.19,49.4,0,3,5,11,3,0,Yes,17,0
OTT-14579,Basic,8.49,106.6,0,1,1,13,0,0,Yes,16,1
OTT-42384,Standard,13.56,11.5,16,1,3,1,1,2,Yes,42,1
OTT-77472,Premium,22.19,52.0,3,3,3,8,1,0,Yes,5,0
OTT-58495,Premium,21.71,33.5,0,3,4,6,2,0,Yes,8,0
OTT-33184,Standard,14.85,14.8,10,3,3,0,1,0,Yes,15,0
OTT-57229,Basic,9.69,106.4,1,2,2,3,1,0,No,6,0
OTT-87993,Premium,22.42,83.1,1,3,3,7,1,1,Yes,3,0
OTT-30095,Basic,8.81,14.3,12,1,2,1,1,0,Yes,2,0
OTT-77145,Basic,9.21,100.7,1,1,1,6,1,0,Yes,5,0
OTT-76127,Basic,8.87,10.7,12,1,1,2,0,0,Yes,23,1
OTT-89712,Standard,15.05,11.4,16,1,2,1,0,2,Yes,6,0
OTT-36814,Basic,8.29,93.2,3,2,1,6,1,0,Yes,12,0
OTT-29433,Standard,14.24,5.2,14,3,1,0,0,0,Yes,1,1
OTT-59288,Premium,20.75,110.6,2,5,4,4,1,0,Yes,2,0
OTT-57815,Standard,13.91,88.5,0,2,2,5,2,1,No,4,0
OTT-46857,Premium,21.23,84.5,0,4,2,4,1,0,No,5,0
OTT-80133,Premium,22.17,116.5,0,3,3,10,1,0,No,38,0
OTT-81913,Standard,14.48,66.0,0,2,1,9,2,0,Yes,5,0
OTT-32112,Standard,15.95,96.1,3,1,1,8,0,0,Yes,3,0
OTT-81596,Premium,20.9,104.8,2,3,3,6,0,1,No,5,0
OTT-30766,Standard,15.86,101.8,0,1,2,4,1,0,Yes,3,0
OTT-46686,Basic,8.38,92.2,0,2,2,3,0,0,Yes,13,0
OTT-12446,Premium,20.95,110.9,1,5,3,3,1,0,No,33,0
OTT-40635,Standard,13.9,3.0,23,4,3,0,1,0,No,1,1
OTT-96265,Premium,20.7,51.5,4,4,4,3,0,0,Yes,17,0
OTT-49830,Basic,8.3,61.8,5,2,1,11,1,0,Yes,19,0
OTT-73900,Basic,9.24,12.9,8,1,1,2,1,0,Yes,30,0
OTT-19713,Standard,13.99,100.9,2,3,3,9,2,0,Yes,22,0
OTT-67199,Standard,13.7,37.8,4,2,2,7,3,1,Yes,3,0
OTT-43441,Basic,8.52,62.4,5,1,1,9,0,0,Yes,23,0
OTT-76958,Premium,22.03,74.1,2,4,3,6,0,0,Yes,46,0
OTT-93520,Standard,14.56,98.8,0,3,3,4,0,0,Yes,10,0
OTT-57844,Basic,8.3,3.9,16,1,2,1,0,0,No,42,0
OTT-19254,Standard,13.65,107.3,2,3,3,3,1,1,Yes,42,0
OTT-52851,Basic,9.45,47.7,2,1,1,5,2,0,Yes,6,0
OTT-21079,Standard,15.25,36.3,3,3,1,11,0,0,No,37,0
OTT-50457,Basic,8.91,13.1,8,1,1,1,0,1,Yes,16,0
OTT-15503,Basic,9.05,99.5,3,1,1,10,0,1,Yes,16,0
OTT-67638,Premium,20.71,46.3,3,4,4,6,1,0,Yes,10,0
OTT-37940,Basic,8.96,24.8,3,1,1,1,1,1,Yes,25,1
OTT-28137,Standard,15.31,4.2,18,3,3,0,0,0,Yes,15,0
OTT-11557,Standard,15.42,69.9,2,1,2,4,0,0,Yes,12,0
OTT-89924,Basic,8.67,53.4,3,2,1,2,0,0,Yes,5,1
OTT-85346,Premium,22.03,55.9,2,6,2,7,1,0,Yes,20,0
OTT-83056,Basic,8.96,54.0,6,1,1,6,1,0,Yes,48,0
OTT-15232,Standard,15.34,21.9,7,3,1,0,1,0,Yes,14,0
OTT-41460,Standard,15.22,60.4,6,2,2,8,0,0,No,3,0
OTT-97420,Standard,15.37,19.5,8,1,1,0,2,0,No,38,0
OTT-62074,Basic,8.32,105.3,2,1,1,4,1,0,Yes,42,0
OTT-21564,Premium,20.96,111.0,0,4,3,8,1,0,No,16,0
OTT-22692,Premium,20.78,104.9,1,4,3,7,0,0,Yes,4,0
OTT-33679,Standard,14.61,47.3,3,2,1,5,0,0,Yes,9,0
OTT-97510,Standard,14.65,67.0,0,2,2,8,1,0,Yes,3,0
OTT-25264,Basic,9.32,14.9,7,2,1,3,1,0,Yes,2,0
OTT-91259,Basic,9.13,64.6,4,2,1,10,0,0,Yes,14,0
OTT-71020,Standard,14.94,31.8,1,3,4,8,0,0,Yes,31,0
OTT-92969,Basic,9.26,67.6,0,2,1,3,0,1,Yes,3,0
OTT-84340,Standard,14.17,68.3,5,2,1,6,1,0,Yes,37,0
OTT-39894,Basic,8.44,72.6,4,2,2,7,0,0,Yes,28,0
OTT-84509,Basic,8.42,12.7,7,1,1,0,1,0,Yes,6,0
OTT-25221,Basic,9.55,41.5,3,1,1,7,0,1,Yes,4,0
OTT-36186,Basic,8.18,54.4,4,2,1,9,3,0,Yes,9,0
OTT-29059,Standard,14.28,69.3,1,3,1,2,0,0,Yes,39,0
OTT-21985,Standard,14.19,1.2,32,2,4,0,2,0,No,2,0
OTT-18100,Basic,9.17,8.8,16,2,2,1,0,0,Yes,7,0
OTT-26865,Basic,9.84,73.5,1,2,2,3,0,0,Yes,20,0
OTT-20809,Basic,9.75,10.3,10,1,1,2,0,1,Yes,22,1
OTT-44237,Standard,13.75,41.7,0,3,2,7,1,0,Yes,8,0
OTT-16417,Basic,9.07,7.7,22,1,1,3,2,2,No,2,1
OTT-15514,Standard,13.58,18.6,10,4,2,1,0,0,No,6,0
OTT-99083,Standard,15.47,51.8,2,1,1,9,1,0,Yes,5,0
OTT-17892,Basic,8.74,37.1,4,2,1,10,0,0,Yes,38,0
OTT-16665,Basic,8.42,11.1,14,2,1,1,0,0,Yes,48,0
OTT-12709,Basic,8.96,5.9,14,1,2,0,2,0,Yes,38,1
OTT-21928,Basic,8.86,40.7,6,2,2,8,1,0,No,3,0
OTT-57512,Basic,9.88,22.4,7,1,1,1,2,0,Yes,16,0
OTT-84452,Premium,20.09,72.6,1,2,4,12,0,0,Yes,2,0
OTT-76139,Basic,9.89,45.4,2,2,2,6,2,0,Yes,1,1
OTT-62221,Basic,8.46,24.5,10,1,1,0,1,0,Yes,6,0
OTT-17652,Premium,20.43,122.5,1,6,3,5,0,0,No,45,0
OTT-79696,Premium,22.22,89.8,0,4,3,8,0,1,Yes,3,0
OTT-13352,Standard,14.8,2.2,25,3,1,0,0,1,Yes,13,1
OTT-66781,Standard,15.73,5.0,21,3,2,1,0,0,Yes,35,1
OTT-46839,Basic,9.08,8.0,17,2,1,0,0,0,Yes,16,1
OTT-89394,Premium,21.51,108.1,1,4,4,6,1,0,Yes,1,0
OTT-37677,Standard,14.01,85.4,6,2,3,7,0,1,Yes,44,0
OTT-67461,Standard,15.86,25.6,5,1,1,0,1,0,Yes,15,0
OTT-49599,Basic,9.32,30.7,1,1,1,5,0,0,Yes,8,0
OTT-56990,Basic,9.19,22.2,7,2,2,1,0,0,Yes,22,0
OTT-94490,Standard,15.47,68.8,0,4,3,6,1,0,No,32,0
OTT-74146,Basic,8.19,105.0,2,1,2,6,0,2,Yes,18,0
OTT-47309,Standard,15.66,2.1,15,2,1,2,2,0,Yes,22,0
OTT-50264,Basic,8.99,109.1,0,1,1,9,0,0,Yes,14,0
OTT-73410,Standard,15.5,33.8,2,2,1,5,0,0,No,2,1
OTT-41145,Basic,9.42,24.8,0,1,1,1,1,0,Yes,33,0
OTT-25107,Premium,21.34,126.0,5,6,2,8,1,0,Yes,6,0
OTT-52088,Standard,15.41,66.4,3,2,2,5,0,0,Yes,3,0
OTT-16140,Standard,15.29,47.2,1,2,4,7,1,0,Yes,3,0
OTT-25274,Basic,8.0,72.3,4,2,1,2,0,0,Yes,1,0
OTT-47863,Standard,15.26,15.6,11,1,1,1,0,1,Yes,8,1
OTT-81690,Basic,9.01,27.8,7,2,2,3,0,0,Yes,21,0
OTT-80326,Basic,9.67,90.1,2,2,1,6,0,0,Yes,5,0
OTT-33463,Basic,9.61,79.7,6,2,1,3,0,0,No,1,0
OTT-47973,Basic,8.33,50.3,3,3,1,9,1,0,Yes,40,0
OTT-23817,Premium,20.06,14.7,10,4,3,2,0,0,Yes,32,0
OTT-77971,Basic,8.38,92.2,1,2,1,7,2,0,No,18,0
OTT-32171,Premium,22.21,34.1,11,6,5,6,2,0,Yes,1,0
OTT-81956,Premium,22.6,55.8,3,5,4,10,0,0,Yes,5,0
OTT-85785,Standard,15.24,73.8,1,2,4,7,0,0,Yes,5,0
OTT-72016,Basic,9.63,88.6,0,1,1,6,1,3,Yes,6,0
OTT-39717,Standard,14.96,58.0,1,2,1,0,1,1,Yes,36,0
OTT-95760,Premium,21.51,97.8,2,5,4,6,1,0,Yes,7,0
OTT-71743,Basic,9.93,27.5,8,1,1,2,0,0,Yes,4,0
OTT-68124,Basic,8.15,46.8,1,2,1,4,2,1,Yes,46,0
OTT-87076,Basic,8.83,25.9,1,2,1,1,1,0,Yes,19,0
OTT-89331,Basic,8.55,41.5,2,2,1,3,2,0,Yes,4,1
OTT-16996,Basic,8.23,61.3,0,1,1,3,1,0,Yes,11,0
OTT-89338,Basic,9.2,90.4,5,1,2,5,0,0,Yes,3,0
OTT-78851,Standard,14.15,58.9,4,4,3,7,1,0,No,25,0
OTT-28586,Standard,14.65,73.8,0,2,3,10,1,1,Yes,4,0
OTT-37689,Basic,8.26,71.8,1,2,1,7,0,1,Yes,16,0
OTT-77739,Premium,21.16,87.0,2,6,2,6,2,3,Yes,2,0
OTT-29495,Basic,8.39,36.0,0,1,2,7,0,0,Yes,46,0
OTT-50716,Basic,9.78,28.0,2,1,2,4,0,0,Yes,19,0
OTT-72000,Basic,9.03,39.9,1,1,1,6,0,0,No,17,0
OTT-68543,Basic,9.59,45.8,4,2,1,8,0,0,Yes,3,0
OTT-91880,Standard,14.7,38.5,2,3,1,3,0,0,Yes,26,0
OTT-20038,Basic,8.07,38.9,1,1,1,3,0,0,Yes,22,0
OTT-36551,Premium,22.07,44.4,13,4,3,4,3,0,Yes,5,0
OTT-98638,Premium,20.13,71.8,2,4,4,10,0,0,Yes,34,0
OTT-61194,Basic,8.78,44.0,1,1,1,10,1,2,Yes,4,0
OTT-32383,Standard,14.86,12.7,7,2,2,1,0,0,Yes,1,0
OTT-36084,Standard,15.44,34.6,2,3,2,7,1,0,Yes,14,0
OTT-40528,Premium,22.69,19.5,19,2,3,2,0,0,Yes,5,0
OTT-59885,Basic,8.4,63.9,2,2,1,8,1,2,Yes,14,0
OTT-35608,Standard,15.15,21.3,11,2,2,1,3,0,Yes,3,0
OTT-65966,Basic,8.93,55.3,2,2,2,7,2,0,Yes,1,0
OTT-50073,Basic,9.53,29.5,2,2,1,4,1,0,Yes,1,0
OTT-64929,Premium,22.81,20.8,26,5,5,1,1,0,No,1,1
OTT-23960,Basic,9.06,8.8,10,2,1,2,0,0,Yes,26,0
OTT-66118,Basic,8.56,54.3,2,1,2,9,4,0,Yes,14,0
OTT-93225,Basic,9.59,73.5,5,1,1,4,1,0,Yes,22,0
OTT-22157,Premium,21.57,104.4,1,5,5,8,0,3,Yes,1,0
OTT-39469,Basic,9.75,6.3,14,2,2,2,1,0,Yes,21,0
OTT-72417,Basic,9.12,92.3,1,1,1,5,0,0,Yes,3,0
OTT-65565,Standard,15.83,64.2,1,3,2,8,0,0,Yes,4,0
OTT-70726,Basic,8.03,10.2,21,2,1,2,1,0,Yes,9,0
OTT-60360,Basic,9.47,43.7,0,1,1,2,0,0,Yes,22,0
OTT-71432,Standard,14.36,63.6,0,3,2,5,1,0,Yes,39,0
OTT-64844,Premium,22.0,35.3,5,6,3,4,2,0,Yes,33,0
OTT-16666,Standard,15.85,72.9,0,1,1,6,0,0,Yes,25,0
OTT-77614,Basic,9.3,57.4,2,1,1,7,1,2,Yes,2,0
OTT-50215,Basic,9.48,2.4,35,1,2,1,0,0,Yes,4,1
OTT-14630,Standard,13.89,22.8,10,4,3,0,0,0,Yes,6,0
OTT-46812,Basic,8.33,60.1,2,1,2,7,0,0,Yes,40,0
OTT-49165,Standard,14.92,75.5,0,2,1,7,1,3,Yes,40,0
OTT-17803,Standard,14.57,86.4,2,1,4,5,0,0,Yes,32,0
OTT-99646,Premium,20.32,101.2,0,4,3,10,0,0,Yes,2,0
OTT-30012,Basic,9.45,31.3,6,1,1,8,2,0,Yes,48,0
OTT-39758,Premium,22.09,92.6,0,3,2,6,0,0,Yes,8,0
OTT-49686,Basic,8.17,103.4,2,2,1,5,2,0,No,44,0
OTT-84924,Standard,13.61,47.0,2,2,2,6,1,0,Yes,20,0
OTT-76860,Basic,8.75,77.3,1,1,2,0,0,0,Yes,4,0
OTT-79385,Standard,15.07,46.8,2,4,3,9,1,1,Yes,4,0
OTT-31335,Basic,9.78,92.7,1,1,1,3,1,0,Yes,48,0
OTT-86088,Basic,8.86,87.4,0,3,1,5,0,0,Yes,13,0
OTT-84676,Basic,8.16,11.4,17,2,1,0,1,0,Yes,3,1
OTT-51746,Basic,9.67,83.5,3,1,1,2,2,0,Yes,1,0
OTT-59121,Premium,20.36,83.0,1,4,5,9,0,2,Yes,1,0
OTT-13342,Premium,21.9,76.4,5,3,3,6,1,0,No,47,0
OTT-78437,Standard,14.52,90.6,2,3,1,3,2,0,Yes,5,0
OTT-96482,Standard,15.76,86.9,4,2,2,8,3,1,No,5,0
OTT-52529,Basic,9.4,2.3,18,1,1,0,0,0,No,38,0
OTT-58644,Basic,7.99,48.3,1,2,1,3,1,0,Yes,21,0
OTT-54926,Basic,8.74,82.1,0,2,1,10,0,0,Yes,1,0
OTT-17437,Standard,13.94,10.0,13,3,2,2,0,0,Yes,2,0
OTT-65774,Premium,20.84,94.1,1,4,3,6,0,0,No,4,0
OTT-74929,Basic,8.79,98.0,3,2,1,3,2,0,Yes,1,0
OTT-93516,Basic,9.07,15.4,8,1,2,0,2,2,Yes,4,1
OTT-93679,Basic,9.59,12.4,8,2,1,1,0,0,Yes,6,1
OTT-54262,Standard,13.71,25.1,10,3,1,0,1,1,No,23,0
OTT-96307,Basic,8.87,64.4,2,2,1,8,0,0,Yes,34,0
OTT-57578,Basic,9.69,95.2,0,2,1,9,2,0,Yes,35,0
OTT-67783,Basic,8.85,9.6,8,1,1,1,0,0,Yes,6,1
OTT-64179,Basic,9.03,40.6,3,1,1,3,1,0,Yes,2,1
OTT-99880,Standard,15.44,8.0,10,4,2,1,1,0,Yes,43,0
OTT-76375,Premium,22.13,76.6,1,6,3,6,1,0,Yes,32,0
OTT-20800,Basic,9.01,99.6,4,1,1,8,0,1,Yes,12,0
OTT-16466,Basic,9.92,78.8,0,1,1,9,0,0,No,6,0
OTT-46888,Basic,8.06,23.6,4,1,1,0,0,1,Yes,1,1
OTT-56411,Standard,13.63,24.2,1,3,2,0,1,0,Yes,19,0
OTT-70175,Standard,14.56,85.4,2,2,1,7,0,0,Yes,15,0
OTT-53342,Standard,13.88,30.2,1,3,1,5,1,0,Yes,5,0
OTT-56317,Standard,14.03,41.4,6,1,1,8,1,0,Yes,43,0
OTT-92950,Premium,20.44,92.6,5,4,4,5,1,1,Yes,19,0
OTT-40138,Basic,9.37,43.9,5,1,1,6,1,0,Yes,18,0
OTT-54415,Basic,8.83,65.1,2,1,1,4,1,0,Yes,6,0
OTT-60164,Basic,9.66,56.8,1,2,1,2,1,0,Yes,34,0
OTT-52148,Standard,14.12,52.3,3,3,2,5,0,2,Yes,11,0
OTT-97129,Basic,9.24,44.2,3,1,1,6,0,0,Yes,3,0
OTT-96597,Premium,20.63,82.8,0,5,3,6,1,0,No,18,0
OTT-56180,Standard,13.53,38.1,4,4,3,6,1,1,Yes,15,0
OTT-50551,Premium,22.06,134.4,6,5,5,4,0,0,Yes,27,0
OTT-63006,Premium,20.43,35.7,8,3,4,4,1,0,Yes,5,1
OTT-26279,Standard,15.22,2.6,27,2,1,3,1,0,Yes,26,1
OTT-48337,Premium,22.06,26.6,8,2,4,0,1,0,Yes,17,1
OTT-29522,Standard,15.16,45.1,4,4,2,5,1,0,Yes,3,0
OTT-22964,Basic,9.17,17.7,9,1,1,0,0,1,Yes,2,1
OTT-18566,Standard,15.7,22.7,10,4,2,2,0,0,Yes,5,0
OTT-62835,Premium,20.22,18.4,9,5,4,0,0,0,Yes,3,0
OTT-10051,Standard,15.82,37.1,4,2,2,6,1,2,Yes,15,0
OTT-68154,Standard,13.65,90.1,0,2,1,5,0,1,Yes,9,0
OTT-48874,Basic,8.98,53.1,3,1,1,3,0,0,Yes,1,0
OTT-42983,Premium,22.76,122.5,0,3,3,6,3,0,Yes,48,0
OTT-79231,Basic,8.53,33.7,0,1,1,7,1,0,Yes,6,0
OTT-58486,Standard,15.58,93.5,6,1,1,10,1,0,Yes,13,0
OTT-76011,Standard,14.97,7.8,18,2,3,4,1,0,Yes,24,0
OTT-73851,Standard,15.64,36.8,5,3,3,7,0,0,Yes,26,0
OTT-12893,Basic,8.09,23.1,5,1,1,0,1,0,Yes,12,0
OTT-29394,Standard,14.88,99.6,1,2,3,7,1,3,Yes,8,0
OTT-61297,Basic,8.37,13.8,9,2,1,2,2,0,No,5,0
OTT-97798,Basic,8.03,43.2,0,2,1,5,1,0,Yes,6,0
OTT-23885,Basic,9.37,38.2,0,1,1,5,0,0,Yes,12,0
OTT-19500,Standard,15.36,53.2,3,2,2,6,0,0,Yes,3,0
OTT-94695,Basic,9.46,68.1,6,1,1,5,1,0,Yes,5,0
OTT-97011,Basic,9.44,17.6,7,1,1,0,0,0,No,4,0
OTT-25062,Premium,22.39,126.8,6,5,4,4,5,2,Yes,34,0
OTT-46153,Standard,14.66,11.9,13,1,1,0,0,0,Yes,43,1
OTT-66396,Premium,21.03,97.7,3,3,3,9,0,0,Yes,38,0
OTT-27570,Standard,15.42,11.0,18,1,1,1,3,0,Yes,18,0
OTT-39361,Basic,9.32,25.2,1,2,1,0,0,0,Yes,1,0
OTT-45575,Standard,13.99,88.1,4,2,2,4,1,0,Yes,4,0
OTT-67739,Basic,8.86,46.2,4,1,1,3,2,0,Yes,8,0
OTT-37725,Premium,20.54,70.4,5,3,4,8,1,0,Yes,20,0
OTT-47102,Basic,9.55,27.4,2,2,2,1,0,0,Yes,5,0
OTT-36062,Premium,20.73,11.3,15,5,5,1,3,0,Yes,13,0
OTT-78367,Standard,15.05,31.9,2,3,1,10,2,0,Yes,13,1
OTT-23772,Premium,22.2,60.4,0,5,5,4,2,1,Yes,6,0
OTT-30760,Basic,9.97,24.9,2,3,1,2,2,0,Yes,1,1
OTT-32498,Standard,14.57,11.3,15,2,1,1,1,0,Yes,17,0
OTT-91520,Basic,9.73,3.1,28,2,1,0,1,1,Yes,16,1
OTT-95001,Premium,21.98,10.9,26,5,3,0,1,1,Yes,46,0
OTT-55018,Basic,8.01,4.6,16,1,1,1,0,0,Yes,7,0
OTT-24075,Basic,8.77,105.0,1,1,1,4,0,2,Yes,7,0
OTT-78047,Standard,14.48,11.7,15,2,2,1,3,1,No,46,1
OTT-54287,Standard,13.79,91.9,1,3,2,9,0,0,Yes,1,0
OTT-86474,Standard,14.58,21.6,12,3,2,1,1,0,Yes,20,0
OTT-42399,Standard,13.78,50.9,5,3,3,6,0,0,Yes,20,0
OTT-99893,Basic,9.66,25.7,11,1,1,1,0,0,Yes,13,0
OTT-82629,Standard,14.39,1.7,25,1,2,0,0,0,No,3,1
OTT-30154,Basic,8.36,20.6,11,1,2,1,1,0,Yes,35,0
OTT-75298,Standard,14.99,11.5,10,2,4,0,2,0,Yes,48,0
OTT-35820,Basic,9.71,23.9,5,1,1,3,1,3,Yes,3,0
OTT-41480,Basic,9.86,108.9,2,1,1,7,1,0,No,3,0
OTT-32538,Premium,22.67,28.2,9,6,4,2,0,0,Yes,5,0
OTT-71399,Premium,22.64,111.8,0,5,2,7,1,1,Yes,44,0
OTT-33658,Premium,21.03,52.8,5,4,2,10,0,1,Yes,20,0
OTT-67491,Standard,14.75,59.1,1,1,2,6,0,0,Yes,5,0
OTT-62419,Basic,8.73,47.0,2,1,2,7,1,0,Yes,39,0
OTT-77571,Basic,9.83,95.5,2,1,1,6,2,0,Yes,3,0
OTT-99416,Basic,8.18,17.7,7,1,1,0,0,1,Yes,22,0
OTT-10793,Standard,14.88,55.8,1,1,1,3,0,0,Yes,6,0
OTT-99124,Basic,8.48,35.0,0,2,1,10,0,0,Yes,8,0
OTT-19841,Premium,22.54,37.5,7,3,3,5,1,0,Yes,17,0
OTT-57409,Basic,8.67,15.2,11,2,1,0,0,0,No,1,1
OTT-40679,Basic,9.72,91.3,4,2,2,6,0,0,Yes,11,0
OTT-67511,Premium,22.77,124.8,0,4,2,12,1,1,Yes,32,0
OTT-74955,Basic,8.33,1.3,25,1,1,3,0,0,Yes,23,0
OTT-87396,Basic,9.5,5.5,16,2,1,0,2,0,Yes,29,0
OTT-46177,Standard,14.36,107.8,4,4,2,3,1,0,No,11,0
OTT-93963,Premium,21.2,31.1,9,5,3,8,0,0,Yes,36,0
OTT-39018,Basic,8.54,77.3,2,1,1,7,0,1,Yes,1,1
OTT-28347,Basic,9.22,10.7,12,2,1,1,0,1,Yes,47,0
OTT-44121,Basic,8.68,59.7,5,1,1,5,3,0,Yes,3,0
OTT-57568,Standard,15.34,43.3,0,2,3,3,0,0,Yes,4,0
OTT-70133,Basic,9.55,43.4,1,1,1,5,0,0,Yes,6,0
OTT-84954,Standard,14.48,42.6,1,2,2,6,0,0,Yes,4,0
OTT-30236,Standard,13.5,63.8,6,3,2,4,0,0,Yes,43,0
OTT-37287,Premium,20.19,75.2,0,4,5,11,0,2,No,32,0
OTT-94480,Standard,14.17,24.3,7,4,2,1,0,1,Yes,29,0
OTT-49582,Standard,15.87,61.5,2,1,2,13,0,0,No,4,0
OTT-31741,Standard,14.47,9.1,7,1,1,0,1,0,Yes,24,0
OTT-98704,Basic,9.48,16.8,11,1,2,0,2,1,No,14,0
OTT-50406,Basic,9.86,30.7,5,1,2,10,0,0,Yes,5,0
OTT-98653,Standard,14.34,34.9,0,2,4,4,1,0,Yes,23,0
OTT-92737,Basic,9.11,33.9,1,1,1,4,2,0,Yes,15,0
OTT-91548,Basic,9.69,91.8,1,1,1,3,1,0,Yes,6,0
OTT-62364,Basic,9.22,16.6,11,1,1,1,0,0,Yes,16,0
OTT-81859,Basic,8.21,22.1,5,1,1,1,1,1,No,7,0
OTT-96449,Basic,9.53,67.0,6,1,2,5,0,0,Yes,6,0
OTT-34221,Standard,15.75,39.7,2,2,3,5,0,0,Yes,18,0
OTT-13397,Standard,15.41,85.1,2,3,1,3,1,0,No,10,0
OTT-38876,Basic,9.5,104.9,4,2,1,3,0,0,No,8,0
OTT-67320,Standard,15.38,37.0,0,2,1,2,0,0,Yes,41,0
OTT-59254,Basic,9.22,13.5,8,1,2,0,0,0,Yes,42,0
OTT-17252,Premium,20.73,101.3,6,4,5,9,1,0,No,7,0
OTT-60469,Standard,15.77,77.6,0,2,2,12,1,0,Yes,17,0
OTT-25695,Standard,13.81,24.6,7,2,1,0,1,0,Yes,7,0
OTT-55494,Standard,15.56,79.1,3,2,2,7,1,0,Yes,10,0
OTT-61812,Standard,14.39,11.8,10,2,2,1,0,0,Yes,3,0
OTT-67299,Basic,9.34,95.5,1,1,2,2,0,0,Yes,7,0
OTT-47129,Basic,9.6,36.2,0,1,2,6,1,0,No,19,0
OTT-46748,Premium,22.39,51.9,3,5,3,11,1,0,Yes,17,0
OTT-71070,Premium,20.47,132.8,1,5,3,5,2,0,Yes,26,0
OTT-77424,Standard,15.02,73.4,2,3,1,9,2,0,Yes,11,0
OTT-82695,Premium,20.63,38.5,12,3,4,3,1,1,Yes,2,0
OTT-40019,Basic,8.21,44.6,1,2,1,3,0,0,Yes,1,0
OTT-48166,Standard,14.77,29.5,4,4,2,0,0,0,Yes,4,0
OTT-39760,Standard,15.96,71.3,0,3,2,7,2,0,Yes,6,0
OTT-57478,Basic,9.95,98.6,0,1,1,4,0,0,Yes,17,0
OTT-21450,Premium,21.71,102.2,4,3,4,5,0,0,Yes,1,0
OTT-48707,Premium,22.31,103.3,3,6,3,4,0,1,Yes,3,0
OTT-26983,Premium,20.74,87.1,1,4,4,8,0,3,Yes,2,0
OTT-57916,Standard,14.05,22.9,3,3,4,1,1,0,Yes,44,0
OTT-86546,Basic,9.4,16.9,13,1,1,0,1,1,No,27,1
OTT-98684,Standard,15.45,25.1,0,2,1,2,1,1,Yes,4,0
OTT-50164,Basic,9.47,9.6,8,1,1,1,0,0,Yes,5,0
OTT-15069,Premium,20.3,6.4,31,5,4,2,1,0,No,2,0
OTT-30507,Basic,8.7,100.3,6,1,1,6,2,0,No,5,0
OTT-19433,Premium,20.12,55.1,0,4,4,9,2,0,Yes,5,0
OTT-78339,Standard,15.46,61.8,2,3,2,4,1,1,No,1,0
OTT-98619,Basic,8.61,25.5,11,2,1,1,1,0,No,6,1
OTT-59857,Basic,8.85,21.6,13,2,1,1,0,0,Yes,39,0
OTT-25916,Standard,14.94,33.7,2,1,1,7,0,0,Yes,18,0
OTT-11904,Basic,7.99,62.7,5,1,2,5,0,0,Yes,37,1
OTT-97847,Premium,21.05,34.2,9,3,3,11,2,2,No,6,1
OTT-38472,Basic,9.44,1.6,37,3,1,2,1,0,Yes,3,1
OTT-20080,Basic,8.56,41.1,3,1,1,3,2,0,Yes,31,0
OTT-25929,Basic,9.13,78.6,0,2,2,5,1,0,Yes,1,0
OTT-32972,Basic,9.94,16.2,8,1,1,3,0,1,Yes,13,0
OTT-69027,Basic,8.23,67.2,3,2,1,4,1,0,Yes,44,0
OTT-90259,Premium,20.79,40.2,11,4,5,5,2,0,Yes,19,1
OTT-34752,Standard,15.2,101.6,1,2,2,8,1,0,Yes,1,0
OTT-71851,Premium,21.79,38.8,8,5,5,9,0,0,No,9,0
OTT-15845,Basic,9.95,14.1,8,1,2,0,0,1,No,4,1
OTT-10909,Basic,8.06,13.9,8,1,1,0,0,0,Yes,3,0
OTT-14944,Basic,9.75,0.6,45,1,1,2,0,0,No,2,1
OTT-93080,Standard,14.71,73.6,1,2,4,3,1,0,Yes,41,0
OTT-62354,Basic,8.44,39.5,0,2,1,9,1,0,Yes,9,0
OTT-82464,Basic,9.0,76.1,4,2,1,6,0,0,No,3,0
OTT-11955,Standard,14.52,105.2,5,3,2,7,2,0,No,5,0
OTT-12000,Basic,8.35,3.0,15,2,2,0,0,0,Yes,8,1
OTT-86390,Standard,14.04,41.9,3,2,2,2,0,0,Yes,47,0
OTT-19234,Standard,14.21,30.0,0,2,2,2,0,0,Yes,2,0
OTT-23985,Standard,14.87,14.3,11,2,2,1,0,1,Yes,4,0
OTT-56704,Basic,8.16,99.6,1,2,1,2,1,0,Yes,44,0
OTT-64590,Standard,13.71,23.4,0,2,2,0,0,0,Yes,36,0
OTT-30599,Basic,8.65,78.0,3,1,1,8,0,0,Yes,27,0
OTT-50021,Basic,9.4,15.7,8,2,1,0,1,0,Yes,5,0
OTT-70737,Basic,9.95,49.9,0,2,1,6,1,1,Yes,3,0
OTT-49856,Basic,8.01,37.2,2,2,1,3,0,0,No,14,0
OTT-44438,Standard,15.92,24.7,9,3,4,1,1,0,Yes,3,0
OTT-16461,Standard,15.21,94.4,2,2,3,7,0,0,No,32,0
OTT-50668,Standard,15.74,25.6,1,3,2,1,1,0,Yes,3,0
OTT-82246,Basic,9.06,19.5,7,2,1,2,1,0,Yes,14,0
OTT-66407,Basic,8.92,58.5,0,1,1,5,0,0,No,47,0
OTT-90373,Basic,9.56,22.5,0,1,1,0,0,1,Yes,40,0
OTT-21355,Premium,21.64,71.3,0,3,3,4,0,0,Yes,11,0
OTT-10991,Basic,9.78,38.5,1,1,2,7,1,0,Yes,32,0
OTT-59333,Basic,9.78,89.2,1,1,1,4,1,0,Yes,5,0
OTT-26074,Basic,9.05,16.9,7,2,1,2,1,1,No,2,0
OTT-63458,Standard,14.92,24.0,9,1,2,0,3,0,Yes,3,1
OTT-91350,Basic,8.9,107.3,0,2,1,6,2,0,Yes,35,0
OTT-40342,Basic,9.37,57.3,0,2,1,10,1,0,Yes,48,0
OTT-59453,Standard,15.2,70.9,5,2,2,5,0,0,Yes,1,0
OTT-71351,Standard,15.12,107.6,1,2,3,3,1,0,Yes,1,0
OTT-23503,Standard,13.65,36.6,3,4,2,6,0,0,Yes,2,0
OTT-90762,Premium,22.88,36.9,2,4,4,7,0,0,No,1,0
OTT-28250,Premium,21.0,74.6,5,5,5,7,0,2,Yes,45,0
OTT-82743,Standard,14.11,6.4,17,2,3,0,0,0,Yes,5,0
OTT-69398,Premium,20.62,115.5,1,3,4,3,1,2,Yes,48,0
OTT-22686,Premium,20.2,87.5,6,6,5,5,1,0,Yes,21,0
OTT-75232,Basic,8.9,61.1,2,2,1,0,0,1,Yes,2,0
OTT-27682,Standard,13.59,18.0,10,1,4,1,2,0,Yes,1,1
OTT-63947,Standard,13.89,61.2,4,4,1,6,1,0,Yes,31,0
OTT-96370,Standard,13.5,101.1,2,3,1,9,1,0,Yes,12,0
OTT-95782,Standard,13.93,76.4,2,2,2,6,0,0,No,8,0
OTT-88410,Premium,22.98,48.0,10,3,5,8,1,0,Yes,5,0
OTT-54465,Premium,21.61,54.6,2,4,3,5,0,0,Yes,41,0
OTT-60357,Basic,8.12,99.1,0,1,1,5,0,1,Yes,30,0
OTT-37024,Standard,14.9,107.4,0,3,1,10,1,3,No,24,0
OTT-92885,Standard,14.99,106.2,4,3,2,8,0,1,Yes,11,0
OTT-52950,Premium,21.63,134.9,1,4,5,4,0,0,Yes,48,0
OTT-79445,Basic,8.66,83.4,1,2,1,8,1,3,Yes,1,0
OTT-42369,Basic,9.3,81.1,4,2,1,10,0,0,Yes,19,0
OTT-76637,Basic,8.28,1.7,22,1,1,3,0,0,Yes,16,0
OTT-30197,Basic,8.43,13.7,10,1,2,1,4,2,Yes,19,1
OTT-76040,Basic,9.98,23.7,8,2,1,0,0,2,Yes,34,0
OTT-14136,Basic,8.82,53.8,2,3,1,4,0,1,No,40,0
OTT-19433,Basic,8.29,7.8,15,1,1,1,0,0,No,16,0
OTT-41698,Premium,20.64,82.1,0,3,3,5,1,1,Yes,23,0
OTT-53382,Basic,9.44,73.1,2,2,2,1,1,3,Yes,46,0
OTT-74026,Basic,8.22,54.6,0,3,1,6,1,0,Yes,40,0
OTT-42314,Standard,14.37,99.9,2,2,2,8,1,3,Yes,35,0
OTT-11659,Basic,8.65,43.9,0,1,1,5,1,0,Yes,2,0
OTT-39285,Standard,14.06,9.5,23,4,3,1,1,0,Yes,6,1
OTT-49525,Premium,21.42,46.4,3,3,3,4,1,0,Yes,31,0
OTT-58934,Basic,8.21,24.8,8,1,1,1,1,0,Yes,45,0
OTT-67960,Standard,14.63,88.7,1,2,1,5,2,1,Yes,22,0
OTT-32289,Basic,8.06,108.1,0,1,2,16,0,0,Yes,20,0
OTT-64935,Basic,9.93,32.6,1,1,2,10,1,0,Yes,8,0
OTT-66842,Standard,15.0,92.7,0,2,3,10,0,0,Yes,11,0
OTT-79897,Basic,8.14,49.2,0,1,1,8,0,0,Yes,36,0
OTT-56983,Standard,13.97,43.8,1,1,2,3,0,0,Yes,5,0
OTT-82945,Standard,15.33,40.0,4,2,2,9,0,2,Yes,16,1
OTT-29944,Basic,9.45,85.2,4,1,2,5,0,0,No,7,0
OTT-74052,Basic,8.72,104.9,5,1,1,2,0,1,No,25,0
OTT-14125,Standard,13.86,79.4,4,4,3,4,0,1,No,1,0
OTT-19251,Basic,9.06,13.3,8,1,1,0,1,0,No,17,0
OTT-87824,Standard,14.18,57.2,4,2,2,5,0,0,Yes,4,0
OTT-52751,Premium,20.28,72.9,2,4,4,8,2,0,No,2,0
OTT-65875,Standard,14.35,28.1,0,1,2,1,0,0,Yes,11,0
OTT-64305,Basic,9.49,89.5,0,1,1,9,1,0,Yes,1,0
OTT-72536,Basic,8.7,31.2,1,1,1,4,0,0,Yes,27,0
OTT-32100,Standard,13.59,21.0,9,2,1,0,1,1,Yes,39,0
OTT-26043,Standard,13.79,59.7,0,1,3,7,2,0,Yes,5,0
OTT-13829,Premium,21.78,17.4,7,5,4,1,1,1,Yes,36,0
OTT-87828,Standard,14.8,48.5,1,3,4,9,3,0,No,14,0
OTT-30122,Basic,9.34,9.5,7,3,1,1,0,0,Yes,21,0
OTT-61764,Basic,9.13,20.6,13,2,1,1,1,0,No,45,0
OTT-50940,Premium,21.48,96.8,3,4,4,7,0,0,Yes,17,0
OTT-24611,Standard,14.68,100.7,5,1,1,6,1,2,No,5,0
OTT-47253,Premium,22.87,62.3,6,2,4,6,2,0,Yes,2,0
OTT-17488,Standard,15.65,37.5,1,1,2,9,1,0,No,12,0
OTT-25899,Premium,21.14,71.7,0,5,3,2,1,1,Yes,45,0
OTT-22572,Standard,15.12,93.7,0,3,2,5,0,2,Yes,17,0
OTT-84196,Premium,20.05,84.9,3,3,5,10,1,0,Yes,3,0
OTT-61067,Premium,20.05,56.8,8,3,4,6,1,0,Yes,5,0
OTT-93310,Premium,20.95,48.2,0,2,4,4,0,0,Yes,37,0
OTT-49238,Premium,22.25,106.6,0,6,4,7,2,2,Yes,6,0
OTT-28121,Standard,15.8,80.4,0,2,3,6,1,0,No,22,0
OTT-64772,Standard,15.2,3.7,20,3,2,2,1,0,Yes,12,1
OTT-93660,Standard,15.26,40.3,4,3,2,5,0,0,No,6,0
OTT-57932,Standard,13.57,55.6,2,3,1,5,0,0,Yes,3,0
OTT-11607,Standard,15.82,50.4,6,2,3,7,1,0,Yes,1,0
OTT-37325,Standard,13.71,51.5,1,2,1,3,1,0,Yes,2,0
OTT-93245,Basic,9.88,85.6,1,1,1,6,2,0,No,10,0
OTT-56650,Standard,13.84,29.9,2,4,4,3,1,0,Yes,34,0
OTT-95672,Premium,20.09,96.6,4,4,4,8,1,0,Yes,5,0
OTT-55833,Standard,14.9,65.9,0,3,2,2,0,0,No,13,0
OTT-11084,Standard,13.77,37.3,0,2,2,3,1,0,Yes,1,0
OTT-88573,Premium,20.08,32.9,12,3,3,9,0,0,No,4,0
OTT-78670,Standard,15.16,54.9,0,3,3,9,1,0,Yes,37,0
OTT-74371,Standard,15.34,33.7,4,3,2,7,0,0,Yes,48,0
OTT-97317,Standard,14.22,73.7,3,2,2,6,0,0,Yes,39,0
OTT-27657,Standard,14.82,50.2,2,1,2,10,0,0,Yes,5,0
OTT-91530,Standard,14.96,4.1,15,1,4,0,1,2,Yes,17,0
OTT-30935,Basic,8.31,6.3,20,2,1,1,0,0,Yes,20,0
OTT-97362,Basic,8.87,67.7,0,2,1,9,1,3,Yes,44,0
OTT-27228,Premium,21.9,96.5,3,5,5,6,1,0,Yes,7,0
OTT-59528,Premium,22.65,16.6,18,2,3,1,2,0,Yes,40,0
OTT-81040,Basic,8.83,68.9,0,1,1,6,0,0,Yes,4,0
OTT-17033,Premium,22.09,30.9,7,2,3,6,0,0,Yes,15,0
OTT-16003,Standard,14.74,103.6,0,3,1,5,1,1,Yes,31,0
OTT-86480,Basic,9.4,30.9,2,1,1,4,1,0,Yes,4,1
OTT-15438,Standard,15.46,80.4,0,4,2,2,1,0,Yes,7,0
OTT-65243,Basic,9.05,25.3,3,2,2,1,0,0,Yes,9,0
OTT-94438,Basic,8.11,44.8,2,1,2,5,0,2,No,38,0
OTT-65325,Premium,22.62,121.1,0,3,2,11,0,2,No,5,0
OTT-53289,Standard,14.99,53.8,6,1,2,7,0,0,Yes,36,0
OTT-47552,Basic,9.19,24.3,5,1,2,2,3,0,Yes,18,0
OTT-67434,Standard,14.76,67.2,2,4,2,7,1,0,Yes,19,0
OTT-61465,Standard,13.92,60.5,1,4,4,2,0,0,No,12,0
OTT-55158,Standard,14.71,103.6,4,2,2,6,1,1,Yes,4,0
OTT-23822,Basic,9.06,104.9,4,1,1,12,0,0,Yes,41,0
OTT-69639,Basic,8.76,46.5,4,1,2,7,3,0,Yes,43,0
OTT-76578,Standard,13.86,94.2,0,2,1,7,0,0,No,43,0
OTT-73796,Standard,15.4,67.3,0,2,2,6,1,0,Yes,35,0
OTT-16751,Premium,21.36,82.8,2,4,3,6,1,0,No,19,0
OTT-73258,Basic,9.39,32.0,0,1,1,0,1,0,Yes,13,0
OTT-75679,Premium,20.13,105.4,0,3,4,3,2,0,Yes,34,0
OTT-26507,Premium,21.5,99.2,0,4,4,10,0,0,No,4,0
OTT-86407,Basic,8.14,27.1,7,1,1,1,1,0,Yes,43,0
OTT-57145,Basic,9.46,90.9,0,2,2,7,1,0,No,16,0
OTT-52521,Standard,14.94,63.1,5,1,4,7,1,0,Yes,7,0
OTT-75045,Premium,21.34,113.4,0,4,5,5,2,0,Yes,4,0
OTT-55884,Basic,9.94,50.0,0,2,1,7,0,0,No,4,0
OTT-59026,Basic,8.64,97.9,6,1,1,3,0,1,Yes,4,0
OTT-38098,Standard,14.55,32.2,3,4,4,5,1,0,Yes,19,0
OTT-93507,Premium,22.2,81.2,2,3,2,8,0,0,Yes,14,0
OTT-97250,Basic,9.04,98.4,0,1,1,2,2,0,Yes,5,0
OTT-21738,Basic,9.31,24.1,2,1,1,2,2,1,No,3,1
OTT-75980,Basic,9.94,98.4,1,1,1,8,0,0,Yes,22,0
OTT-12100,Premium,22.08,35.3,13,3,3,6,1,0,Yes,2,1
OTT-43208,Standard,13.87,80.0,3,1,2,11,0,0,Yes,24,0
OTT-97298,Standard,14.01,20.8,9,2,4,0,1,0,Yes,5,1
OTT-25732,Premium,22.6,37.7,2,4,2,7,2,0,Yes,23,0
OTT-43929,Standard,13.61,95.8,1,2,4,5,1,0,Yes,1,0
OTT-29761,Premium,21.52,38.5,7,4,4,6,1,0,Yes,9,0
OTT-75539,Basic,9.8,96.9,4,2,1,6,1,1,No,23,0
OTT-51752,Basic,9.54,108.5,3,1,1,6,1,0,Yes,7,0
OTT-63379,Basic,8.22,8.4,15,1,2,1,2,1,No,12,1
OTT-94830,Basic,9.47,103.9,0,3,1,4,0,1,Yes,19,0
OTT-56894,Premium,21.14,13.3,45,2,4,2,1,0,No,1,0
OTT-76072,Standard,15.74,108.3,0,3,4,5,0,1,Yes,22,0
OTT-18811,Basic,9.14,92.1,0,2,1,10,0,1,Yes,1,0
OTT-29371,Standard,14.86,81.8,3,2,4,8,0,2,Yes,23,0
OTT-95216,Standard,13.51,109.0,2,3,1,4,1,0,No,21,0
OTT-87359,Standard,14.11,64.6,0,3,3,8,0,0,No,43,0
OTT-69100,Basic,8.82,64.6,0,2,1,7,1,0,Yes,10,0
OTT-44037,Premium,22.16,109.1,0,3,4,8,0,0,No,4,0
OTT-27982,Standard,14.79,21.5,12,2,1,0,0,0,No,5,0
OTT-86654,Premium,22.55,42.9,3,3,5,7,1,0,Yes,5,0
OTT-80676,Standard,13.58,49.1,4,1,3,12,1,0,Yes,18,0
OTT-31752,Standard,14.3,73.5,0,2,3,5,0,1,Yes,44,0
OTT-63084,Basic,9.19,23.4,2,1,2,2,1,0,Yes,40,0
OTT-65678,Standard,15.14,66.9,0,1,3,4,0,0,Yes,16,0
OTT-52971,Basic,8.99,42.6,6,3,1,10,1,0,Yes,6,0
OTT-93399,Premium,21.19,48.0,2,5,5,7,4,0,Yes,40,0
OTT-21168,Basic,8.13,100.8,0,1,1,3,0,0,Yes,5,0
OTT-33210,Basic,9.38,46.8,2,1,2,2,1,1,Yes,1,1
OTT-18552,Standard,15.75,101.0,3,2,3,5,1,1,Yes,36,0
OTT-72362,Standard,15.51,69.0,5,1,2,8,0,1,Yes,5,0
OTT-67960,Standard,15.24,26.6,7,2,2,1,2,0,Yes,2,1
OTT-98857,Standard,15.08,86.2,5,3,1,9,2,1,Yes,2,0
OTT-58807,Standard,15.42,58.4,0,2,2,3,3,2,No,13,0
OTT-23553,Premium,22.32,32.6,4,5,2,4,1,0,Yes,1,0
OTT-50578,Standard,13.51,100.5,5,4,4,8,0,0,Yes,13,0
OTT-17956,Standard,14.38,22.1,7,1,1,3,0,0,Yes,14,1
OTT-70381,Premium,22.59,50.3,3,4,4,5,1,0,Yes,2,0
OTT-70676,Basic,9.69,104.3,1,1,2,6,0,0,Yes,2,0
OTT-87187,Basic,9.41,65.0,2,1,1,9,0,1,Yes,32,0
OTT-40575,Basic,8.61,24.6,2,1,1,0,1,0,Yes,6,0
OTT-37910,Standard,15.48,48.0,0,2,2,1,1,0,Yes,7,0
OTT-16411,Standard,14.07,97.7,1,2,3,5,1,0,Yes,18,0
OTT-47363,Basic,8.44,58.9,0,3,1,10,0,1,Yes,5,0
OTT-52777,Basic,9.06,93.1,3,1,2,4,1,0,No,11,0
OTT-77902,Basic,9.13,57.4,1,1,1,2,2,0,Yes,22,0
OTT-77838,Standard,14.37,10.7,7,1,3,1,1,0,Yes,7,1
OTT-22622,Basic,9.2,11.9,8,1,2,3,2,0,No,28,0
OTT-35660,Standard,15.26,99.5,3,2,3,3,2,0,Yes,27,0
OTT-56031,Premium,20.53,46.4,0,6,3,7,0,0,Yes,39,0
OTT-40153,Standard,14.21,104.3,1,2,3,11,1,0,Yes,19,0
OTT-12299,Premium,22.09,25.1,14,4,4,0,0,0,No,17,0
OTT-86112,Premium,22.77,126.6,0,4,3,4,1,0,Yes,10,0
OTT-75813,Standard,15.7,30.5,3,1,2,4,0,0,Yes,4,0
OTT-56805,Standard,13.81,70.3,2,4,2,4,1,0,Yes,42,0
OTT-38573,Premium,21.7,18.1,8,6,3,1,2,0,Yes,48,0
OTT-85845,Standard,15.49,44.6,0,1,1,7,1,0,Yes,5,0
OTT-13175,Basic,8.46,25.1,10,1,1,0,0,0,Yes,39,0
OTT-50174,Basic,9.28,38.5,2,1,1,5,0,1,No,48,0
OTT-82085,Standard,14.56,10.8,15,4,2,2,0,2,Yes,9,1
OTT-95766,Premium,21.98,88.1,4,4,5,4,1,0,Yes,24,0
OTT-32627,Standard,13.57,85.9,4,2,1,5,0,0,Yes,1,0
OTT-68570,Basic,8.62,53.6,3,1,1,5,1,0,Yes,2,0
OTT-27071,Standard,14.26,108.7,4,2,3,5,0,1,Yes,6,0
OTT-20430,Premium,21.25,108.2,4,6,4,4,2,0,Yes,15,0
OTT-41771,Standard,13.78,26.2,7,3,2,2,1,0,Yes,1,0
OTT-89657,Standard,14.58,34.8,2,3,3,6,0,0,Yes,32,0
OTT-72052,Basic,9.07,13.3,9,1,1,0,2,0,No,3,1
OTT-54033,Basic,8.04,96.0,4,1,1,3,1,1,Yes,3,1
OTT-35453,Premium,20.89,87.2,3,5,4,2,3,0,Yes,19,0
OTT-22747,Basic,8.34,55.9,5,1,1,6,0,1,Yes,5,0
OTT-34368,Premium,22.91,88.1,0,3,3,6,0,0,Yes,7,0
OTT-23741,Basic,8.25,60.6,6,2,1,5,1,2,Yes,1,0
OTT-26837,Premium,21.87,18.0,15,4,3,0,1,0,Yes,34,1
OTT-71877,Basic,8.79,65.0,0,1,1,4,0,0,Yes,12,0
OTT-21942,Standard,14.21,62.0,6,2,2,6,0,0,Yes,2,0
OTT-14263,Standard,15.63,50.8,1,1,2,3,0,0,No,3,0
OTT-58810,Standard,15.15,17.0,8,3,2,2,0,0,Yes,4,1
OTT-35793,Standard,15.04,11.5,9,1,2,0,0,0,Yes,46,0
OTT-50924,Basic,8.18,38.8,2,1,1,9,1,0,Yes,20,0
OTT-22580,Basic,8.51,21.8,9,1,2,1,2,0,Yes,23,0
OTT-28897,Basic,8.54,106.9,1,1,1,7,0,0,No,4,1
OTT-49696,Standard,14.58,3.3,23,3,2,0,0,1,Yes,46,1
OTT-72101,Standard,15.79,102.3,3,1,3,9,1,0,No,5,0
OTT-47291,Basic,8.8,77.1,0,1,1,2,3,0,Yes,21,0
OTT-58753,Standard,14.31,105.8,0,3,2,6,3,1,Yes,29,0
OTT-56968,Basic,8.13,56.8,1,1,2,6,2,2,Yes,4,1
OTT-34197,Basic,8.76,82.7,2,2,1,8,0,0,Yes,20,0
OTT-35166,Basic,8.09,18.9,8,1,1,1,1,1,Yes,4,0
OTT-48314,Standard,14.4,108.0,6,2,2,3,0,1,Yes,5,0
OTT-12883,Basic,9.93,9.2,8,1,2,2,0,0,Yes,26,0
OTT-71684,Premium,21.66,25.4,13,4,4,0,0,0,Yes,22,0
OTT-65294,Standard,14.01,10.5,18,2,3,1,0,0,Yes,26,0
OTT-37551,Standard,14.24,26.7,0,2,1,1,1,1,No,15,0
OTT-43634,Basic,9.13,101.8,3,2,1,6,0,0,No,5,0
OTT-39582,Standard,13.54,30.3,5,3,3,3,3,0,Yes,11,0
OTT-68619,Premium,22.69,16.5,11,4,5,0,1,0,Yes,17,0
OTT-78374,Standard,14.94,14.6,13,4,3,4,1,3,Yes,4,1
OTT-19779,Basic,8.97,86.0,1,1,1,6,0,0,No,7,0
OTT-47198,Basic,9.42,2.0,26,1,1,2,0,0,Yes,14,1
OTT-11239,Basic,8.39,102.0,2,2,1,5,1,0,No,7,0
OTT-50702,Basic,8.03,20.6,12,1,1,2,0,0,No,5,0
OTT-32346,Standard,15.03,74.4,2,3,2,5,1,0,Yes,46,0
OTT-40221,Basic,8.31,72.2,0,1,2,10,0,0,Yes,2,0
OTT-51088,Premium,20.03,69.3,6,3,3,8,1,0,Yes,4,0
OTT-39134,Standard,15.81,78.2,5,2,2,5,2,1,Yes,6,0
OTT-45466,Standard,15.46,107.6,2,2,4,6,1,0,No,46,0
OTT-78828,Premium,20.33,137.5,1,3,2,5,0,0,Yes,4,0
OTT-82926,Basic,9.78,31.8,3,2,1,5,1,0,No,22,0
OTT-10527,Basic,8.13,17.1,8,1,1,4,1,0,Yes,5,0
OTT-44005,Standard,15.5,74.1,2,2,2,8,1,0,No,11,0
OTT-86218,Standard,14.53,85.0,5,3,2,5,0,0,No,38,0
OTT-57739,Standard,14.79,4.3,23,2,2,1,0,1,Yes,2,1
OTT-28475,Premium,21.99,135.8,1,3,4,2,1,0,Yes,41,0
OTT-63415,Standard,13.74,58.5,2,2,4,4,0,0,Yes,4,0
OTT-23043,Premium,22.71,76.9,0,4,3,4,1,0,Yes,2,0
OTT-11964,Basic,8.28,90.6,3,1,1,14,4,0,Yes,19,0
OTT-66917,Basic,9.87,19.8,11,2,2,2,1,1,Yes,14,0
OTT-56361,Basic,8.17,10.9,22,1,1,1,1,2,Yes,1,0
OTT-78084,Standard,13.92,31.4,4,1,1,8,0,0,Yes,22,0
OTT-41034,Basic,8.11,9.1,8,1,1,2,1,0,No,6,0
OTT-86884,Basic,8.79,105.0,6,2,1,6,1,2,Yes,10,0
OTT-47914,Premium,21.76,74.8,6,2,3,5,1,0,Yes,16,0
OTT-76421,Basic,9.24,41.0,4,2,1,6,0,0,Yes,36,0
OTT-19025,Basic,9.65,87.4,5,1,2,8,0,0,Yes,12,0
OTT-18743,Basic,9.05,109.8,0,2,1,8,0,0,Yes,14,0
OTT-80453,Basic,9.01,109.9,1,2,1,4,0,0,Yes,19,0
OTT-85057,Basic,8.64,106.8,0,1,1,10,0,0,Yes,2,0
OTT-94815,Basic,9.29,35.8,0,1,1,11,1,0,Yes,6,0
OTT-39215,Basic,9.81,96.8,4,1,1,5,0,0,Yes,35,0
OTT-12004,Premium,21.06,47.6,1,6,2,2,0,0,Yes,6,0
OTT-98190,Basic,8.7,53.4,3,2,1,4,0,0,Yes,28,0
OTT-64122,Standard,14.35,37.7,0,4,1,8,0,0,Yes,4,0
OTT-32240,Standard,14.06,53.3,2,2,2,6,2,0,Yes,38,0
OTT-78745,Standard,14.91,13.0,9,3,4,2,0,0,Yes,6,0
OTT-91349,Premium,20.31,114.8,6,6,4,6,0,0,Yes,32,0
OTT-35632,Standard,15.58,27.8,8,2,2,1,0,0,No,14,0
OTT-79269,Basic,8.27,37.3,3,1,1,3,1,0,Yes,4,0
OTT-80879,Basic,8.34,33.4,4,1,1,5,0,0,No,20,0
OTT-55151,Basic,8.13,36.5,5,1,1,5,0,0,Yes,17,0
OTT-66911,Premium,21.13,94.6,2,4,3,9,0,0,Yes,4,0
OTT-34256,Standard,15.38,99.6,0,4,2,11,0,0,No,2,0
OTT-93623,Basic,9.81,22.9,10,2,1,0,3,0,Yes,7,1
OTT-98478,Basic,8.86,16.4,7,1,2,0,0,1,Yes,11,0
OTT-98289,Premium,20.7,47.9,9,6,3,6,1,0,Yes,1,0
OTT-76340,Standard,15.3,69.4,0,3,2,8,1,0,No,35,0
OTT-13811,Basic,9.37,91.1,3,1,1,5,0,0,Yes,2,0
OTT-42980,Premium,22.03,33.5,10,5,3,9,0,1,Yes,5,1
OTT-50043,Standard,14.6,21.3,9,2,3,1,1,0,Yes,8,0
OTT-96384,Standard,14.9,55.1,1,2,3,3,0,0,Yes,3,0
OTT-59228,Standard,13.64,26.6,2,3,1,0,0,0,Yes,2,0
OTT-58254,Standard,14.12,75.9,2,1,2,6,0,0,Yes,8,0
OTT-23206,Basic,9.84,47.4,1,2,1,6,0,0,Yes,4,0
OTT-81434,Premium,20.12,92.1,0,4,2,5,1,0,Yes,3,0
OTT-40265,Standard,14.24,79.3,1,2,3,6,1,0,Yes,7,0
OTT-18268,Standard,14.06,61.8,2,2,2,6,0,0,Yes,7,0
OTT-98887,Standard,13.82,35.8,1,1,2,8,1,0,Yes,25,0
OTT-27106,Premium,22.76,109.0,0,3,3,2,3,1,Yes,23,0
OTT-11460,Basic,8.24,37.2,1,1,1,6,0,1,Yes,11,0
OTT-17005,Basic,8.97,33.4,6,1,1,5,1,0,No,6,0
OTT-50725,Standard,15.59,49.9,3,2,2,7,1,0,Yes,47,0
OTT-19261,Basic,8.0,27.1,3,2,1,2,3,0,Yes,1,0
OTT-85838,Standard,13.76,53.1,3,1,1,7,1,0,Yes,6,0
OTT-56119,Standard,14.34,88.7,6,3,2,4,2,0,Yes,25,0
OTT-39150,Basic,8.29,91.5,0,2,1,5,0,0,No,15,0
OTT-10283,Basic,8.36,62.2,3,1,1,5,1,2,Yes,11,0
OTT-53181,Standard,14.97,38.2,4,1,3,7,0,0,Yes,2,0
OTT-23617,Basic,8.33,107.7,1,1,1,4,0,0,No,1,0
OTT-98023,Basic,9.27,94.5,0,2,2,5,2,0,Yes,21,0
OTT-36197,Basic,9.82,22.5,0,1,2,0,1,0,No,14,0
OTT-52738,Basic,8.45,20.1,9,1,2,1,1,0,Yes,22,0
OTT-11675,Standard,14.02,11.4,20,4,3,0,1,0,Yes,4,1
OTT-21782,Premium,20.02,116.8,1,4,5,5,2,1,Yes,1,0
OTT-28673,Standard,13.53,57.1,2,1,2,4,3,0,Yes,19,0
OTT-14654,Standard,14.48,75.8,1,2,3,7,2,0,Yes,14,0
OTT-75338,Basic,8.97,76.2,1,1,1,7,0,0,Yes,5,0
OTT-95086,Premium,20.54,101.0,1,5,4,8,2,0,Yes,4,0
OTT-98681,Premium,20.96,114.3,0,6,3,6,0,0,Yes,3,0
OTT-33922,Premium,20.41,87.7,3,3,2,6,2,2,Yes,5,0
OTT-80986,Basic,9.35,27.4,6,2,2,1,0,1,Yes,8,0
OTT-55365,Basic,8.78,85.5,0,2,1,7,1,0,Yes,1,0
OTT-14127,Basic,9.46,105.3,1,1,1,9,2,0,Yes,21,0
OTT-18163,Basic,9.09,98.6,6,2,2,7,2,0,Yes,31,0
OTT-59300,Basic,8.74,24.2,2,1,2,0,1,0,No,25,0
OTT-48128,Premium,21.87,113.8,2,2,4,8,2,0,Yes,38,0
OTT-10754,Basic,8.0,35.0,2,2,1,7,0,1,Yes,1,0
OTT-93708,Basic,9.37,27.6,9,1,1,2,0,0,Yes,2,0
OTT-75729,Premium,21.1,116.3,0,6,4,9,0,0,Yes,5,0
OTT-55216,Premium,21.53,41.0,0,4,4,7,0,1,Yes,12,0
OTT-98828,Basic,9.04,30.9,2,2,1,9,1,1,Yes,6,0
OTT-97401,Basic,9.11,46.5,1,2,1,5,1,0,Yes,2,0
OTT-97654,Premium,22.1,63.3,6,5,4,6,1,1,Yes,3,0
OTT-33294,Premium,20.32,31.5,3,3,3,1,0,1,Yes,5,0
OTT-89279,Standard,14.71,100.4,1,2,2,4,1,0,No,13,0
OTT-55408,Basic,8.16,33.1,0,2,1,6,0,0,No,9,0
OTT-75342,Standard,14.08,11.9,16,2,3,1,0,1,Yes,18,0
OTT-87356,Standard,13.96,45.2,0,2,2,7,1,0,Yes,36,0
OTT-24699,Basic,9.19,72.6,3,1,1,4,1,0,Yes,6,0
OTT-50342,Basic,9.2,83.5,0,2,1,9,1,1,Yes,1,0
OTT-21600,Premium,22.48,25.2,8,3,4,1,0,0,Yes,1,0
OTT-35153,Standard,14.79,62.1,1,3,2,8,1,2,Yes,7,0
OTT-47216,Basic,9.48,90.0,0,2,2,9,1,2,Yes,14,0
OTT-86991,Standard,15.71,27.7,0,2,2,1,0,0,Yes,6,0
OTT-87639,Standard,13.82,53.8,0,1,2,7,0,0,Yes,36,0
OTT-45089,Basic,9.43,23.8,9,1,1,2,0,2,Yes,4,0
OTT-39627,Basic,8.65,14.6,9,1,1,1,3,1,Yes,1,0
OTT-57764,Basic,8.55,27.2,1,1,1,1,0,0,Yes,16,0
OTT-92067,Premium,22.88,47.9,2,4,4,9,2,0,Yes,43,0
OTT-97886,Basic,8.4,81.6,2,1,1,10,0,0,Yes,8,0
OTT-30408,Premium,22.73,124.1,6,6,3,7,0,0,No,48,0
OTT-26783,Standard,15.55,42.1,6,3,4,8,0,0,No,2,0
OTT-73609,Premium,22.63,81.3,4,4,3,5,0,0,Yes,19,0
OTT-37125,Premium,21.75,64.4,2,5,5,2,1,0,Yes,33,0
OTT-27978,Premium,21.74,112.4,0,4,4,7,2,0,Yes,7,0
OTT-12796,Premium,21.2,126.7,1,4,3,7,1,0,Yes,4,0
OTT-46288,Basic,8.79,56.4,2,1,1,3,1,0,Yes,31,0
OTT-45265,Basic,9.69,25.3,3,2,1,0,0,0,Yes,2,0
OTT-60674,Basic,8.77,75.5,1,1,1,3,0,0,No,13,0
OTT-28016,Standard,14.71,77.2,2,2,1,5,2,0,Yes,26,0
OTT-74292,Basic,9.98,76.4,2,1,1,5,0,0,Yes,31,0
OTT-71202,Basic,8.7,48.0,0,2,1,7,0,1,No,28,0
OTT-51610,Basic,9.64,24.1,2,2,1,1,0,1,Yes,43,0
OTT-26318,Standard,14.18,8.6,8,2,1,1,2,0,Yes,2,0
OTT-55625,Basic,8.04,90.5,0,2,1,7,1,0,No,39,0
OTT-70732,Basic,9.18,18.6,8,1,2,0,1,0,Yes,22,0
OTT-43544,Standard,14.69,45.9,0,2,4,2,0,2,Yes,16,0
OTT-33712,Standard,15.46,11.1,18,4,3,1,0,3,Yes,3,1
OTT-55585,Premium,20.0,50.4,10,4,3,5,0,0,Yes,41,0
OTT-41969,Standard,13.67,93.8,0,2,1,4,1,0,Yes,15,0
OTT-46045,Standard,15.64,76.7,4,1,4,4,0,1,Yes,26,0
OTT-41397,Basic,8.95,76.1,2,2,2,5,1,0,Yes,6,0
OTT-37311,Basic,9.0,6.8,21,1,1,1,0,0,No,1,1
OTT-74506,Standard,14.05,38.1,3,2,2,4,0,1,Yes,15,0
OTT-51421,Basic,9.84,9.0,16,2,1,0,1,0,No,2,0
OTT-51985,Premium,22.73,92.0,6,4,4,7,1,0,Yes,18,0
OTT-68777,Premium,21.54,27.1,14,5,4,3,1,1,Yes,6,0
OTT-42516,Basic,8.43,82.6,3,2,2,6,0,0,No,8,0
OTT-19092,Standard,15.95,54.7,0,3,1,1,0,1,Yes,2,0
OTT-86735,Basic,9.77,84.0,6,1,2,4,0,0,Yes,1,1
OTT-15013,Basic,9.03,43.8,1,1,1,3,2,0,Yes,9,0
OTT-61474,Basic,9.24,98.2,2,2,1,4,0,0,Yes,1,0
OTT-33923,Standard,14.59,108.8,0,2,2,6,3,2,Yes,6,0
OTT-29244,Premium,20.61,98.1,2,5,4,5,1,1,Yes,1,0
OTT-13776,Basic,9.35,55.6,3,1,1,7,1,0,Yes,5,0
OTT-91007,Standard,15.16,47.4,0,4,1,11,1,0,Yes,21,0
OTT-48628,Basic,9.08,25.9,7,1,2,1,1,0,Yes,6,0
OTT-40838,Basic,9.62,50.7,0,2,1,7,1,0,Yes,6,0
OTT-76709,Standard,14.62,93.6,1,2,1,8,0,0,Yes,20,0
OTT-13508,Standard,15.64,58.0,4,2,1,5,2,0,Yes,12,0
OTT-60809,Standard,14.03,99.4,2,2,2,8,1,1,Yes,11,0
OTT-54513,Premium,22.88,71.1,3,4,4,5,1,0,No,5,0
OTT-59808,Basic,8.4,2.0,28,1,1,4,1,0,Yes,25,0
OTT-21154,Standard,13.89,32.8,2,1,1,10,0,1,No,21,0
OTT-95727,Basic,9.2,107.8,5,2,2,3,1,0,No,6,0
OTT-31461,Premium,20.27,47.0,7,4,2,10,1,0,Yes,31,0
OTT-71059,Basic,8.33,76.5,3,2,2,3,0,3,Yes,11,0
OTT-77239,Basic,9.45,10.5,10,1,1,0,0,0,No,11,0
OTT-40958,Standard,14.26,21.8,12,2,2,1,0,0,Yes,48,0
OTT-21767,Basic,9.59,59.5,3,1,1,3,1,0,Yes,6,0
OTT-36700,Standard,13.88,59.2,5,1,2,2,0,1,Yes,36,0
OTT-82624,Premium,21.15,70.8,0,6,4,4,2,0,Yes,21,0
OTT-91583,Standard,14.46,18.7,11,2,3,1,2,0,Yes,5,1
OTT-94320,Standard,14.69,92.7,4,2,2,6,0,0,No,5,0
OTT-30367,Premium,21.22,71.8,2,6,2,5,2,0,Yes,1,0
OTT-64587,Standard,14.46,99.5,2,3,2,5,0,0,Yes,40,0
OTT-23593,Basic,8.65,31.8,2,1,2,6,3,2,Yes,2,1
OTT-73931,Premium,20.04,83.5,2,4,4,9,1,0,Yes,4,0
OTT-47427,Standard,15.03,81.7,2,2,2,6,0,0,Yes,19,0
OTT-74222,Standard,14.67,107.4,1,2,2,3,0,0,Yes,21,0
OTT-71660,Standard,14.42,57.0,3,3,2,10,1,0,Yes,2,0
OTT-99351,Basic,8.41,81.7,0,1,1,4,1,0,No,29,0
OTT-53977,Premium,22.66,49.8,12,5,4,4,0,2,Yes,21,0
OTT-40738,Basic,8.47,95.3,6,1,1,2,1,0,Yes,27,1
OTT-57407,Premium,22.75,112.2,4,4,4,6,2,0,Yes,3,0
OTT-24656,Premium,20.64,39.7,13,4,4,9,1,0,Yes,1,1
OTT-20058,Premium,22.9,103.5,0,5,3,3,0,0,Yes,22,0
OTT-56724,Basic,8.83,106.2,2,2,1,6,0,0,Yes,2,0
OTT-84285,Basic,9.06,17.4,12,1,2,0,1,0,Yes,10,1
OTT-57991,Basic,8.59,21.8,9,1,1,0,4,0,No,1,0
OTT-80372,Basic,9.87,50.4,4,2,1,7,1,0,Yes,33,0
OTT-26011,Basic,8.56,44.6,0,1,1,6,0,0,Yes,26,0
OTT-50444,Standard,15.32,46.5,2,2,2,3,0,0,Yes,46,0
OTT-65179,Basic,8.03,26.5,0,3,1,1,0,0,Yes,26,0
OTT-41290,Premium,21.67,12.4,16,3,4,2,0,1,No,36,0
OTT-11271,Basic,9.47,97.8,6,1,1,8,1,3,Yes,11,0
OTT-16610,Basic,8.93,47.3,4,1,1,4,1,0,Yes,6,0
OTT-93489,Standard,15.1,1.3,14,2,2,1,1,0,No,30,0
OTT-64461,Basic,9.53,46.9,2,2,1,7,0,0,Yes,47,0
OTT-33811,Standard,14.74,23.4,7,1,4,1,0,0,Yes,29,0
OTT-33293,Standard,14.04,61.4,1,1,2,5,0,1,Yes,40,0
OTT-13560,Standard,14.48,89.5,1,2,2,8,1,0,Yes,2,0
OTT-95029,Standard,15.32,41.1,1,2,2,2,0,1,No,26,0
OTT-19742,Premium,20.8,35.3,11,6,4,3,1,1,No,30,1
OTT-78350,Premium,21.89,45.8,10,4,4,4,2,0,No,17,0
OTT-31622,Basic,8.29,93.2,0,2,2,8,1,0,No,48,0
OTT-40206,Standard,15.82,21.7,8,2,2,0,0,0,Yes,18,0
OTT-34651,Premium,21.8,111.6,4,2,3,7,2,0,Yes,32,0
OTT-84206,Basic,8.93,33.1,2,2,1,3,1,0,Yes,6,0
OTT-12952,Standard,15.52,70.5,3,1,2,1,0,0,Yes,29,0
OTT-41705,Standard,15.48,17.0,12,3,2,1,1,0,Yes,5,0
OTT-35141,Basic,8.18,109.9,5,1,1,8,0,0,Yes,1,0
OTT-34565,Basic,8.6,70.3,2,1,1,7,1,1,Yes,5,0
OTT-27364,Standard,14.64,82.3,2,2,2,8,1,0,Yes,23,0
OTT-92119,Basic,8.67,102.9,1,1,2,3,0,0,Yes,3,0
OTT-44075,Basic,8.62,34.5,4,2,1,7,0,1,No,37,1
OTT-47638,Premium,21.05,67.0,1,3,3,7,1,0,Yes,9,0
OTT-44664,Premium,20.42,34.0,9,3,4,3,0,0,Yes,34,0
OTT-98218,Standard,13.79,32.3,2,2,1,6,2,0,No,5,0
OTT-40510,Basic,8.51,71.3,6,2,1,3,1,0,Yes,2,0
OTT-40751,Basic,8.13,4.4,16,1,1,1,0,0,Yes,37,0
OTT-39512,Premium,21.52,50.0,4,6,2,7,1,0,No,18,0
OTT-39426,Basic,8.3,23.9,0,1,2,2,1,2,Yes,15,0
OTT-18075,Premium,20.19,32.3,2,2,3,5,1,0,Yes,41,0
OTT-64384,Standard,15.58,56.4,6,3,2,4,0,0,Yes,48,0
OTT-12268,Basic,9.17,2.1,25,1,1,2,0,0,Yes,8,1
OTT-30335,Standard,15.74,40.7,6,2,2,9,1,0,Yes,42,0
OTT-28190,Premium,22.94,120.7,4,5,5,5,2,0,Yes,22,0
OTT-36233,Premium,21.77,19.2,20,3,4,3,2,2,Yes,10,0
OTT-78097,Standard,15.48,45.8,1,2,3,9,0,0,Yes,3,1
OTT-63954,Basic,8.31,48.8,1,1,1,5,0,2,No,4,0
OTT-99171,Standard,15.24,35.9,2,3,3,7,0,0,Yes,2,0
OTT-41607,Standard,14.86,109.9,1,2,2,5,0,0,Yes,41,0
OTT-93566,Standard,15.18,85.1,2,2,1,6,1,0,Yes,8,0
OTT-14042,Basic,8.2,48.4,3,1,1,4,0,0,Yes,2,0
OTT-55379,Premium,22.8,137.2,0,3,4,9,2,0,Yes,11,0
OTT-81895,Standard,14.53,20.7,8,2,2,1,1,0,Yes,2,0
OTT-57863,Basic,9.54,89.7,6,3,1,5,0,0,Yes,3,0
OTT-93996,Basic,9.97,52.2,6,1,1,7,1,1,Yes,45,0
OTT-38312,Basic,9.74,12.3,8,1,1,1,1,0,No,18,0
OTT-12999,Standard,14.27,17.0,8,2,2,4,1,1,Yes,6,0
OTT-79653,Basic,8.79,58.7,3,1,1,4,1,0,Yes,10,0
OTT-16120,Standard,15.11,27.7,8,2,1,1,0,0,Yes,6,0
OTT-78827,Basic,9.07,34.8,1,1,1,8,0,0,Yes,17,0
OTT-76006,Basic,8.81,0.5,26,1,1,0,2,1,Yes,30,0
OTT-85983,Basic,9.3,20.4,8,2,1,2,0,1,Yes,10,0
OTT-53102,Basic,9.81,71.4,0,1,1,7,1,0,Yes,22,0
OTT-90594,Basic,8.61,70.1,1,1,1,3,2,0,Yes,5,0
OTT-25284,Basic,8.25,58.3,5,2,1,8,1,0,Yes,22,0
OTT-49090,Standard,15.18,53.8,1,2,2,2,0,0,No,6,0
OTT-20964,Standard,14.96,29.7,4,2,1,1,0,0,Yes,4,0
OTT-79018,Standard,15.75,91.7,4,2,2,11,1,2,Yes,25,0
OTT-74283,Basic,9.48,61.3,1,1,1,11,1,1,No,8,0
OTT-82575,Basic,8.78,101.0,0,1,2,8,1,1,Yes,8,0
OTT-78790,Basic,9.26,65.6,0,2,2,10,0,0,Yes,1,0
OTT-37761,Standard,15.65,101.5,2,3,2,8,1,0,Yes,36,0
OTT-16125,Standard,14.36,103.3,0,2,1,10,0,0,No,4,0
OTT-93630,Standard,13.52,71.2,3,2,2,7,1,0,Yes,22,0
OTT-54353,Standard,15.06,23.9,8,2,1,1,1,0,Yes,32,0
OTT-18490,Basic,8.04,31.1,0,1,1,3,1,1,Yes,21,0
OTT-93434,Basic,9.86,32.3,4,1,1,5,0,0,Yes,47,0
OTT-99483,Premium,20.49,112.9,1,4,4,4,1,0,Yes,3,1
OTT-50094,Basic,8.74,26.5,2,1,1,2,0,0,Yes,12,0
OTT-79307,Basic,9.88,84.6,1,1,1,4,2,0,Yes,39,0
OTT-13266,Basic,8.15,12.6,10,1,1,3,0,0,Yes,19,1
OTT-18394,Premium,20.0,53.0,3,4,3,5,3,1,Yes,9,1
OTT-34890,Premium,20.3,65.1,1,4,3,5,2,0,Yes,1,1
OTT-69060,Basic,9.96,11.2,14,2,1,1,2,0,No,37,0
OTT-22007,Basic,9.93,84.5,0,1,2,9,0,0,Yes,36,0
OTT-13076,Standard,14.45,88.1,1,1,1,6,0,2,Yes,8,0
OTT-70188,Basic,9.48,23.7,8,1,1,3,2,0,Yes,45,0
OTT-79316,Basic,9.46,95.2,6,1,2,11,0,0,Yes,17,0
OTT-76528,Standard,13.74,11.4,10,2,4,2,0,0,Yes,13,0
OTT-81929,Basic,8.46,104.9,6,1,1,4,0,0,No,5,0
OTT-82255,Basic,9.77,56.9,2,1,1,7,0,0,Yes,14,0
OTT-64216,Standard,13.9,19.2,13,2,3,0,0,0,Yes,29,1
OTT-56746,Standard,14.79,93.3,1,2,1,6,0,0,Yes,7,0
OTT-87116,Standard,14.1,10.4,15,3,2,2,0,0,No,3,1
OTT-41322,Basic,9.11,18.1,10,2,2,1,1,0,Yes,12,1
OTT-18809,Basic,8.38,69.9,1,1,2,4,1,2,Yes,44,0
OTT-77675,Premium,20.64,70.6,1,5,5,5,1,0,Yes,39,0
OTT-34832,Basic,8.08,26.4,5,1,1,0,1,0,Yes,4,0
OTT-98095,Basic,9.97,79.0,0,2,1,2,1,0,Yes,3,0
OTT-47275,Basic,8.22,81.6,3,2,1,5,2,0,Yes,23,0
OTT-86660,Basic,8.82,63.6,0,1,2,6,1,0,Yes,3,0
OTT-13821,Standard,14.53,26.2,6,1,3,1,1,0,No,41,0
OTT-69330,Basic,8.6,71.8,6,1,1,5,0,2,Yes,18,0
OTT-50338,Standard,15.47,2.1,14,2,3,3,2,0,Yes,20,0
OTT-51633,Basic,8.67,62.0,0,1,1,6,0,0,Yes,2,0
OTT-33868,Standard,15.05,24.0,12,4,3,1,2,0,No,17,0
OTT-97406,Standard,14.85,42.0,4,2,2,4,1,1,Yes,26,0
OTT-45345,Basic,9.72,102.9,1,1,1,5,0,0,Yes,14,0
OTT-86542,Premium,22.45,36.5,7,4,3,5,1,0,Yes,6,0
OTT-48258,Premium,20.64,31.9,15,2,4,10,2,0,Yes,2,0
OTT-14344,Basic,9.49,42.2,4,2,1,5,1,0,Yes,44,1
OTT-89146,Standard,15.47,28.6,2,4,2,3,0,1,No,33,0
OTT-26659,Standard,15.79,98.9,6,3,1,4,0,0,Yes,6,0
OTT-34330,Standard,15.9,27.5,5,2,1,2,0,1,Yes,18,0
OTT-87498,Basic,9.46,77.1,1,1,2,11,0,0,Yes,1,0
OTT-90435,Basic,8.89,88.1,0,2,1,3,2,0,Yes,8,0
OTT-92506,Basic,8.58,44.4,5,1,1,2,2,1,Yes,6,0
OTT-48336,Basic,9.72,55.5,5,2,1,7,0,0,Yes,24,0
OTT-78126,Basic,9.82,47.9,5,1,1,8,0,0,Yes,38,0
OTT-39502,Premium,20.28,33.5,20,3,5,10,0,2,No,2,1
OTT-76634,Basic,9.1,27.9,7,1,1,1,2,1,Yes,16,0
OTT-55225,Basic,8.25,107.4,2,1,1,5,0,0,Yes,4,0
OTT-14676,Basic,8.49,28.1,3,1,2,2,2,0,No,4,0
OTT-47596,Basic,8.76,81.6,1,1,2,7,0,1,Yes,3,0
OTT-52094,Standard,14.27,73.5,3,2,3,7,0,0,Yes,5,0
OTT-33163,Premium,22.14,114.4,2,4,5,7,1,0,Yes,24,0
OTT-43701,Basic,8.15,72.9,0,1,1,5,0,1,Yes,1,0
OTT-55240,Basic,9.22,6.0,23,2,2,1,0,0,No,38,0
OTT-14473,Basic,9.15,17.0,7,1,2,1,0,1,Yes,1,0
OTT-23662,Premium,22.35,119.6,2,5,5,8,1,0,No,11,0
OTT-79009,Basic,8.18,81.1,1,1,2,4,1,0,Yes,20,0
OTT-41673,Basic,8.66,28.5,4,1,1,3,0,0,Yes,39,0
OTT-64754,Basic,9.38,104.2,5,2,1,10,0,0,Yes,1,0
OTT-60920,Basic,9.41,81.7,6,2,2,6,0,0,Yes,3,0
OTT-59609,Basic,8.89,11.1,8,1,1,1,1,0,Yes,15,0
OTT-47206,Premium,21.38,91.1,0,4,5,6,1,1,No,17,0
OTT-53497,Basic,9.92,44.1,1,1,1,7,0,0,Yes,15,0
OTT-84151,Basic,8.64,74.0,2,1,1,5,0,0,Yes,3,0
OTT-96853,Basic,8.29,70.9,0,1,2,2,1,0,Yes,2,0
OTT-33104,Basic,9.9,107.4,0,2,1,3,1,0,Yes,35,0
OTT-70252,Premium,22.42,49.7,0,4,3,10,1,1,Yes,22,0
OTT-97278,Standard,14.08,61.6,3,2,3,7,0,0,Yes,7,0
OTT-10682,Premium,22.56,49.6,5,5,3,2,0,0,Yes,3,0
OTT-80624,Premium,20.75,34.0,0,5,4,4,0,1,Yes,6,0
OTT-54713,Standard,15.56,90.5,4,2,2,5,0,0,Yes,34,0
OTT-97082,Standard,15.06,88.7,1,4,2,6,2,0,Yes,12,0
OTT-62043,Standard,14.7,104.2,2,2,2,4,1,0,Yes,6,0
OTT-85431,Standard,15.81,73.8,1,2,4,4,0,1,Yes,44,0
OTT-24941,Standard,15.51,44.5,3,1,3,5,0,0,Yes,21,0
OTT-22789,Standard,13.81,53.9,0,1,4,5,3,0,Yes,5,0
OTT-93391,Basic,9.4,20.1,9,2,2,1,0,0,Yes,4,0
OTT-57380,Standard,15.46,7.9,15,2,1,2,1,0,Yes,16,1
OTT-60250,Basic,9.07,25.7,0,1,2,3,3,0,Yes,1,0
OTT-25297,Standard,14.18,102.1,4,3,1,9,0,0,No,16,0
OTT-30405,Standard,14.08,103.5,0,1,4,6,2,0,Yes,20,0
OTT-83639,Standard,15.93,92.3,1,2,2,1,1,2,Yes,2,0
OTT-37299,Standard,14.58,44.0,4,4,2,4,0,0,Yes,47,0
OTT-62574,Standard,14.79,15.0,9,2,2,1,0,0,Yes,2,1
OTT-38487,Standard,14.99,83.8,1,3,4,7,0,2,Yes,14,0
OTT-33710,Basic,8.19,48.9,1,1,2,3,1,2,Yes,8,1
OTT-24941,Basic,8.15,56.1,1,1,1,7,2,1,Yes,12,0
OTT-93662,Basic,8.39,21.4,9,1,1,3,4,0,No,9,0
OTT-94604,Basic,8.12,25.0,5,2,1,1,2,0,No,12,0
OTT-20366,Basic,9.79,34.1,0,1,1,4,0,0,Yes,44,0
OTT-41792,Standard,13.86,8.7,9,2,1,1,0,1,Yes,44,0
OTT-60747,Standard,14.06,3.9,14,1,3,4,1,1,Yes,38,0
OTT-44495,Basic,9.06,64.3,0,1,1,6,1,0,Yes,2,0
OTT-74892,Premium,22.68,102.0,2,3,4,10,3,1,No,11,0
OTT-33420,Basic,8.09,37.7,1,1,2,8,2,0,Yes,21,0
OTT-15296,Standard,14.03,53.4,1,2,3,3,1,0,Yes,6,0
OTT-40323,Standard,15.28,22.8,4,2,2,3,2,0,Yes,39,0
OTT-63806,Standard,14.79,17.3,12,2,3,2,1,0,Yes,3,0
OTT-26257,Basic,9.18,8.5,9,3,2,0,1,0,Yes,2,0
OTT-83430,Basic,8.02,50.4,1,1,1,15,0,0,Yes,2,0
OTT-11102,Basic,9.72,24.6,10,2,2,1,0,0,Yes,1,0
OTT-16077,Standard,14.94,104.4,0,2,1,9,2,0,Yes,6,0
OTT-55794,Premium,22.49,17.1,15,4,2,2,1,0,Yes,15,0
OTT-56101,Standard,15.9,46.9,3,3,2,3,0,0,No,11,0
OTT-36539,Standard,15.32,23.2,11,1,2,1,1,0,Yes,2,0
OTT-33269,Basic,8.05,83.4,5,2,1,1,1,1,Yes,6,0
OTT-16283,Standard,15.27,55.3,4,3,2,8,1,0,Yes,33,0
OTT-69662,Premium,21.68,21.3,14,5,2,0,0,1,Yes,1,1
OTT-44111,Basic,8.2,61.9,3,3,1,4,0,0,No,7,0
OTT-20680,Standard,14.17,26.7,8,4,1,1,2,0,Yes,22,1
OTT-45985,Basic,8.33,99.8,1,1,1,8,1,0,No,11,0
OTT-94333,Basic,9.84,105.5,5,2,1,6,1,0,Yes,46,0
OTT-33511,Basic,9.58,31.6,4,2,1,4,0,0,Yes,10,0
OTT-90524,Standard,15.24,45.5,0,2,4,6,2,1,Yes,47,0
OTT-33286,Standard,15.4,54.7,3,2,1,5,0,0,No,28,0
OTT-26737,Basic,9.19,87.4,2,1,1,6,2,3,No,4,0
OTT-33457,Premium,22.56,58.3,2,4,3,3,1,0,Yes,2,0
OTT-39093,Premium,20.68,35.8,7,4,4,3,3,0,Yes,2,0
OTT-20854,Standard,14.12,52.2,2,2,2,3,1,1,Yes,5,0
OTT-62886,Premium,21.77,64.3,0,5,3,5,1,0,Yes,21,0
OTT-40010,Premium,22.42,103.0,5,6,3,5,0,0,Yes,3,0
OTT-74624,Basic,9.66,3.5,28,2,2,2,1,0,No,1,0
OTT-54188,Premium,22.92,76.5,3,6,3,6,2,0,No,1,0
OTT-49838,Basic,9.51,26.6,3,3,1,2,0,0,Yes,8,0
OTT-52389,Basic,8.46,85.5,3,2,1,7,0,0,Yes,12,0
OTT-24066,Basic,8.45,64.3,1,1,2,7,0,0,Yes,32,0
OTT-74158,Standard,14.6,5.8,22,2,1,0,1,2,No,1,1
OTT-19373,Premium,21.94,66.8,1,6,4,4,1,0,Yes,3,0
OTT-74936,Basic,9.02,63.4,5,1,1,2,0,0,No,29,0
OTT-99977,Standard,13.66,34.0,1,3,1,8,0,1,Yes,20,0
OTT-78759,Basic,8.95,75.9,5,2,1,7,0,1,Yes,19,0
OTT-50981,Premium,22.44,51.2,7,5,5,7,1,0,Yes,20,0
OTT-38302,Basic,8.47,26.4,7,2,2,1,1,0,Yes,3,0
OTT-88526,Standard,15.08,87.0,3,3,4,2,0,0,Yes,37,0
OTT-33146,Standard,14.16,56.3,0,4,2,6,1,0,Yes,23,0
OTT-53413,Basic,9.1,103.1,3,3,1,5,1,0,Yes,23,0
OTT-79377,Premium,22.09,30.2,13,4,4,5,0,0,Yes,16,0
OTT-93011,Premium,20.61,24.4,8,4,4,1,2,1,Yes,5,0
OTT-92885,Standard,15.34,13.7,8,3,2,3,0,0,No,2,1
OTT-17898,Standard,15.18,88.5,4,3,2,6,1,2,Yes,39,0
OTT-90842,Premium,20.93,120.2,2,4,4,4,2,0,Yes,18,0
OTT-20261,Basic,9.78,71.2,0,2,1,5,1,0,Yes,2,0
OTT-62602,Basic,9.55,4.1,18,1,1,2,1,0,Yes,1,0
OTT-93665,Standard,14.79,56.2,4,4,2,5,0,1,Yes,34,0
OTT-68931,Standard,13.7,76.9,4,2,3,4,1,0,Yes,4,0
OTT-95273,Standard,14.59,41.6,3,1,2,5,1,0,Yes,8,0
OTT-40989,Standard,14.31,63.4,4,2,2,5,0,0,No,12,0
OTT-38324,Standard,14.15,25.7,6,2,4,0,0,0,Yes,25,0
OTT-39359,Basic,9.28,92.9,1,3,1,7,0,0,No,19,0
OTT-41964,Basic,9.83,55.6,1,2,2,7,0,0,Yes,47,0
OTT-71451,Basic,8.28,61.2,5,1,1,5,0,0,No,5,0
OTT-50720,Basic,9.47,25.7,7,1,1,1,0,0,Yes,34,0
OTT-76367,Standard,15.04,56.9,0,2,1,7,0,0,Yes,44,0
OTT-47454,Premium,21.99,82.6,2,5,3,13,0,0,Yes,11,0
OTT-37694,Basic,9.68,48.0,3,1,1,6,2,0,Yes,14,0
OTT-27103,Standard,14.43,9.9,14,4,2,1,1,1,Yes,1,0
OTT-59594,Basic,9.15,60.4,5,1,1,5,0,0,Yes,8,0
OTT-90852,Standard,14.18,64.4,3,2,1,4,0,0,Yes,3,0
OTT-87306,Premium,20.84,10.1,32,6,3,1,0,0,No,2,1
OTT-32797,Basic,9.02,8.4,15,1,1,3,0,0,No,43,0
OTT-52986,Standard,13.51,69.6,1,2,2,6,1,0,Yes,1,0
OTT-73473,Basic,8.49,60.3,2,1,1,2,0,0,Yes,13,0
OTT-65117,Basic,8.29,79.6,5,2,1,6,0,0,No,3,0
OTT-16043,Standard,13.79,78.1,0,4,2,6,1,0,No,4,1
OTT-63194,Standard,14.45,84.5,4,2,1,6,1,2,Yes,4,0
OTT-13487,Standard,13.75,63.3,4,4,1,3,1,0,Yes,5,0
OTT-20484,Premium,20.45,135.1,0,3,2,3,1,0,No,13,0
OTT-68835,Premium,22.0,12.9,32,4,2,3,0,0,Yes,43,1
OTT-19229,Standard,15.12,24.0,7,2,1,1,0,1,Yes,13,0
OTT-40511,Basic,9.88,63.0,0,1,1,9,0,0,Yes,48,0
OTT-62957,Basic,9.83,51.7,1,2,1,4,0,0,Yes,12,0
OTT-68990,Standard,15.67,18.5,11,2,2,4,0,2,Yes,22,0
OTT-50115,Standard,15.22,72.8,2,2,2,8,0,0,Yes,5,0
OTT-18461,Basic,8.52,49.2,0,2,2,7,2,3,Yes,2,0
OTT-81918,Basic,8.35,88.4,1,1,2,6,2,0,No,34,0
OTT-95485,Basic,9.89,16.6,8,1,1,0,0,0,Yes,19,0
OTT-89983,Basic,9.91,80.1,1,2,2,4,1,0,No,19,0
OTT-77365,Standard,14.75,47.4,4,3,2,5,1,1,Yes,33,0
OTT-46199,Premium,21.64,78.5,1,4,4,2,1,0,Yes,4,0
OTT-88863,Standard,13.5,53.0,2,2,3,6,0,0,No,40,0
OTT-53935,Premium,20.44,75.7,5,4,3,8,1,0,Yes,1,0
OTT-22282,Standard,14.85,21.5,7,2,2,1,0,0,Yes,42,0
OTT-86548,Basic,8.35,11.1,8,1,2,1,0,0,Yes,6,0
OTT-38814,Standard,14.69,43.6,1,3,3,5,1,1,Yes,1,0
OTT-94482,Premium,22.37,80.7,6,5,3,5,0,0,Yes,15,0
OTT-43150,Standard,15.49,13.5,7,3,1,3,0,0,No,4,0
OTT-88244,Standard,15.64,37.4,1,4,2,6,0,2,Yes,45,0
OTT-58345,Standard,14.08,93.9,2,2,3,11,4,0,Yes,7,0
OTT-52065,Basic,8.85,11.2,11,3,2,0,1,2,Yes,6,1
OTT-36717,Basic,9.24,78.5,2,1,1,8,1,0,No,2,0
OTT-85212,Basic,9.15,17.0,9,2,1,1,0,0,Yes,45,0
OTT-15456,Basic,9.99,11.3,10,1,1,1,1,1,Yes,17,0
OTT-52198,Premium,20.82,40.0,9,4,3,5,0,0,Yes,26,1
OTT-43198,Basic,8.13,10.2,11,2,1,1,1,1,Yes,5,0
OTT-58904,Basic,8.77,9.9,9,3,1,0,1,1,Yes,27,1
OTT-32909,Standard,14.79,53.6,1,1,2,7,0,0,Yes,18,0
OTT-69812,Premium,21.15,96.6,3,3,4,3,0,0,Yes,22,0
OTT-44732,Standard,14.29,57.0,5,3,2,11,2,2,Yes,4,0
OTT-26931,Basic,8.5,72.1,5,1,1,7,0,0,Yes,4,0
OTT-27726,Basic,8.84,10.6,9,1,1,1,1,0,Yes,40,0
OTT-72684,Standard,15.21,99.6,2,2,2,11,0,1,Yes,46,0
OTT-33570,Premium,20.44,79.7,5,3,3,6,1,1,Yes,2,0
OTT-37652,Basic,9.72,11.8,9,2,1,0,1,0,Yes,35,0
OTT-66425,Premium,21.91,26.0,30,2,3,0,0,0,No,3,0
OTT-39680,Standard,13.76,107.3,1,2,3,4,0,0,Yes,3,0
OTT-44933,Standard,13.55,77.4,2,1,3,9,2,1,Yes,1,0
OTT-32002,Basic,8.09,32.6,2,2,1,6,0,0,Yes,6,0
OTT-41084,Premium,20.26,58.6,6,6,3,5,0,0,Yes,5,0
OTT-72349,Standard,15.1,89.1,3,2,2,7,1,1,Yes,6,0
OTT-58050,Basic,9.87,24.9,10,2,1,0,1,0,Yes,5,1
OTT-99777,Basic,8.26,29.3,4,2,1,1,0,0,Yes,9,0
OTT-79466,Basic,8.56,47.9,3,1,2,4,0,0,Yes,42,0
OTT-11514,Basic,9.72,26.2,5,1,1,1,2,0,Yes,7,0
OTT-44097,Basic,9.0,32.9,2,1,1,7,0,0,Yes,4,1
OTT-36086,Basic,8.84,34.1,1,2,1,10,1,0,No,35,0
OTT-62876,Standard,14.67,5.8,23,2,2,0,1,0,No,2,1
OTT-33908,Standard,13.74,8.3,11,2,1,1,0,0,Yes,39,0
OTT-96957,Standard,14.04,84.8,1,1,1,7,0,1,Yes,18,0
OTT-36943,Standard,15.9,57.5,1,2,2,3,0,0,Yes,2,0
OTT-56977,Basic,9.28,57.3,0,2,1,4,1,0,No,4,0
OTT-21061,Basic,8.56,27.2,12,2,2,1,1,1,Yes,28,0
OTT-91880,Standard,15.86,51.1,1,2,2,5,0,0,Yes,31,0
OTT-92065,Standard,14.48,25.6,1,3,1,0,3,0,No,15,0
OTT-81429,Basic,8.27,57.6,2,2,2,8,1,0,Yes,47,0
OTT-41646,Premium,22.89,73.9,2,4,4,9,2,0,No,27,0
OTT-15284,Standard,15.15,63.4,0,3,2,7,0,1,Yes,2,0
OTT-73986,Premium,22.25,80.5,0,5,4,7,2,0,Yes,11,0
OTT-48618,Standard,13.55,51.4,1,3,3,4,0,0,Yes,5,0
OTT-99132,Basic,8.56,18.9,12,1,1,0,1,0,No,17,0
OTT-72847,Premium,22.83,119.6,2,4,4,6,2,0,Yes,3,0
OTT-58476,Premium,20.46,82.4,4,5,4,4,0,0,Yes,32,0
OTT-98803,Premium,22.61,38.5,7,5,3,7,1,0,No,12,0
OTT-82041,Premium,22.3,50.5,8,6,3,5,1,0,Yes,3,0
OTT-51253,Premium,21.13,84.8,5,5,4,9,1,0,Yes,5,0
OTT-11696,Standard,15.71,34.0,0,1,4,4,3,0,Yes,10,1
OTT-18350,Basic,9.84,16.6,9,2,2,0,1,0,Yes,16,0
OTT-49934,Standard,15.66,66.4,5,1,2,5,0,0,Yes,36,0
OTT-60580,Standard,14.51,98.4,3,3,2,6,1,0,Yes,2,0
OTT-12713,Standard,14.96,97.1,0,1,2,5,0,0,Yes,20,0
OTT-21390,Standard,14.26,89.6,2,2,1,8,0,0,Yes,16,0
OTT-73385,Standard,13.81,15.7,10,2,3,2,2,0,Yes,2,0
OTT-77636,Premium,22.7,59.7,0,6,2,4,0,0,Yes,7,0
OTT-12682,Standard,15.94,60.8,0,4,1,3,1,0,Yes,4,0
OTT-55690,Basic,8.11,50.1,4,1,1,9,1,0,Yes,1,0
OTT-17287,Standard,15.21,27.6,7,2,3,0,0,1,No,8,0
OTT-75108,Basic,9.89,9.7,9,1,1,1,1,0,No,32,0
OTT-85065,Basic,9.21,66.5,5,2,1,3,4,0,Yes,6,1
OTT-88241,Standard,13.61,55.8,1,1,1,7,1,0,Yes,4,0
OTT-63835,Premium,20.03,118.1,0,3,5,7,0,0,Yes,10,0
OTT-66604,Basic,9.0,74.5,0,2,2,8,2,0,Yes,40,0
OTT-93392,Basic,9.87,9.2,11,1,1,1,0,0,Yes,9,0
OTT-65118,Standard,14.19,21.5,13,2,3,1,1,1,No,6,0
OTT-50164,Standard,14.37,65.4,0,4,2,5,1,0,Yes,15,0
OTT-77910,Basic,9.58,20.3,9,2,1,1,0,0,Yes,14,0
OTT-63174,Basic,9.59,30.1,6,1,1,5,0,1,Yes,23,0
OTT-85820,Standard,15.85,66.9,5,2,3,7,1,0,Yes,2,0
OTT-57222,Premium,22.51,24.2,7,4,3,1,3,1,Yes,6,1
OTT-88213,Basic,9.18,34.9,3,1,1,4,1,0,Yes,2,0
OTT-14037,Standard,15.84,76.1,0,1,2,4,1,1,No,14,0
OTT-13278,Standard,15.03,3.2,30,4,3,1,1,0,No,1,1
OTT-18913,Basic,9.19,24.2,0,2,1,1,0,0,No,4,0
OTT-60056,Premium,20.04,66.3,6,4,4,5,1,0,Yes,23,0
OTT-73807,Basic,8.9,51.0,3,2,1,3,1,2,Yes,35,0
OTT-29464,Basic,8.08,69.9,1,1,1,10,1,0,Yes,1,0
OTT-24017,Basic,9.79,87.1,2,1,1,3,1,1,No,23,0
OTT-87430,Basic,8.01,80.2,3,1,1,7,1,0,Yes,12,0
OTT-77547,Standard,14.26,17.2,7,4,1,0,0,0,Yes,6,0
OTT-68355,Standard,15.98,27.2,8,3,2,1,1,0,Yes,42,0
OTT-53952,Standard,15.48,52.1,1,2,4,2,1,0,No,40,0
OTT-47819,Standard,15.38,23.7,12,2,2,2,0,2,Yes,5,0
OTT-11847,Basic,9.42,94.7,2,1,2,14,0,1,Yes,3,0
OTT-26929,Premium,20.14,49.9,5,3,4,9,0,0,Yes,1,0
OTT-90728,Premium,20.85,33.8,5,3,4,2,2,2,Yes,3,0
OTT-40511,Basic,9.59,108.8,4,1,1,6,0,0,No,23,0
OTT-73408,Standard,15.73,15.2,12,4,4,3,1,0,No,24,0
OTT-73339,Premium,21.04,94.5,2,2,4,10,3,0,Yes,43,0
OTT-37847,Standard,14.14,1.3,21,2,3,0,0,0,Yes,1,1
OTT-28392,Basic,8.46,89.2,5,1,2,4,1,1,Yes,22,0
OTT-72249,Basic,9.09,53.0,2,1,1,5,1,0,Yes,1,0
OTT-18422,Premium,20.86,30.7,12,3,2,5,1,0,Yes,9,1
OTT-54533,Standard,13.54,0.2,29,3,1,1,1,0,No,1,1
OTT-89921,Standard,14.47,10.2,8,2,3,3,1,0,Yes,39,0
OTT-74018,Premium,21.65,110.5,0,4,5,3,0,0,Yes,27,0
OTT-78778,Basic,9.26,70.8,1,1,1,5,0,0,Yes,6,0
OTT-17493,Premium,21.02,41.5,7,6,4,4,3,0,Yes,10,0
OTT-27981,Standard,14.27,2.8,17,2,3,1,2,0,Yes,13,0
OTT-34758,Standard,14.2,50.8,6,3,2,5,1,0,Yes,41,0
OTT-36307,Basic,9.24,96.9,2,2,1,12,0,2,Yes,15,0
OTT-27467,Basic,8.56,19.7,8,2,2,0,1,1,Yes,1,0
OTT-97485,Basic,9.82,80.9,0,3,1,5,0,1,Yes,17,0
OTT-24845,Basic,8.55,40.2,5,1,1,4,4,1,No,6,0
OTT-73735,Basic,9.57,70.9,0,2,1,3,1,0,Yes,10,0
OTT-62807,Basic,8.63,86.6,1,1,1,6,0,0,Yes,3,0
OTT-64946,Standard,15.08,37.2,2,3,2,9,1,0,No,23,0
OTT-29318,Premium,22.09,65.5,1,4,4,3,2,0,Yes,36,0
OTT-37686,Basic,8.34,0.0,39,2,1,0,1,0,No,2,1
OTT-64584,Basic,8.75,106.7,4,1,2,5,0,0,Yes,19,0
OTT-36920,Standard,13.81,10.9,16,1,2,0,0,1,No,7,0
OTT-72469,Standard,14.77,9.8,12,1,2,1,0,0,Yes,4,0
OTT-13557,Standard,15.76,24.6,7,3,2,2,2,0,Yes,23,0
OTT-16553,Premium,21.78,48.4,11,5,4,5,1,0,Yes,7,0
OTT-75562,Basic,9.39,106.9,2,1,1,8,0,1,No,6,0
OTT-65507,Standard,14.2,66.8,0,2,4,7,0,0,Yes,27,0
OTT-13885,Premium,21.39,69.6,3,4,4,8,3,0,Yes,13,0
OTT-90912,Standard,15.34,97.3,2,3,4,7,1,1,No,11,0
OTT-10437,Standard,13.82,26.8,13,2,1,0,1,1,Yes,2,0
OTT-95998,Premium,20.36,88.6,4,3,4,6,0,0,Yes,2,0
OTT-75653,Basic,8.44,57.9,4,2,2,4,0,0,Yes,2,0
OTT-98931,Basic,8.46,90.2,6,1,1,11,3,1,Yes,34,0
OTT-95397,Basic,9.91,29.4,0,2,1,1,0,0,No,37,0
OTT-38181,Premium,20.47,112.9,4,2,2,7,2,0,Yes,42,0
OTT-78084,Premium,20.31,117.0,3,3,5,8,2,1,Yes,5,0
OTT-28981,Basic,8.27,48.0,0,1,1,6,0,0,Yes,7,0
OTT-52447,Standard,14.0,23.0,2,2,4,2,0,0,Yes,44,0
OTT-31609,Standard,14.41,8.2,7,4,1,0,1,0,No,17,0
OTT-53743,Basic,8.38,108.1,2,1,2,4,1,0,Yes,6,0
OTT-88509,Premium,20.25,119.9,3,4,3,1,0,0,Yes,33,0
OTT-49251,Basic,8.26,53.6,1,2,1,8,1,2,Yes,6,1
OTT-18315,Premium,22.36,106.2,0,3,5,6,2,0,Yes,6,0
OTT-39217,Standard,14.79,100.5,0,2,1,6,1,0,Yes,32,0
OTT-80786,Basic,9.48,101.9,4,2,1,4,1,0,Yes,23,1
OTT-56953,Standard,13.93,66.2,0,3,2,5,0,1,Yes,4,0
OTT-60416,Standard,14.25,24.4,7,1,4,1,0,0,Yes,14,0
OTT-48803,Basic,9.95,8.8,11,2,1,1,2,0,Yes,30,0
OTT-36349,Basic,8.16,36.1,3,1,1,7,0,0,Yes,4,1
OTT-63834,Premium,21.31,105.7,3,4,4,4,0,1,Yes,41,0
OTT-66977,Standard,14.23,31.2,0,2,2,6,2,2,Yes,2,0
OTT-90829,Standard,13.51,8.9,8,3,4,1,0,0,Yes,5,0
OTT-65599,Basic,9.09,31.5,1,2,1,8,0,2,Yes,7,1
OTT-99549,Standard,14.87,62.0,3,3,1,6,0,1,Yes,19,0
OTT-84391,Standard,14.29,65.0,1,1,2,6,1,0,No,4,0
OTT-17086,Basic,8.93,103.5,0,1,1,6,0,0,No,10,0
OTT-45295,Basic,8.77,16.4,12,1,1,2,0,1,Yes,19,1
OTT-44621,Basic,8.92,18.3,8,1,2,2,1,1,Yes,10,0
OTT-10271,Standard,15.61,93.8,0,2,3,7,0,0,Yes,22,0
OTT-26263,Basic,9.42,93.7,4,1,2,4,0,0,No,38,0
OTT-78596,Premium,20.83,78.1,1,3,3,2,2,0,Yes,7,0
OTT-41690,Basic,8.47,85.8,0,2,2,8,0,0,Yes,15,0
OTT-23308,Premium,22.17,125.0,0,4,4,7,0,0,Yes,13,0
OTT-35872,Basic,8.44,94.5,2,2,2,7,1,1,No,22,0
OTT-34723,Standard,15.76,1.1,25,3,2,2,0,1,No,3,0
OTT-25708,Standard,15.57,22.8,10,2,3,0,0,0,Yes,3,0
OTT-19107,Standard,14.12,22.8,11,4,3,1,2,0,Yes,1,0
OTT-78766,Premium,22.39,62.7,4,4,5,10,2,1,Yes,1,0
OTT-84206,Basic,8.37,80.9,5,2,1,7,0,0,Yes,47,0
OTT-54665,Basic,8.04,29.7,0,2,1,2,0,0,Yes,13,0
OTT-65391,Basic,9.91,46.1,2,2,1,8,1,1,No,20,0
OTT-92731,Standard,15.39,24.5,4,2,2,0,0,2,Yes,23,1
OTT-85838,Premium,21.46,38.9,0,4,4,9,1,0,Yes,23,0
OTT-12933,Basic,9.68,31.4,3,1,1,6,0,1,No,7,0
OTT-95765,Standard,13.68,11.4,16,3,1,2,1,1,Yes,10,1
OTT-16027,Basic,9.47,36.4,4,1,1,6,0,2,Yes,19,0
OTT-12391,Premium,22.86,21.1,25,4,4,1,1,0,No,3,0
OTT-46294,Basic,9.63,88.0,1,1,2,3,1,0,Yes,23,0
OTT-77126,Premium,21.29,94.7,3,4,2,2,1,1,Yes,19,0
OTT-17224,Standard,14.36,78.0,3,2,2,2,1,0,Yes,44,0
OTT-36368,Premium,22.67,118.1,0,5,4,5,3,0,Yes,24,0
OTT-33645,Standard,14.22,80.6,6,1,3,9,2,0,Yes,25,0
OTT-45763,Basic,9.86,21.4,8,1,1,2,0,0,Yes,20,0
OTT-98741,Premium,20.95,79.4,3,3,5,8,3,0,Yes,5,0
OTT-39826,Standard,13.8,71.8,0,3,2,7,1,0,No,10,0
OTT-28806,Basic,8.46,89.4,1,1,1,10,1,1,Yes,32,0
OTT-21008,Standard,14.79,53.6,1,2,4,7,1,0,Yes,36,0
OTT-27830,Premium,20.38,34.8,5,3,3,8,1,0,Yes,26,0
OTT-21982,Standard,14.44,59.5,0,2,1,2,0,0,Yes,6,0
OTT-61627,Basic,9.8,55.2,2,1,1,4,0,0,Yes,8,0
OTT-47845,Premium,20.27,47.5,2,4,3,5,0,0,No,37,0
OTT-54819,Basic,9.22,84.4,0,2,1,7,2,0,Yes,9,0
OTT-84892,Basic,8.8,92.8,0,1,1,6,2,0,Yes,11,0
OTT-62238,Basic,9.28,11.2,9,1,2,2,0,0,No,13,0
OTT-23965,Basic,8.97,64.3,1,2,2,5,0,0,Yes,14,0
OTT-43905,Standard,15.68,50.7,1,3,4,4,2,1,Yes,2,1
OTT-38131,Basic,8.79,72.0,2,2,1,2,0,0,Yes,6,0
OTT-84407,Basic,9.01,30.3,0,1,1,12,1,1,Yes,31,0
OTT-37631,Basic,8.25,26.7,7,1,1,2,0,3,Yes,32,0
OTT-22472,Premium,21.46,45.2,0,6,3,4,4,0,Yes,45,0
OTT-76239,Standard,13.78,94.4,3,2,2,7,0,0,Yes,5,0
OTT-48554,Standard,14.95,39.1,1,1,4,1,1,0,Yes,4,0
OTT-18627,Standard,14.56,89.8,2,2,1,9,1,0,Yes,6,0
OTT-72077,Basic,9.56,46.8,1,1,1,7,1,0,Yes,32,0
OTT-28945,Premium,21.25,108.5,0,4,3,1,3,0,Yes,10,0
OTT-88140,Basic,9.25,102.6,4,2,1,3,1,0,Yes,37,0
OTT-84920,Basic,8.11,26.7,8,1,2,2,0,0,No,2,0
OTT-43261,Basic,9.41,25.3,9,1,2,0,2,3,Yes,17,1
OTT-60003,Basic,9.9,59.4,2,1,1,10,0,0,Yes,43,0
OTT-61096,Basic,8.89,16.6,10,2,1,0,0,2,Yes,4,0
OTT-68807,Standard,13.51,105.8,1,3,2,7,0,0,No,47,0
OTT-16222,Basic,9.2,100.4,2,1,1,4,0,0,Yes,9,0
OTT-39235,Basic,8.28,64.7,0,1,1,6,0,1,Yes,5,1
OTT-25328,Standard,14.66,57.0,0,4,3,9,0,0,Yes,1,0
OTT-72773,Standard,13.57,30.3,5,2,2,5,0,1,Yes,44,0
OTT-16222,Premium,21.32,83.4,2,4,5,5,2,0,Yes,13,0
OTT-56525,Basic,9.74,63.5,1,1,1,3,0,0,Yes,24,0
OTT-75508,Premium,20.4,25.4,14,3,3,2,2,0,Yes,37,0
OTT-95353,Standard,14.74,50.5,4,3,3,4,2,0,Yes,10,0
OTT-35925,Standard,14.12,14.1,11,1,2,1,0,0,Yes,42,0
OTT-10717,Basic,8.51,1.3,15,1,1,2,1,0,Yes,27,0
OTT-75136,Standard,15.1,25.5,4,2,2,1,0,0,Yes,5,0
OTT-10139,Basic,9.49,93.1,0,1,2,6,2,0,Yes,28,0
OTT-15975,Standard,15.67,2.8,21,3,2,0,1,0,No,3,1
OTT-99143,Standard,14.19,11.6,14,1,1,1,0,0,No,6,0
OTT-87628,Basic,8.13,27.3,5,1,1,1,0,0,Yes,18,0
OTT-73677,Basic,8.87,93.0,0,2,1,5,2,0,No,30,0
OTT-85196,Premium,21.74,23.1,7,3,4,2,3,0,Yes,5,0
OTT-16781,Standard,15.34,77.9,6,1,1,8,0,0,Yes,14,0
OTT-18003,Standard,15.38,88.6,0,3,3,7,1,1,Yes,9,0
OTT-37074,Premium,22.58,49.9,1,3,2,8,0,0,Yes,4,0
OTT-12138,Basic,8.05,71.4,2,1,1,7,0,0,No,40,0
OTT-89947,Standard,15.94,90.7,0,2,1,7,0,0,Yes,44,0
OTT-15065,Standard,15.91,37.0,1,2,2,8,1,1,Yes,4,0
OTT-58963,Basic,8.06,18.4,9,2,2,1,1,0,Yes,2,0
OTT-86825,Basic,8.62,68.9,6,1,1,5,0,0,No,34,0
OTT-76148,Premium,22.29,43.3,8,4,3,8,1,0,Yes,6,0
OTT-31123,Basic,8.95,53.8,4,2,1,4,0,0,Yes,3,0
OTT-52329,Basic,8.0,78.8,0,3,1,13,1,0,Yes,45,0
OTT-59344,Basic,8.7,105.6,2,2,1,6,1,0,No,28,0
OTT-79112,Standard,14.94,84.4,2,2,2,4,0,0,No,22,0
OTT-48361,Standard,15.69,8.4,10,3,3,0,1,0,Yes,17,1
OTT-35652,Basic,9.65,35.3,1,2,2,6,1,0,Yes,43,0
OTT-81596,Basic,9.88,57.0,2,1,2,6,1,0,Yes,23,0
OTT-89782,Basic,8.93,57.6,0,1,1,9,0,0,Yes,22,0
OTT-54000,Standard,15.49,51.1,3,1,1,6,2,0,No,48,0
OTT-12521,Premium,20.29,31.2,18,6,5,5,2,3,Yes,20,1
OTT-55058,Basic,9.03,105.0,1,2,1,3,1,0,Yes,15,0
OTT-90035,Standard,15.78,92.8,2,1,2,4,1,0,Yes,6,0
OTT-99017,Standard,15.59,34.2,0,3,4,6,0,0,No,17,0
OTT-46092,Standard,15.13,61.1,5,3,1,6,0,0,Yes,22,0
OTT-23511,Standard,13.86,82.0,6,3,2,8,1,2,No,2,0
OTT-61494,Basic,8.35,36.4,4,2,1,7,1,0,Yes,15,0
OTT-84762,Standard,15.19,26.5,2,2,2,1,0,0,Yes,26,1
OTT-95049,Standard,14.3,106.3,4,2,1,7,0,0,Yes,10,0
OTT-14657,Standard,14.31,91.0,1,2,1,4,1,0,Yes,3,0
OTT-36149,Basic,9.69,99.9,2,2,1,4,0,0,Yes,2,0
OTT-52987,Basic,8.03,90.8,0,2,2,1,0,1,Yes,4,0
OTT-18842,Basic,8.78,81.8,3,1,2,7,1,0,Yes,29,0
OTT-89769,Basic,8.47,2.7,28,1,1,2,0,0,Yes,8,1
OTT-20095,Basic,8.04,18.5,8,1,2,0,3,0,Yes,6,0
OTT-69868,Basic,8.42,44.6,2,1,1,1,0,0,No,37,0
OTT-92675,Basic,8.36,30.3,3,2,1,5,1,0,Yes,2,1
OTT-71668,Basic,9.0,74.6,3,1,1,9,1,1,No,1,0
OTT-78687,Premium,21.3,38.1,10,5,4,2,1,1,Yes,44,0
OTT-33698,Standard,14.67,94.4,0,1,1,10,0,0,Yes,22,0
OTT-84471,Basic,9.75,69.1,3,1,2,3,1,0,Yes,34,0
OTT-47671,Standard,14.73,109.6,1,2,2,2,0,0,Yes,31,0
OTT-15518,Standard,15.09,55.9,5,2,2,8,0,1,Yes,47,0
OTT-42991,Basic,9.28,58.9,5,2,1,10,2,0,No,1,0
OTT-41485,Standard,14.78,45.7,3,3,2,4,2,1,Yes,43,0
OTT-56929,Basic,8.6,47.2,0,1,1,7,1,0,Yes,11,0
OTT-33834,Standard,15.75,64.0,2,1,2,7,0,0,Yes,2,0
OTT-51600,Basic,8.87,9.3,9,2,1,0,0,0,No,24,0
OTT-48516,Standard,14.92,95.3,1,4,3,3,2,0,Yes,10,0
OTT-39420,Basic,9.11,30.7,5,1,1,5,2,1,Yes,30,0
OTT-72659,Basic,9.65,101.8,6,2,1,5,0,0,Yes,23,0
OTT-37492,Standard,14.83,1.4,28,1,3,0,0,1,No,19,0
OTT-78919,Basic,8.9,62.5,4,1,1,2,0,0,Yes,2,0
OTT-32576,Basic,8.91,27.3,9,1,1,2,1,0,Yes,35,0
OTT-87837,Basic,9.55,87.0,1,1,1,7,2,1,Yes,20,0
OTT-42853,Standard,14.31,13.6,7,2,2,3,0,2,Yes,1,0
OTT-13662,Standard,15.83,48.9,3,2,2,4,0,0,Yes,2,0
OTT-23494,Premium,22.53,56.6,0,5,3,8,0,0,Yes,45,0
OTT-82562,Standard,13.84,20.8,7,1,4,1,0,0,No,6,0
OTT-88488,Premium,20.94,86.7,0,4,3,3,0,0,No,22,0
OTT-29077,Basic,9.8,25.8,9,1,1,3,1,0,Yes,8,0
OTT-64190,Standard,14.19,47.0,3,3,1,7,0,1,No,2,1
OTT-61690,Basic,8.63,9.3,11,1,1,0,1,0,Yes,19,0
OTT-22040,Basic,8.42,12.4,13,1,1,1,1,0,Yes,6,0
OTT-50679,Standard,13.63,106.8,1,1,2,7,1,0,Yes,25,0
OTT-72446,Premium,21.43,125.4,3,3,4,6,2,0,No,24,0
OTT-97040,Standard,15.38,53.1,0,2,3,6,2,0,Yes,6,0
OTT-86289,Basic,9.31,65.1,1,1,1,6,0,1,Yes,22,0
OTT-18804,Standard,13.56,96.5,3,2,2,6,0,0,Yes,10,0
OTT-31377,Basic,9.04,64.0,1,1,1,3,0,2,Yes,34,0
OTT-49303,Standard,14.32,106.4,2,4,2,5,2,1,Yes,2,0
OTT-23553,Basic,9.27,24.8,7,1,1,1,0,0,Yes,22,0
OTT-61361,Basic,8.8,87.2,0,2,1,8,2,2,Yes,36,0
OTT-10775,Basic,9.95,7.9,18,1,1,4,1,0,Yes,1,0
OTT-20216,Premium,22.48,38.0,10,4,5,7,1,0,Yes,21,0
OTT-14252,Basic,9.39,38.1,0,1,1,8,1,1,Yes,5,0
OTT-36593,Basic,9.02,25.3,11,1,1,1,0,0,No,7,1
OTT-78601,Basic,9.17,43.2,1,1,1,4,0,0,Yes,2,0
OTT-25954,Standard,14.6,43.4,4,1,1,5,1,0,Yes,41,0
OTT-98845,Basic,9.58,24.9,8,2,2,2,1,0,Yes,19,0
OTT-34258,Standard,15.76,26.1,1,2,2,2,0,0,Yes,2,0
OTT-14039,Basic,9.99,85.2,3,1,1,8,0,0,Yes,47,0
OTT-40194,Basic,9.19,20.3,7,1,2,3,1,0,Yes,39,0
OTT-77325,Basic,9.35,25.3,0,2,1,2,0,0,Yes,17,0
OTT-19598,Basic,8.79,37.9,6,3,1,5,1,2,Yes,19,0
OTT-16467,Standard,13.51,48.4,1,1,1,6,1,0,Yes,1,0
OTT-86440,Basic,9.4,42.0,0,3,1,8,0,0,Yes,12,0
OTT-63291,Standard,15.83,11.4,11,2,2,1,0,0,Yes,1,0
OTT-40891,Basic,9.71,97.1,1,2,2,9,0,0,Yes,2,0
OTT-78046,Basic,9.75,103.4,0,2,1,7,2,0,No,47,0
OTT-85988,Basic,8.79,37.4,0,2,1,6,0,0,Yes,17,0
OTT-42328,Standard,15.27,7.4,21,2,2,2,0,0,Yes,3,0
OTT-60505,Basic,9.27,60.1,1,2,2,5,1,0,Yes,3,0
OTT-10984,Standard,14.84,55.1,4,3,1,7,0,0,Yes,34,0
OTT-37551,Premium,20.44,16.5,17,3,3,0,0,0,No,1,0
OTT-63566,Basic,9.14,26.0,4,2,1,4,0,0,Yes,2,0
OTT-27738,Basic,8.59,107.8,3,2,1,5,0,0,No,1,0
OTT-99211,Basic,9.4,50.0,0,1,1,13,1,0,Yes,5,1
OTT-97401,Basic,9.88,72.1,3,2,2,7,0,2,No,6,0
OTT-33185,Basic,9.45,104.0,3,2,1,7,0,0,Yes,26,0
OTT-45672,Standard,14.14,20.9,12,3,3,3,0,0,Yes,5,0
OTT-27054,Standard,14.65,89.5,0,2,1,7,0,0,Yes,21,0
OTT-55355,Standard,14.9,30.5,0,3,1,5,1,0,Yes,21,0
OTT-21153,Basic,9.44,72.1,2,1,1,5,0,1,No,20,0
OTT-45184,Standard,13.86,49.3,4,1,3,7,1,0,Yes,15,0
OTT-59972,Standard,14.8,58.9,6,2,3,9,2,0,Yes,8,0
OTT-65065,Standard,15.64,42.9,3,3,2,10,1,0,Yes,10,0
OTT-63679,Standard,13.56,76.2,6,1,2,3,0,2,No,21,0
OTT-29927,Standard,15.31,69.2,0,1,1,5,0,0,No,25,0
OTT-81303,Standard,15.69,33.3,0,2,3,7,5,0,Yes,19,0
OTT-72256,Basic,9.58,86.2,1,2,2,4,1,1,Yes,29,0
OTT-77775,Standard,15.82,13.7,9,3,4,1,1,0,Yes,2,0
OTT-52106,Standard,15.45,73.6,0,2,2,2,0,1,Yes,23,0
OTT-90327,Basic,9.03,25.4,8,2,1,0,1,0,No,11,0
OTT-45086,Basic,8.94,16.0,7,2,1,1,1,0,Yes,5,0
OTT-82518,Basic,8.05,78.3,5,1,1,4,0,0,Yes,37,0
OTT-28317,Standard,13.54,97.9,0,2,1,6,1,0,Yes,4,0
OTT-32253,Basic,9.27,76.8,5,1,1,4,1,0,Yes,2,0
OTT-57406,Premium,20.82,121.4,1,3,4,3,1,0,Yes,30,0
OTT-60028,Premium,20.91,56.7,3,3,3,5,1,1,No,6,0
OTT-77158,Premium,22.41,65.0,3,2,4,10,0,0,No,16,0
OTT-36766,Basic,8.21,83.8,0,3,2,9,0,1,Yes,3,0
OTT-88537,Standard,14.2,1.7,28,2,2,3,0,0,Yes,35,0
OTT-39680,Premium,22.05,62.8,5,3,5,7,2,0,Yes,22,0
OTT-58075,Standard,13.57,51.5,0,2,3,3,0,2,Yes,22,0
OTT-93874,Basic,9.03,85.7,1,1,1,7,0,0,No,30,0
OTT-58545,Premium,20.25,35.9,8,3,4,4,1,3,Yes,23,0
OTT-71369,Standard,15.39,8.0,18,1,3,0,0,0,Yes,29,0
OTT-91775,Standard,15.08,100.2,5,2,2,6,1,0,No,31,0
OTT-97712,Premium,21.82,90.8,3,4,3,6,1,0,Yes,23,0
OTT-54946,Premium,20.65,110.5,0,4,2,5,0,0,Yes,41,0
OTT-47521,Standard,15.3,31.4,2,3,2,3,1,0,Yes,7,0
OTT-27723,Basic,8.59,108.7,3,1,2,8,0,1,Yes,2,0
OTT-58368,Standard,14.92,99.0,2,2,4,6,1,0,Yes,3,0
OTT-92649,Standard,13.72,25.9,8,1,2,2,0,0,Yes,16,0
OTT-53839,Standard,13.73,99.5,2,2,1,6,1,0,Yes,5,0
OTT-41362,Basic,8.38,10.3,15,1,1,1,2,0,Yes,7,0
OTT-19655,Standard,14.03,29.5,4,2,2,0,0,1,Yes,2,0
OTT-45075,Standard,13.81,102.1,3,4,1,7,1,0,Yes,7,0
OTT-31302,Premium,20.34,49.3,0,4,4,6,0,0,Yes,4,0
OTT-97903,Premium,22.63,118.5,5,5,2,8,0,0,Yes,28,0
OTT-57486,Basic,9.1,71.1,3,1,2,3,1,0,Yes,6,0
OTT-22328,Standard,15.05,4.1,17,3,1,0,0,0,No,3,0
OTT-16063,Standard,14.21,49.7,3,2,2,2,0,0,Yes,7,0
OTT-86566,Standard,13.63,13.4,9,2,1,1,0,0,Yes,19,1
OTT-93830,Basic,9.93,85.8,0,1,1,5,0,2,Yes,16,0
OTT-78669,Standard,13.63,86.7,5,4,2,6,2,0,Yes,9,0
OTT-21145,Standard,15.55,16.6,7,3,2,1,1,0,Yes,6,0
OTT-18845,Standard,15.15,59.6,1,2,3,5,1,1,Yes,28,0
OTT-27818,Premium,21.21,66.1,0,6,4,9,1,0,Yes,17,0
OTT-77601,Premium,22.23,34.2,11,4,4,9,0,0,Yes,4,0
OTT-78878,Premium,22.28,109.0,2,4,5,2,3,0,Yes,28,0
OTT-85405,Premium,22.62,34.5,10,3,2,7,1,2,Yes,19,0
OTT-18724,Standard,14.85,33.4,2,2,3,0,0,0,Yes,7,0
OTT-23789,Premium,20.63,108.8,2,4,2,7,1,0,Yes,13,0
OTT-91024,Premium,21.71,45.5,7,5,4,7,1,0,Yes,22,0
OTT-93586,Standard,13.74,93.4,2,4,3,7,1,0,Yes,8,0
OTT-75312,Basic,8.74,22.7,2,2,1,2,1,1,Yes,6,0
OTT-19543,Basic,9.21,10.0,19,1,1,2,2,0,Yes,5,1
OTT-16175,Standard,14.12,24.6,0,1,1,3,1,1,Yes,27,0
OTT-15002,Standard,15.65,33.8,1,2,3,5,1,0,Yes,10,0
OTT-72265,Standard,15.93,43.3,4,1,4,4,1,0,Yes,7,0
OTT-86136,Standard,13.68,65.3,6,2,3,6,0,0,Yes,2,0
OTT-66845,Standard,14.0,24.9,7,1,2,2,0,3,No,16,0
OTT-33588,Basic,8.94,93.6,3,1,1,3,1,0,Yes,5,0
OTT-78160,Basic,8.07,54.8,2,1,1,3,0,0,Yes,1,0
OTT-15321,Standard,13.72,63.7,0,3,2,3,1,0,Yes,1,0
OTT-84536,Basic,9.79,37.0,0,1,1,6,0,0,Yes,10,0
OTT-90268,Premium,20.13,41.5,12,3,3,3,1,0,Yes,19,0
OTT-74650,Premium,20.73,75.1,3,4,4,9,0,0,Yes,1,0
OTT-89132,Standard,14.55,40.0,0,1,1,2,0,1,Yes,1,0
OTT-62755,Standard,13.54,27.8,13,3,1,1,0,1,No,10,1
OTT-52152,Premium,22.42,59.5,1,3,3,5,1,0,Yes,18,0
OTT-39021,Premium,22.48,64.8,5,2,4,7,1,0,Yes,12,0
OTT-92952,Standard,14.48,108.5,5,2,1,9,2,0,Yes,1,0
OTT-72753,Premium,20.6,30.1,22,3,4,7,0,0,Yes,11,0
OTT-27144,Standard,15.72,24.9,1,2,1,4,1,0,Yes,32,0
OTT-96126,Basic,9.35,62.1,2,2,1,6,0,0,Yes,21,0
OTT-15328,Standard,14.8,48.1,2,3,3,4,2,0,Yes,6,0
OTT-62876,Standard,14.47,98.6,5,2,1,9,1,1,Yes,15,0
OTT-27148,Premium,21.61,112.5,3,3,4,11,4,0,Yes,5,0
OTT-69790,Basic,8.49,69.6,2,1,1,8,0,0,Yes,2,0
OTT-47138,Basic,8.89,22.9,6,1,1,1,0,0,Yes,2,0
OTT-49341,Standard,15.2,45.4,5,2,1,7,1,0,Yes,35,0
OTT-70438,Premium,21.22,118.5,3,3,3,5,3,1,Yes,12,0
OTT-78050,Standard,15.2,43.9,2,1,2,9,0,1,Yes,42,0
OTT-44203,Basic,9.47,24.4,0,1,2,5,1,0,Yes,23,0
OTT-99789,Premium,22.25,50.9,1,4,3,5,1,0,Yes,7,0
OTT-54862,Standard,14.91,88.6,2,3,2,3,0,0,Yes,4,0
OTT-24434,Premium,20.54,121.7,1,4,3,2,1,0,Yes,11,0
OTT-10575,Premium,22.09,43.0,9,2,4,6,4,0,Yes,1,0
OTT-28216,Basic,9.63,42.4,2,1,2,5,1,0,Yes,17,0
OTT-72197,Premium,20.27,49.7,10,3,3,5,5,2,Yes,4,0
OTT-58548,Standard,15.73,11.9,11,1,4,0,0,0,No,2,0
OTT-40404,Premium,22.81,68.1,1,4,5,4,3,0,Yes,21,0
OTT-53323,Basic,9.33,55.5,0,1,2,11,0,0,Yes,2,0
OTT-85430,Standard,13.77,56.8,0,2,1,9,0,1,Yes,1,0
OTT-61440,Basic,9.3,28.6,0,1,1,0,0,0,Yes,35,0
OTT-15228,Basic,8.7,24.9,7,1,1,1,1,2,Yes,2,0
OTT-14416,Premium,20.9,60.8,1,4,3,9,1,0,Yes,1,0
OTT-53384,Basic,8.06,15.3,10,1,1,0,0,0,No,4,0
OTT-46384,Basic,9.44,20.7,8,2,1,0,1,3,Yes,3,1
OTT-86544,Premium,21.69,121.2,1,3,4,3,0,0,Yes,12,0
OTT-62467,Basic,8.89,73.7,0,3,1,8,1,3,Yes,2,0
OTT-78116,Standard,14.46,53.8,0,2,1,5,0,0,Yes,11,0
OTT-62666,Premium,21.23,47.4,5,6,3,7,1,0,Yes,12,0
OTT-41074,Standard,14.62,17.9,7,1,3,1,1,0,Yes,1,0
OTT-69159,Basic,8.94,71.5,5,3,2,7,0,1,No,26,0
OTT-65927,Standard,13.73,53.6,1,4,1,6,1,0,Yes,28,0
OTT-74818,Standard,14.44,7.9,21,2,1,1,0,0,Yes,2,1
OTT-27031,Basic,8.12,91.3,2,1,1,8,2,1,No,4,0
OTT-67738,Standard,15.43,25.1,3,2,2,3,0,0,No,1,0
OTT-35692,Basic,9.03,93.4,1,1,1,6,0,0,No,4,0
OTT-81121,Basic,9.59,74.0,0,1,2,5,0,0,Yes,8,0
OTT-81866,Basic,8.85,14.5,11,3,2,5,1,0,No,16,0
OTT-66227,Premium,20.45,112.2,4,5,3,5,0,0,Yes,11,0
OTT-95201,Basic,8.59,83.9,1,2,1,7,1,0,No,1,0
OTT-58375,Basic,8.46,88.7,0,2,1,5,0,0,Yes,5,0
OTT-12262,Premium,21.31,72.1,2,4,3,4,0,0,Yes,26,0
OTT-64557,Basic,9.57,19.5,9,2,1,1,1,0,Yes,29,0
OTT-79991,Premium,20.34,18.9,14,5,4,0,2,0,Yes,4,0
OTT-19107,Premium,21.19,70.1,0,4,2,7,2,0,Yes,16,0
OTT-19413,Standard,13.72,33.4,5,1,2,4,0,1,No,22,0
OTT-34583,Basic,8.77,102.9,2,2,1,9,0,1,No,18,1
OTT-85981,Basic,9.16,33.2,6,2,2,10,1,0,Yes,16,0
OTT-57465,Basic,8.13,79.1,0,1,1,4,1,0,Yes,25,0
OTT-97878,Basic,8.12,16.0,8,1,1,1,2,0,Yes,5,0
OTT-88567,Standard,15.32,94.3,0,4,1,6,0,1,Yes,2,0
OTT-59934,Basic,8.8,6.2,18,1,1,1,0,1,Yes,29,0
OTT-71113,Premium,21.04,22.3,8,4,4,3,1,1,Yes,4,0
OTT-39789,Basic,9.36,35.3,2,2,1,5,0,0,Yes,3,0
OTT-18136,Basic,8.16,15.8,8,1,1,3,2,1,Yes,23,0
OTT-45885,Basic,9.71,69.1,6,1,2,4,2,0,Yes,24,0
OTT-63304,Basic,9.54,77.4,6,2,1,3,0,1,Yes,10,1
OTT-26397,Standard,14.46,96.7,5,1,2,10,2,0,Yes,29,0
OTT-29956,Standard,14.66,54.9,6,2,2,9,0,1,Yes,17,0
OTT-11349,Basic,8.79,90.7,1,1,2,9,0,1,Yes,2,0
OTT-76060,Standard,15.45,41.8,2,2,4,2,1,0,Yes,16,0
OTT-90947,Standard,13.56,25.6,12,1,3,0,2,0,No,29,0
OTT-84468,Premium,22.0,57.3,5,5,4,8,0,0,Yes,29,0
OTT-44199,Basic,8.6,92.7,6,2,1,7,2,0,Yes,6,0
OTT-63410,Standard,15.44,45.6,6,3,2,8,0,1,Yes,2,0
OTT-96471,Basic,9.96,79.8,0,1,2,10,0,0,Yes,36,0
OTT-63222,Basic,8.55,69.9,0,2,2,4,0,1,Yes,4,0
OTT-36629,Standard,14.6,2.0,28,3,3,0,1,0,No,1,1
OTT-40472,Basic,9.09,11.8,15,3,2,1,1,0,No,34,1
OTT-75441,Standard,14.87,74.7,3,3,2,8,2,0,Yes,23,0
OTT-50162,Standard,13.88,40.9,3,1,2,6,2,0,Yes,4,0
OTT-85356,Basic,9.16,58.1,0,1,1,2,1,0,Yes,1,0
OTT-87768,Premium,22.16,15.3,26,4,3,3,3,0,No,2,0
OTT-13224,Basic,9.88,51.5,1,2,1,8,1,0,No,35,0
OTT-75098,Premium,22.17,53.5,3,5,3,8,1,0,No,17,0
OTT-43295,Standard,15.0,20.9,7,1,4,1,1,0,Yes,4,1
OTT-56777,Basic,8.46,102.4,0,1,1,5,1,0,No,5,0
OTT-33831,Basic,8.19,13.6,11,1,1,1,0,0,Yes,1,0
OTT-43140,Standard,15.08,96.6,2,3,1,6,0,1,Yes,6,0
OTT-39733,Standard,15.05,99.1,3,2,2,12,0,0,Yes,2,0
OTT-14534,Standard,15.59,77.7,3,3,3,5,1,0,Yes,18,0
OTT-80448,Basic,8.88,83.5,4,2,2,4,0,0,Yes,6,0
OTT-22870,Basic,8.33,24.0,9,1,2,0,0,0,Yes,3,0
OTT-43821,Standard,14.05,54.8,1,2,2,7,2,1,Yes,7,0
OTT-27372,Premium,21.42,125.3,1,4,4,4,1,1,Yes,17,0
OTT-24454,Basic,8.61,15.6,10,1,1,0,1,0,Yes,5,0
OTT-43604,Premium,20.53,40.6,6,4,5,8,1,0,Yes,1,0
OTT-92688,Standard,13.76,86.5,2,1,2,7,0,1,Yes,1,0
OTT-94971,Standard,14.52,51.5,2,2,2,4,1,2,Yes,6,1
OTT-44352,Standard,14.33,8.6,11,2,3,1,0,1,Yes,16,1
OTT-55463,Basic,9.92,37.8,2,1,1,4,2,0,No,4,0
OTT-98711,Basic,9.7,54.5,6,3,1,6,1,0,Yes,46,0
OTT-31135,Standard,13.95,12.3,9,2,1,1,0,0,No,8,1
OTT-95022,Premium,22.25,39.9,8,4,2,8,1,2,No,3,0
OTT-19517,Standard,14.69,0.6,40,3,2,1,0,0,No,3,1
OTT-30326,Basic,9.84,77.1,2,1,1,5,0,0,Yes,4,0
OTT-40447,Basic,9.21,10.6,13,1,1,0,0,0,Yes,5,1
OTT-13337,Standard,14.0,90.9,1,2,2,7,2,0,Yes,17,0
OTT-83414,Standard,13.98,96.1,1,2,2,4,2,0,No,6,0
OTT-86986,Basic,9.92,85.7,4,2,1,3,1,0,Yes,48,0
OTT-44500,Basic,9.83,3.7,21,2,2,0,1,1,Yes,7,1
OTT-85273,Standard,14.7,72.7,0,2,2,6,2,0,Yes,11,0
OTT-79524,Basic,9.12,27.4,3,1,1,1,0,1,Yes,33,0
OTT-82125,Basic,9.08,105.0,0,2,1,4,1,1,Yes,13,0
OTT-82242,Standard,15.4,22.6,5,1,2,1,2,0,Yes,36,0
OTT-61612,Basic,8.94,12.4,11,2,1,1,0,1,Yes,37,1
OTT-19973,Basic,8.24,9.7,8,1,1,2,0,1,Yes,6,0
OTT-93112,Basic,8.64,11.9,14,1,1,1,0,1,No,1,1
OTT-64778,Basic,9.13,8.8,7,2,1,2,0,0,Yes,4,0
OTT-91112,Premium,21.04,46.6,1,2,3,6,1,0,Yes,6,0
OTT-96317,Standard,15.52,2.1,15,2,4,0,0,0,Yes,19,1
OTT-26844,Basic,9.89,99.6,0,2,1,5,2,0,Yes,4,0
OTT-46192,Basic,8.47,57.3,5,1,1,7,0,0,Yes,19,0
OTT-27324,Basic,9.77,105.1,2,2,1,4,0,1,Yes,25,0
OTT-14584,Premium,22.14,52.8,10,4,3,2,1,0,Yes,4,0
OTT-96975,Standard,14.96,9.0,20,4,2,3,3,1,No,11,0
OTT-93096,Standard,13.82,36.9,0,1,3,8,1,0,Yes,5,0
OTT-93855,Basic,8.81,107.5,2,2,1,7,0,0,Yes,45,0
OTT-89529,Premium,22.98,86.0,0,4,5,9,1,0,Yes,15,0
OTT-68388,Premium,21.94,89.3,0,3,3,6,1,0,Yes,5,0
OTT-56992,Basic,9.17,78.0,0,1,1,9,2,0,Yes,11,0
OTT-99231,Basic,8.06,22.3,11,2,2,1,0,0,Yes,2,0
OTT-59702,Basic,8.63,106.7,1,1,1,4,1,1,Yes,22,0
OTT-67818,Standard,14.71,107.4,5,1,2,2,1,0,Yes,11,0
OTT-29056,Basic,9.27,58.4,6,1,1,5,2,0,Yes,20,0
OTT-77202,Basic,9.7,34.5,3,1,1,2,1,0,Yes,11,0
OTT-83749,Standard,14.64,26.3,12,2,1,1,1,0,Yes,30,0
OTT-71066,Standard,14.18,32.5,0,2,2,10,1,0,Yes,29,0
OTT-54873,Basic,8.55,19.1,9,1,1,3,0,0,Yes,11,1
OTT-27807,Standard,13.83,36.6,3,3,3,6,0,0,Yes,21,0
OTT-13048,Basic,8.28,15.2,8,2,2,0,0,0,Yes,14,1
OTT-66457,Standard,14.25,18.6,8,2,2,1,1,0,Yes,42,0
OTT-71470,Premium,22.29,105.9,0,3,3,6,3,0,Yes,36,0
OTT-79534,Standard,14.52,107.8,5,2,3,2,0,0,Yes,4,0
OTT-95543,Premium,22.57,130.2,0,4,3,9,0,0,Yes,6,0
OTT-54762,Standard,15.86,67.8,1,1,2,5,2,0,Yes,5,0
OTT-84622,Standard,13.68,49.5,3,3,1,8,1,0,Yes,1,0
OTT-74465,Standard,15.27,69.3,1,3,1,6,0,0,Yes,4,0
OTT-34947,Basic,8.16,54.3,1,3,1,8,1,0,Yes,2,1
OTT-86060,Premium,20.21,91.1,1,4,3,10,1,0,Yes,21,0
OTT-14799,Standard,14.18,102.5,0,2,3,5,2,0,Yes,6,0
OTT-63899,Premium,20.29,35.6,9,4,4,6,0,0,No,6,0
OTT-94630,Standard,15.15,25.7,4,1,1,0,0,0,Yes,18,0
OTT-69306,Standard,15.28,2.4,38,1,1,0,0,1,No,3,1
OTT-94334,Basic,9.27,46.7,1,1,1,7,1,1,Yes,11,0
OTT-15054,Basic,9.14,40.8,2,1,1,8,0,0,Yes,48,0
OTT-57916,Standard,15.44,89.5,3,2,2,8,1,0,Yes,28,0
OTT-80254,Premium,22.31,62.7,4,4,3,4,5,0,Yes,19,0
OTT-67807,Premium,22.6,98.7,0,4,4,10,3,0,Yes,3,0
OTT-89247,Standard,15.22,24.3,7,2,2,0,0,0,No,4,0
OTT-51633,Basic,8.7,48.4,1,1,1,7,4,2,Yes,36,0
OTT-71433,Basic,9.04,63.6,1,2,2,4,1,1,No,14,0
OTT-47778,Basic,8.97,72.8,5,1,2,4,0,0,No,33,0
OTT-88489,Premium,20.31,105.5,6,5,3,6,0,0,Yes,14,0
OTT-20750,Standard,15.52,3.4,28,3,2,2,0,1,No,2,1
OTT-32870,Standard,15.77,100.2,1,2,2,4,1,0,Yes,17,0
OTT-18707,Premium,22.94,62.0,6,3,4,9,2,0,No,28,0
OTT-73188,Basic,8.49,70.0,1,1,1,3,0,0,Yes,47,0
OTT-30945,Premium,20.28,55.7,3,2,3,7,0,0,Yes,4,0
OTT-38542,Standard,13.77,27.3,3,2,3,1,2,0,Yes,18,0
OTT-85296,Basic,9.6,54.4,2,2,1,3,1,0,No,4,0
OTT-42416,Standard,15.07,50.1,1,1,4,9,1,0,No,46,0
OTT-23124,Basic,9.5,19.4,9,2,2,1,0,1,Yes,4,1
OTT-11887,Standard,15.75,20.8,8,2,3,1,1,0,Yes,15,0
OTT-30402,Basic,8.44,15.7,7,2,1,0,0,0,Yes,3,0
OTT-92320,Basic,8.72,98.3,2,1,1,4,0,0,Yes,12,0
OTT-59374,Standard,15.47,96.1,3,3,3,7,0,0,Yes,13,0
OTT-99533,Basic,8.51,8.9,16,1,1,2,0,0,Yes,5,0
OTT-29361,Basic,9.0,52.9,1,1,1,9,2,0,Yes,31,0
OTT-41632,Premium,21.32,25.5,8,3,4,0,1,1,No,32,0
OTT-24688,Basic,9.18,32.2,3,2,2,8,0,0,No,32,0
OTT-45853,Standard,15.96,44.0,0,2,3,5,2,1,Yes,6,0
OTT-60697,Standard,13.75,106.4,2,2,2,7,1,2,Yes,15,0
OTT-82730,Basic,8.96,58.8,3,1,1,4,1,1,No,20,0
OTT-43128,Premium,22.87,81.9,0,4,4,7,1,0,Yes,17,0
OTT-79437,Basic,8.69,63.4,1,1,1,12,0,0,Yes,17,0
OTT-66353,Basic,9.47,79.0,0,1,1,2,1,0,No,14,0
OTT-36262,Basic,9.85,26.4,11,1,2,0,0,0,Yes,5,0
OTT-92097,Standard,14.09,10.3,8,3,3,0,0,0,No,21,0
OTT-49081,Basic,8.15,94.2,1,1,2,7,0,0,Yes,5,0
OTT-23589,Basic,8.14,17.0,7,1,1,3,0,2,Yes,3,0
OTT-96641,Standard,13.67,46.2,6,1,2,8,0,0,No,2,0
OTT-92208,Standard,14.37,69.9,5,3,4,4,2,3,Yes,3,0
OTT-14458,Basic,8.24,18.8,8,1,1,0,0,0,No,46,0
OTT-91223,Basic,8.8,33.7,1,3,1,4,0,0,No,21,0
OTT-95263,Basic,9.5,30.5,2,1,1,7,0,0,Yes,2,0
OTT-84617,Basic,8.59,20.5,11,2,1,2,0,0,Yes,37,0
OTT-32949,Standard,14.69,86.7,2,4,2,7,0,0,Yes,30,0
OTT-66815,Basic,8.24,76.1,4,2,1,2,2,0,No,44,0
OTT-58441,Basic,9.39,53.1,0,1,1,6,1,0,Yes,41,0
OTT-65812,Basic,8.63,70.9,6,2,2,6,1,0,Yes,38,0
OTT-65479,Standard,13.83,101.8,4,2,2,5,0,0,Yes,7,0
OTT-67528,Standard,15.88,103.3,1,2,3,1,1,0,Yes,36,0
OTT-56259,Basic,9.53,12.6,7,2,1,0,0,0,Yes,30,0
OTT-72143,Standard,15.12,30.4,6,2,3,6,0,0,Yes,5,0
OTT-57394,Standard,15.3,79.5,4,3,1,7,2,1,No,43,0
OTT-11483,Basic,8.84,11.5,7,1,1,0,1,0,Yes,26,0
OTT-13175,Basic,8.59,92.5,1,2,1,7,1,0,Yes,37,0
OTT-96227,Basic,8.99,46.7,0,1,1,3,2,0,Yes,43,0
OTT-91831,Premium,22.47,37.7,11,5,4,5,1,0,Yes,4,0
OTT-62703,Basic,9.92,10.0,16,1,2,1,2,0,Yes,19,1
OTT-25712,Basic,9.2,40.3,2,1,1,5,0,0,No,11,0
OTT-80331,Standard,14.43,22.8,5,2,3,2,1,0,Yes,19,0
OTT-22895,Standard,15.29,94.3,2,1,2,3,2,0,No,37,0
OTT-43954,Premium,22.08,41.7,2,3,4,8,0,0,Yes,37,0
OTT-39687,Basic,8.48,58.9,1,1,1,6,2,0,Yes,16,0
OTT-11115,Basic,8.86,56.8,5,1,2,3,1,0,Yes,30,0
OTT-82630,Standard,13.83,34.6,4,3,2,5,0,0,Yes,2,0
OTT-55875,Standard,14.5,25.1,0,1,4,1,1,0,Yes,37,0
OTT-38462,Premium,22.28,38.2,9,6,3,3,1,0,Yes,6,0
OTT-55646,Standard,14.27,59.6,0,2,2,6,1,0,Yes,23,0
OTT-10000,Standard,15.07,106.2,4,3,3,5,2,0,Yes,4,0
OTT-49328,Basic,8.65,85.8,0,2,2,6,1,0,Yes,10,0
OTT-56761,Premium,20.43,44.1,7,4,3,5,1,0,Yes,5,0
OTT-40574,Standard,15.34,8.4,14,2,4,0,2,0,No,2,0
OTT-84733,Basic,9.17,9.5,16,1,1,1,0,0,Yes,17,0
OTT-32484,Standard,15.55,68.6,2,2,1,7,0,0,Yes,12,0
OTT-22404,Standard,15.19,27.7,8,4,1,3,1,0,Yes,2,0
OTT-57478,Basic,9.62,75.5,5,1,1,3,0,0,Yes,17,0
OTT-89854,Standard,13.88,20.6,7,3,2,1,0,0,Yes,4,0
OTT-43774,Standard,15.03,8.4,7,3,3,0,0,0,Yes,4,0
OTT-14196,Basic,8.72,23.1,8,2,1,2,0,0,Yes,2,0
OTT-97292,Premium,22.23,40.1,13,3,4,8,0,0,Yes,10,0
OTT-49986,Premium,21.73,95.7,0,4,4,6,1,0,Yes,45,0
OTT-25563,Basic,8.1,96.6,6,1,1,8,1,0,Yes,20,0
OTT-65404,Basic,9.06,24.0,0,1,1,0,0,2,Yes,36,0
OTT-38769,Premium,22.22,70.2,0,5,3,8,2,1,Yes,16,0
OTT-94400,Basic,8.52,11.0,16,1,2,0,1,0,No,33,0
OTT-36456,Premium,21.95,52.5,5,6,4,1,1,0,Yes,31,0
OTT-59511,Basic,9.67,87.5,0,1,2,5,2,2,Yes,1,0
OTT-58897,Standard,13.65,50.4,1,2,2,8,0,0,Yes,2,0
OTT-31819,Standard,14.94,66.8,4,3,1,2,0,0,Yes,5,0
OTT-54934,Basic,9.77,101.5,2,2,1,6,1,0,Yes,9,0
OTT-19816,Standard,13.81,77.7,5,4,2,7,0,0,Yes,22,0
OTT-67935,Basic,8.53,60.2,2,2,1,5,2,0,No,1,0
OTT-78247,Basic,9.24,83.3,1,2,1,3,1,0,No,39,0
OTT-95499,Basic,9.16,41.6,1,1,1,7,0,0,Yes,48,0
OTT-39319,Basic,9.58,1.1,14,2,1,2,0,0,Yes,5,0
OTT-35669,Basic,9.25,76.4,0,2,1,3,0,0,Yes,4,0
OTT-59392,Basic,9.14,97.8,1,1,1,3,0,0,Yes,3,0
OTT-72348,Basic,8.89,8.7,15,3,1,1,0,0,No,1,0
OTT-99320,Basic,8.15,67.7,5,1,1,7,0,3,Yes,35,0
OTT-12253,Basic,9.17,34.6,0,2,2,6,1,0,Yes,21,1
OTT-31447,Premium,20.46,35.9,5,4,4,2,2,0,Yes,3,0
OTT-33614,Basic,9.98,46.6,6,1,2,5,0,0,No,22,0
OTT-32984,Standard,13.69,106.8,3,2,2,4,0,0,Yes,1,0
OTT-51734,Basic,8.14,62.6,0,2,1,5,0,0,Yes,7,0
OTT-88561,Basic,9.56,92.8,4,3,1,10,0,1,Yes,10,0
OTT-12789,Basic,8.19,23.1,0,1,2,2,1,0,Yes,17,0
OTT-83424,Basic,8.8,63.6,2,2,1,6,0,1,Yes,18,0
OTT-65589,Standard,15.81,43.7,3,2,1,8,1,2,No,46,0
OTT-65367,Standard,15.46,105.8,5,2,2,3,0,0,Yes,5,0
OTT-71047,Basic,8.46,39.5,2,1,1,7,1,0,Yes,45,0
OTT-20386,Basic,8.49,26.4,3,1,2,2,1,0,Yes,6,0
OTT-77205,Premium,21.77,34.0,8,2,3,3,0,0,Yes,5,0
OTT-32331,Basic,8.96,27.6,0,1,1,0,0,0,Yes,26,0
OTT-56491,Standard,13.78,4.5,15,2,3,2,1,0,Yes,17,0
OTT-70918,Standard,13.89,27.9,11,1,2,1,1,0,Yes,5,0
OTT-64354,Basic,9.6,11.2,14,3,1,3,0,0,Yes,17,1
OTT-39080,Basic,8.68,72.3,2,2,1,4,0,0,Yes,14,0
OTT-45645,Basic,9.59,95.1,1,3,1,4,0,0,Yes,42,0
OTT-52885,Standard,13.96,16.0,7,3,2,0,1,0,No,20,1
OTT-13712,Premium,21.79,123.1,3,4,3,6,0,0,No,4,0
OTT-75343,Basic,9.0,40.5,5,2,1,7,1,0,Yes,8,0
OTT-18995,Premium,20.97,39.9,10,3,5,7,1,0,Yes,6,0
OTT-51272,Basic,9.21,32.6,2,1,2,7,1,1,Yes,6,0
OTT-68948,Basic,8.24,104.4,4,1,1,7,0,0,Yes,9,0
OTT-17235,Standard,15.63,51.8,2,2,2,6,0,0,Yes,28,0
OTT-99598,Premium,22.22,57.0,3,5,4,4,0,0,No,5,0
OTT-43949,Standard,14.21,12.4,13,2,4,0,2,0,No,47,0
OTT-11422,Standard,14.94,63.7,0,1,3,4,0,0,Yes,14,0
OTT-69276,Standard,15.75,66.4,0,2,2,3,0,0,Yes,35,0
OTT-60181,Premium,21.26,42.0,8,4,4,3,1,3,Yes,6,0
OTT-67629,Premium,21.08,45.8,7,3,3,2,1,0,No,5,0
OTT-77590,Standard,15.49,83.8,4,1,2,7,1,0,Yes,2,0
OTT-52806,Standard,13.49,65.3,3,2,1,2,2,0,No,1,0
OTT-84408,Standard,15.21,69.1,0,3,3,4,1,0,Yes,6,0
OTT-43313,Premium,20.64,136.9,1,3,4,4,2,0,Yes,1,0
OTT-59067,Standard,15.23,61.3,6,3,1,5,5,0,Yes,1,0
OTT-24266,Basic,8.87,50.3,2,2,1,6,0,0,Yes,5,0
OTT-65791,Premium,20.05,106.6,2,5,3,9,3,1,No,43,0
OTT-33543,Standard,15.68,81.2,3,1,4,4,1,0,Yes,45,0
OTT-72704,Standard,14.86,26.7,10,4,2,0,0,0,No,3,0
OTT-82094,Standard,14.27,53.0,5,3,1,5,1,0,Yes,45,0
OTT-87306,Basic,9.4,66.9,6,1,2,7,1,0,Yes,4,0
OTT-93616,Basic,8.98,7.9,14,2,2,2,0,0,Yes,14,1
OTT-21005,Basic,8.06,84.4,0,1,1,8,0,2,Yes,36,0
OTT-22419,Premium,21.94,44.4,2,3,5,5,3,1,Yes,11,0
OTT-93355,Standard,15.91,101.2,3,3,2,4,0,0,No,1,0
OTT-44274,Premium,20.66,51.5,5,5,3,4,0,0,Yes,6,0
OTT-12341,Basic,9.72,41.8,2,1,2,8,0,0,Yes,10,0
OTT-35828,Premium,21.85,105.1,6,4,3,2,1,0,Yes,7,0
OTT-85257,Basic,8.15,12.0,7,1,2,2,0,0,Yes,23,0
OTT-41948,Basic,9.45,33.8,0,1,2,5,0,0,No,21,0
OTT-16906,Premium,21.31,46.0,8,4,4,6,1,1,Yes,3,0
OTT-74989,Standard,15.47,78.6,1,2,3,3,0,1,Yes,7,0
OTT-27516,Premium,21.9,121.7,1,3,4,8,0,0,Yes,6,0
OTT-41751,Standard,13.5,27.6,2,1,2,1,0,0,No,25,0
OTT-10350,Basic,8.24,25.1,2,1,1,0,2,0,No,9,1
OTT-64179,Basic,8.69,46.6,1,2,2,7,3,0,Yes,18,0
OTT-50072,Premium,21.44,45.1,0,4,4,6,1,0,Yes,23,0
OTT-88033,Standard,15.82,60.6,1,1,2,5,0,0,No,6,0
OTT-40091,Standard,15.54,27.2,9,1,1,0,3,1,Yes,5,0
OTT-28414,Basic,9.59,53.4,0,2,1,6,0,0,Yes,21,1
OTT-24939,Basic,9.07,86.4,1,1,1,7,0,1,Yes,8,0
OTT-28014,Premium,20.27,108.5,5,4,3,4,1,2,Yes,16,0
OTT-50597,Premium,22.23,33.5,1,2,4,9,4,0,Yes,44,0
OTT-17844,Basic,8.16,42.4,0,2,2,6,1,0,Yes,1,0
OTT-46212,Basic,8.17,77.4,1,3,1,6,0,0,Yes,4,0
OTT-86920,Basic,8.5,30.1,4,2,2,6,0,0,Yes,16,0
OTT-79088,Basic,9.84,62.2,5,2,1,4,1,0,Yes,1,0
OTT-67352,Premium,22.24,50.5,9,3,4,6,1,0,Yes,6,0
OTT-90380,Standard,13.68,51.9,3,2,2,4,1,0,Yes,29,0
OTT-80218,Basic,9.83,49.5,6,1,1,2,1,0,Yes,47,0
OTT-68730,Standard,15.45,22.5,8,3,2,1,0,0,Yes,45,0
OTT-87675,Standard,15.0,58.9,0,3,3,3,1,0,No,1,1
OTT-21196,Basic,8.24,68.8,1,1,1,3,0,2,Yes,4,0
OTT-83642,Premium,20.95,46.8,1,5,3,4,1,0,Yes,19,0
OTT-36584,Standard,14.24,91.5,3,2,2,4,1,0,Yes,45,0
OTT-75974,Basic,9.27,74.8,2,3,2,3,1,0,Yes,3,0
OTT-92197,Premium,21.75,129.4,2,6,4,6,0,0,Yes,1,0
OTT-54641,Basic,8.54,88.5,1,1,1,7,0,2,Yes,3,0
OTT-17986,Premium,20.92,83.7,4,5,2,4,3,0,Yes,39,0
OTT-43320,Standard,14.79,20.3,13,1,1,3,2,0,Yes,36,0
OTT-46616,Premium,22.53,64.8,5,4,3,3,1,1,Yes,23,0
OTT-94305,Basic,8.24,61.2,4,1,1,4,0,0,Yes,3,0
OTT-94824,Basic,9.44,81.2,2,1,1,5,0,0,Yes,9,0
OTT-61161,Premium,22.98,37.3,8,5,5,3,2,0,Yes,18,0
OTT-95558,Premium,22.24,121.2,2,4,3,8,1,0,Yes,2,0
OTT-49265,Premium,21.31,82.1,6,4,4,9,0,1,Yes,5,0
OTT-47007,Basic,9.45,1.1,14,2,1,2,1,0,Yes,16,0
OTT-85284,Standard,15.64,33.1,2,2,1,4,0,0,Yes,4,0
OTT-70065,Basic,9.53,26.1,1,1,1,0,1,0,Yes,38,0
OTT-57013,Basic,8.02,26.1,10,1,1,1,0,1,No,12,0
OTT-51106,Standard,13.82,4.5,19,1,1,1,0,0,Yes,2,1
OTT-73503,Standard,13.76,95.6,0,3,3,10,0,0,Yes,9,0
OTT-77810,Standard,13.57,16.9,7,2,4,0,0,0,No,8,0
OTT-54152,Basic,9.42,103.0,4,1,2,5,0,0,Yes,4,0
OTT-12842,Premium,20.79,90.9,3,4,3,6,0,1,Yes,8,0
OTT-19165,Premium,22.16,108.9,2,5,2,8,0,0,Yes,1,0
OTT-22973,Basic,9.32,81.1,6,2,2,7,0,0,Yes,4,0
OTT-51587,Premium,21.56,75.3,5,3,3,5,0,0,Yes,7,0
OTT-65277,Premium,20.17,102.7,0,4,3,7,2,0,Yes,21,0
OTT-82338,Basic,8.6,13.4,7,1,1,0,0,0,Yes,6,0
OTT-30929,Standard,13.56,12.0,8,4,1,4,1,0,Yes,2,0
OTT-80793,Premium,22.72,62.8,6,4,2,5,2,0,Yes,9,0
OTT-69944,Standard,14.26,48.1,3,1,2,8,1,0,Yes,4,0
OTT-14649,Basic,8.18,17.9,13,1,1,0,0,0,Yes,28,0
OTT-41609,Standard,13.5,78.1,2,3,2,7,1,0,Yes,14,0
OTT-37239,Standard,15.02,27.3,8,2,1,2,0,0,Yes,27,0
OTT-89797,Standard,15.04,6.2,14,4,1,2,1,0,Yes,3,0
OTT-92906,Basic,9.98,89.0,3,2,1,10,0,0,Yes,46,0
OTT-83732,Basic,8.57,65.2,2,1,1,5,0,1,Yes,5,0
OTT-57520,Premium,20.13,74.3,4,5,4,9,3,0,Yes,1,0
OTT-54354,Standard,15.44,58.3,0,3,1,6,0,0,Yes,3,0
OTT-38033,Premium,20.9,123.9,5,4,3,4,1,0,No,6,0
OTT-79559,Basic,8.65,34.9,4,1,1,5,2,0,Yes,39,0
OTT-17765,Premium,22.71,68.4,1,5,3,4,1,0,Yes,11,0
OTT-34402,Basic,9.14,85.4,4,2,1,7,1,0,Yes,12,0
OTT-22168,Premium,21.19,58.6,0,5,2,6,0,0,Yes,11,0
OTT-54482,Premium,22.84,29.4,0,3,3,2,2,0,Yes,18,0
OTT-36977,Basic,8.52,12.3,10,3,1,1,0,0,Yes,7,0
OTT-27773,Basic,8.03,24.6,0,1,2,2,0,0,No,32,0
OTT-43876,Premium,20.68,68.9,1,3,4,10,2,0,Yes,16,0
OTT-87478,Standard,13.6,14.5,9,3,1,0,0,0,No,11,0
OTT-60220,Standard,14.51,27.1,13,3,3,3,2,0,Yes,5,0
OTT-84075,Basic,9.65,93.1,0,1,2,8,0,0,Yes,34,0
OTT-92250,Premium,22.92,58.3,0,3,2,4,2,0,Yes,5,0
OTT-91192,Standard,15.24,2.4,16,2,2,0,0,1,Yes,6,1
OTT-41589,Basic,9.84,109.7,0,2,1,3,0,1,Yes,25,0
OTT-88972,Standard,14.51,21.4,7,1,2,1,0,1,Yes,3,1
OTT-91842,Basic,8.6,7.9,18,2,1,2,0,0,Yes,3,1
OTT-96362,Premium,20.45,37.0,7,6,3,8,2,0,No,3,0
OTT-41589,Premium,21.49,59.5,2,6,4,6,1,1,No,13,0
OTT-30550,Basic,8.64,45.3,0,1,1,3,1,0,Yes,44,0
OTT-62584,Basic,8.21,16.6,12,2,1,2,1,0,Yes,37,0
OTT-93863,Basic,9.85,61.3,2,1,1,3,2,1,No,18,0
OTT-91054,Basic,8.24,11.7,21,2,2,1,0,0,Yes,46,0
OTT-61408,Premium,22.21,53.9,5,4,4,5,0,1,Yes,23,0
OTT-23431,Standard,13.66,23.3,4,4,4,1,1,0,Yes,35,0
OTT-48024,Basic,9.04,26.3,11,2,1,2,1,1,Yes,2,1
OTT-74270,Basic,9.34,99.2,6,1,2,7,0,0,Yes,17,0
OTT-60433,Basic,8.46,13.8,7,3,2,1,1,1,No,2,1
OTT-41092,Standard,13.68,50.3,2,4,2,5,0,0,Yes,6,0
OTT-40833,Basic,9.18,74.1,5,1,1,12,1,0,Yes,22,0
OTT-15377,Basic,9.2,39.8,4,2,2,9,1,1,No,1,0
OTT-35969,Premium,20.93,127.5,4,6,2,10,0,0,Yes,23,0
OTT-70243,Standard,14.43,13.4,11,3,2,3,0,0,No,11,0
OTT-31718,Premium,20.13,36.2,1,5,4,6,1,0,Yes,2,0
OTT-99404,Basic,8.58,68.9,1,2,1,5,0,0,No,20,0
OTT-17418,Basic,9.76,86.5,3,1,1,5,0,1,Yes,16,0
OTT-62989,Premium,20.5,117.4,2,2,4,7,1,0,Yes,41,0
OTT-54690,Premium,21.39,26.3,10,3,3,0,0,0,Yes,2,0
OTT-84996,Standard,15.18,31.0,6,2,2,3,1,1,No,41,0
OTT-89897,Standard,15.5,80.3,2,4,2,12,1,1,Yes,30,0
OTT-58912,Basic,8.15,30.1,1,1,1,5,1,0,Yes,14,0
OTT-66713,Standard,14.97,11.9,8,2,3,0,3,1,No,3,1
OTT-72905,Basic,9.24,48.1,4,1,2,5,2,0,Yes,10,0
OTT-56887,Basic,8.38,26.9,5,1,1,2,0,0,No,33,0
OTT-26639,Standard,13.57,54.2,6,2,2,2,2,1,Yes,1,0
OTT-48572,Basic,9.68,89.5,1,1,1,3,1,0,Yes,30,0
OTT-31739,Basic,8.87,26.7,2,2,1,1,1,0,Yes,29,0
OTT-51795,Basic,8.11,65.6,1,2,2,7,0,0,No,10,0
OTT-65363,Basic,9.15,41.9,0,1,2,6,0,0,Yes,15,0
OTT-28834,Premium,21.12,83.5,5,6,3,4,0,2,Yes,9,0
OTT-32448,Premium,20.23,33.4,14,3,3,1,2,1,Yes,45,0
OTT-84063,Basic,8.56,36.6,2,2,1,3,1,1,Yes,44,0
OTT-43995,Basic,8.64,97.0,3,1,1,6,1,1,Yes,6,0
OTT-27854,Premium,21.71,95.8,5,4,4,2,1,0,Yes,1,0
OTT-74184,Basic,8.8,27.7,12,2,1,1,0,0,No,4,0
OTT-74495,Standard,13.76,108.7,0,2,2,3,2,1,No,31,0
OTT-84353,Basic,9.26,44.1,1,1,1,3,0,0,Yes,4,0
OTT-78397,Standard,15.31,99.7,6,2,2,7,0,0,Yes,43,0
OTT-99276,Basic,9.0,22.4,11,1,1,1,0,0,No,11,0
OTT-61737,Standard,13.65,60.0,4,3,2,6,1,0,Yes,6,0
OTT-35813,Standard,13.75,93.7,2,3,3,9,1,0,Yes,35,0
OTT-87662,Basic,9.88,59.0,6,2,1,4,1,0,Yes,22,0
OTT-33833,Basic,8.37,65.3,3,2,1,8,3,1,Yes,2,0
OTT-36194,Standard,14.26,54.7,1,3,2,9,1,0,Yes,2,0
OTT-84563,Premium,22.05,38.1,8,2,3,8,3,0,Yes,2,0
OTT-89344,Standard,15.47,101.8,6,2,4,8,3,2,Yes,5,0
OTT-40540,Basic,9.81,35.3,1,1,1,8,0,0,Yes,3,0
OTT-75646,Standard,14.48,73.9,5,2,2,7,1,0,Yes,15,0
OTT-93014,Basic,9.97,32.3,4,1,1,9,1,0,Yes,3,0
OTT-81886,Premium,20.3,113.0,0,4,2,5,2,0,Yes,3,0
OTT-10449,Premium,22.47,56.1,1,4,2,4,1,0,Yes,5,0
OTT-69811,Basic,8.53,25.2,1,1,1,1,1,0,Yes,14,0
OTT-25290,Standard,15.83,87.6,1,2,2,6,1,0,Yes,40,0
OTT-86170,Standard,15.66,80.6,1,1,2,9,0,0,Yes,4,0
OTT-16033,Basic,9.51,16.2,9,1,1,0,1,0,Yes,4,1
OTT-99377,Standard,15.0,76.5,2,3,1,6,1,0,Yes,7,0
OTT-25959,Standard,14.03,89.9,3,2,2,8,0,0,Yes,47,0
OTT-47814,Standard,14.64,11.4,9,2,2,2,1,1,Yes,38,0
OTT-31067,Standard,13.58,48.8,6,2,2,7,2,2,Yes,48,0
OTT-83251,Standard,15.26,64.7,0,2,3,9,0,0,Yes,37,0
OTT-45414,Standard,13.78,77.7,2,1,4,4,1,0,Yes,11,0
OTT-77011,Standard,14.14,7.8,17,1,3,2,0,0,No,36,0
OTT-16049,Standard,14.1,65.4,2,4,2,4,1,1,Yes,6,0
OTT-50757,Standard,15.46,80.2,2,2,1,7,0,1,No,24,0
OTT-91993,Standard,14.49,8.4,7,3,2,0,0,3,Yes,33,1
OTT-93424,Basic,9.06,50.5,5,1,2,9,1,0,Yes,25,0
OTT-28782,Standard,14.01,72.4,1,1,3,7,0,1,Yes,21,0
OTT-45497,Standard,14.33,48.9,3,1,2,7,2,2,No,36,0
OTT-46819,Basic,9.01,26.8,12,1,2,0,0,0,Yes,4,0
OTT-60891,Basic,8.38,106.8,5,1,1,7,1,0,Yes,13,0
OTT-58359,Standard,15.21,54.7,6,2,1,3,1,0,Yes,6,0
OTT-19534,Basic,8.89,42.4,2,3,2,7,0,0,Yes,11,0
OTT-78639,Basic,9.96,12.5,7,1,2,1,1,0,Yes,10,0
OTT-30319,Basic,8.48,61.1,5,1,1,1,0,0,Yes,3,0
OTT-38344,Standard,14.48,106.3,3,1,2,11,0,0,Yes,3,0
OTT-85661,Premium,22.76,24.0,15,4,2,3,0,0,Yes,5,0
OTT-72068,Premium,22.65,56.7,6,2,2,7,0,0,Yes,15,0
OTT-45689,Premium,21.44,26.7,21,4,2,1,0,2,Yes,10,0
OTT-92121,Premium,20.36,83.6,3,5,3,7,0,0,Yes,17,0
OTT-45467,Basic,8.81,80.3,2,3,1,8,0,0,Yes,6,0
OTT-60894,Basic,9.16,22.6,7,1,1,0,1,3,Yes,28,0
OTT-32138,Basic,8.5,91.6,2,2,2,7,0,1,Yes,19,0
OTT-26487,Basic,8.37,65.2,1,1,1,4,0,0,Yes,6,0
OTT-54244,Premium,21.58,39.9,0,3,2,5,1,1,Yes,6,0
OTT-60671,Premium,20.52,88.0,3,5,3,6,2,1,Yes,20,0
OTT-82522,Standard,15.68,74.1,0,3,3,12,1,0,Yes,4,0
OTT-45180,Premium,20.21,49.5,2,3,3,7,0,0,No,5,0
OTT-90563,Standard,15.96,97.1,0,2,2,3,0,0,Yes,1,0
OTT-64663,Basic,9.07,87.3,2,2,1,6,1,0,Yes,2,0
OTT-16310,Basic,9.96,59.1,1,1,1,5,1,2,Yes,4,0
OTT-76518,Premium,22.24,134.6,6,3,4,7,1,1,Yes,4,0
OTT-61733,Standard,13.87,81.6,0,3,1,7,1,0,Yes,34,0
OTT-45041,Basic,8.44,11.2,15,1,1,2,0,0,Yes,12,0
OTT-52054,Basic,8.2,86.1,0,1,2,6,2,0,Yes,18,0
OTT-37160,Standard,15.31,22.2,8,1,1,1,0,0,No,14,1
OTT-65284,Premium,20.5,61.0,0,5,2,6,0,0,Yes,17,0
OTT-61025,Standard,15.28,58.9,0,2,4,5,0,1,Yes,3,0
OTT-50254,Premium,22.57,94.7,2,4,5,7,1,0,Yes,4,0
OTT-35667,Basic,8.81,94.9,1,1,1,4,1,0,Yes,3,0
OTT-45877,Premium,21.97,117.7,0,2,3,1,1,0,Yes,13,0
OTT-54804,Standard,15.73,29.2,0,2,2,2,1,0,No,23,0
OTT-52468,Standard,15.37,22.3,11,2,2,2,1,0,Yes,6,0
OTT-37835,Premium,20.38,55.6,4,2,3,3,0,0,Yes,20,0
OTT-62379,Premium,20.87,107.6,2,3,4,6,3,0,Yes,32,0
OTT-30389,Basic,9.06,49.9,2,2,1,2,2,0,Yes,1,0
OTT-55087,Premium,20.78,44.4,8,3,4,6,1,0,Yes,12,0
OTT-20939,Standard,14.75,6.8,24,4,2,2,3,0,Yes,15,0
OTT-52492,Basic,9.9,98.7,6,2,1,5,0,1,Yes,21,0
OTT-80557,Standard,14.62,79.5,3,2,2,4,1,0,No,10,0
OTT-83604,Standard,14.14,43.4,4,3,2,7,0,2,Yes,16,0
OTT-72521,Standard,13.86,77.3,1,1,2,7,1,0,Yes,2,0
OTT-77107,Basic,9.79,78.4,4,1,1,8,0,0,Yes,17,0
OTT-15935,Basic,8.45,54.1,5,1,2,3,1,0,Yes,46,0
OTT-40723,Basic,8.38,45.1,1,2,1,3,1,0,Yes,4,0
OTT-68881,Standard,14.87,102.0,4,2,1,4,0,0,Yes,34,0
OTT-82051,Basic,8.91,35.5,5,1,1,5,1,0,Yes,6,0
OTT-62455,Standard,14.45,10.8,8,3,2,1,1,0,Yes,12,0
OTT-86827,Standard,14.94,73.8,4,2,1,5,0,0,Yes,14,0
OTT-34575,Basic,9.13,49.1,0,1,2,4,0,0,Yes,21,0
OTT-23814,Basic,8.13,66.4,0,2,1,9,0,0,No,26,0
OTT-17774,Basic,8.82,45.6,0,2,1,7,1,0,No,6,0
OTT-62440,Premium,22.15,69.2,1,3,3,6,1,0,Yes,22,0
OTT-69865,Premium,21.14,85.6,6,3,3,7,1,0,Yes,18,0
OTT-35677,Basic,9.99,71.5,5,2,2,4,0,2,Yes,33,0
OTT-80528,Basic,8.46,28.9,2,2,2,1,0,0,Yes,8,0
OTT-76524,Standard,14.73,60.0,5,1,2,8,0,2,Yes,44,0
OTT-42411,Basic,9.34,82.5,2,1,2,4,1,0,Yes,27,0
OTT-31490,Standard,14.86,22.2,10,1,2,0,1,2,Yes,6,1
OTT-76807,Basic,8.07,45.8,2,3,2,7,0,2,Yes,28,0
OTT-70425,Standard,14.77,18.9,11,2,3,0,0,0,No,27,0
OTT-25370,Basic,9.92,55.8,2,1,1,7,1,1,Yes,4,0
OTT-32960,Premium,21.21,16.2,12,3,3,1,0,0,Yes,20,0
OTT-53736,Basic,8.22,60.0,2,1,1,6,0,2,Yes,6,1
OTT-56002,Basic,8.03,81.3,0,3,2,10,1,1,Yes,11,0
OTT-24936,Premium,21.23,115.8,4,5,4,7,4,0,Yes,5,0
OTT-95377,Basic,8.36,31.9,0,1,1,9,0,0,Yes,7,0
OTT-44978,Basic,9.66,59.6,1,2,1,5,1,0,Yes,12,0
OTT-44317,Basic,9.89,104.8,1,1,1,6,0,0,Yes,7,0
OTT-15447,Standard,15.84,63.3,5,2,3,8,0,0,No,4,0
OTT-88815,Standard,14.43,100.6,6,2,2,6,1,0,Yes,23,0
OTT-31162,Standard,14.63,82.0,4,3,4,5,1,1,No,21,0
OTT-98824,Basic,8.62,98.2,1,2,1,7,0,0,Yes,16,0
OTT-54641,Basic,8.25,23.2,8,1,2,2,1,0,No,1,0
OTT-88735,Basic,9.11,28.4,1,2,1,1,0,0,Yes,1,0
OTT-26120,Basic,8.36,23.3,12,1,1,2,0,0,Yes,17,0
OTT-24927,Basic,8.11,10.6,12,2,1,1,0,0,No,45,0
OTT-82099,Standard,15.61,87.9,0,4,1,8,0,0,Yes,5,0
OTT-83768,Standard,15.49,58.9,4,2,2,6,1,0,No,12,0
OTT-58877,Standard,15.81,82.3,4,4,2,11,0,0,Yes,5,0
OTT-12893,Standard,14.31,27.3,5,3,3,1,1,0,Yes,20,0
OTT-94934,Standard,15.67,10.3,10,3,3,2,0,0,Yes,6,0
OTT-45396,Basic,8.79,31.4,3,1,1,8,1,0,Yes,19,0
OTT-94237,Standard,13.67,15.5,13,2,3,0,1,2,Yes,6,1
OTT-88365,Basic,8.91,36.9,0,1,2,6,0,0,Yes,3,0
OTT-86633,Standard,14.87,22.7,6,3,2,4,1,1,Yes,2,1
OTT-71987,Standard,14.57,99.4,4,2,2,4,0,0,Yes,6,0
OTT-70591,Standard,15.45,88.1,1,2,1,5,1,0,Yes,22,0
OTT-57946,Premium,21.05,92.1,0,4,5,5,4,0,Yes,26,0
OTT-12230,Basic,9.83,85.7,0,3,2,4,0,3,Yes,12,0
OTT-44907,Basic,8.14,48.6,0,2,1,5,3,1,Yes,39,0
OTT-75747,Premium,22.15,25.9,14,4,2,1,2,1,Yes,18,0
OTT-83105,Basic,9.85,67.8,6,2,1,4,1,1,No,6,0
OTT-60360,Basic,9.1,29.8,0,1,2,1,1,0,Yes,5,0
OTT-73859,Basic,9.75,80.5,1,2,1,6,0,0,Yes,20,0
OTT-11956,Basic,9.37,3.5,43,2,1,0,0,0,No,3,1
OTT-52156,Standard,13.53,44.5,2,2,1,4,1,0,No,44,0
OTT-55694,Premium,22.0,37.2,11,2,5,6,0,0,Yes,15,0
OTT-90322,Standard,15.13,88.1,1,2,2,6,0,0,Yes,16,0
OTT-37994,Standard,13.49,46.5,1,3,2,6,0,1,Yes,9,0
OTT-30695,Standard,14.51,57.7,6,2,2,6,1,0,Yes,3,0
OTT-41713,Premium,20.11,29.4,2,6,3,0,1,0,Yes,12,0
OTT-25335,Basic,8.58,27.7,4,1,2,1,2,0,Yes,5,1
OTT-60257,Standard,15.96,84.4,4,3,1,7,1,0,Yes,6,0
OTT-67851,Basic,9.87,106.8,2,1,1,8,0,0,Yes,1,0
OTT-82099,Basic,9.36,74.0,4,1,1,6,1,0,Yes,2,0
OTT-97478,Standard,14.41,96.1,6,4,2,5,0,0,Yes,23,0
OTT-16624,Standard,14.48,40.1,3,2,2,5,0,0,No,4,0
OTT-32252,Premium,20.1,55.5,2,5,2,7,2,1,Yes,2,0
OTT-37063,Standard,14.34,14.9,10,3,2,3,0,0,Yes,27,0
OTT-32470,Basic,9.56,40.3,3,1,1,2,2,0,Yes,33,0
OTT-84454,Basic,9.03,76.3,0,2,1,7,1,1,No,20,0
OTT-22554,Basic,8.94,106.2,6,1,1,4,2,0,Yes,15,0
OTT-12676,Basic,8.17,42.3,0,1,1,5,2,1,Yes,33,0
OTT-87449,Standard,15.79,101.4,0,3,4,2,0,0,Yes,6,0
OTT-96535,Standard,14.2,69.3,0,2,2,3,0,0,Yes,13,0
OTT-30375,Basic,8.76,31.0,5,2,1,6,0,0,Yes,6,0
OTT-39956,Basic,8.65,6.9,16,1,2,1,1,0,Yes,21,1
OTT-55285,Basic,8.65,17.3,11,2,1,2,0,0,Yes,43,0
OTT-57334,Standard,14.99,9.2,18,2,1,0,0,0,Yes,34,0
OTT-99177,Basic,9.24,87.9,0,2,2,4,1,0,Yes,45,0
OTT-46373,Basic,9.19,78.4,5,3,2,5,1,1,Yes,21,0
OTT-11092,Basic,8.13,80.8,0,3,2,9,0,1,Yes,10,0
OTT-48047,Basic,9.93,75.4,3,2,1,5,0,0,Yes,24,0
OTT-60083,Basic,9.42,42.8,1,2,1,2,1,0,Yes,13,0
OTT-56519,Premium,22.64,113.9,2,4,3,9,1,0,Yes,18,0
OTT-56105,Basic,8.31,40.6,1,1,1,7,1,2,Yes,5,0
OTT-93034,Basic,9.85,19.9,10,1,1,0,0,3,Yes,10,0
OTT-82669,Basic,9.43,2.7,29,1,1,0,0,0,No,2,1
OTT-32653,Basic,8.99,29.4,3,1,1,0,1,0,Yes,23,0
OTT-41974,Premium,20.06,35.9,21,4,2,5,1,0,Yes,1,0
OTT-70081,Standard,14.12,24.6,1,2,2,0,0,0,Yes,17,1
OTT-46930,Standard,15.59,41.9,0,3,1,5,2,0,Yes,3,0
OTT-48555,Standard,14.44,78.0,2,2,2,12,3,0,Yes,6,0
OTT-25114,Basic,9.35,102.4,4,2,1,6,2,1,No,11,0
OTT-32892,Basic,9.45,48.8,0,1,1,8,0,0,Yes,6,0
OTT-76672,Basic,9.54,95.5,1,1,2,8,0,1,Yes,27,0
OTT-85862,Premium,21.14,98.0,3,4,4,4,2,0,Yes,12,0
OTT-80623,Standard,15.76,23.2,11,2,1,1,1,0,Yes,2,0
OTT-37704,Basic,8.57,24.2,7,2,1,2,1,0,Yes,3,0
OTT-22299,Standard,15.58,8.0,15,2,3,1,0,0,No,27,0
OTT-24372,Basic,8.84,59.2,0,2,1,5,0,0,Yes,17,0
OTT-45410,Basic,8.46,19.7,8,2,1,1,0,1,Yes,23,0
OTT-56597,Basic,8.68,82.8,4,1,1,5,1,0,Yes,2,0
OTT-90360,Basic,9.59,97.8,2,1,1,5,0,0,Yes,14,0
OTT-90893,Basic,9.22,70.3,6,2,1,8,1,0,No,46,0
OTT-10243,Premium,20.4,42.8,9,4,4,9,1,0,Yes,4,0
OTT-73679,Basic,8.24,56.2,1,1,1,3,0,0,Yes,1,0
OTT-36888,Basic,9.36,88.8,5,2,1,7,0,1,Yes,2,0
OTT-27801,Basic,8.47,75.6,0,1,1,3,1,1,No,1,1
OTT-59953,Basic,8.41,28.8,0,1,1,1,0,0,Yes,20,0
OTT-13052,Basic,9.49,66.2,5,3,1,7,2,0,Yes,43,0
OTT-40068,Basic,8.64,89.2,2,1,1,10,1,1,Yes,30,0
OTT-59699,Basic,8.13,81.2,0,2,1,8,0,3,Yes,29,0
OTT-34483,Basic,8.84,71.6,2,2,1,8,1,0,Yes,6,0
OTT-63404,Basic,9.13,91.8,1,1,1,10,1,0,Yes,24,0
OTT-51402,Standard,14.99,101.5,6,4,2,7,0,1,Yes,3,0
OTT-81945,Premium,20.17,24.7,8,3,3,1,1,1,Yes,3,1
OTT-26336,Basic,8.9,44.5,3,3,1,10,1,0,Yes,9,0
OTT-15139,Standard,14.39,109.0,3,3,2,7,0,0,Yes,1,0
OTT-57665,Standard,14.61,3.7,17,2,2,1,1,1,Yes,38,0
OTT-33120,Standard,13.59,94.8,4,2,2,5,0,0,Yes,35,0
OTT-73601,Standard,14.23,68.8,4,4,3,6,0,0,Yes,28,0
OTT-18395,Standard,15.1,55.9,2,3,2,3,2,0,Yes,35,0
OTT-61775,Premium,20.37,101.5,1,4,2,6,0,0,Yes,2,0
OTT-99084,Basic,9.91,88.3,6,2,1,6,1,2,Yes,1,0
OTT-18379,Standard,15.97,13.4,7,2,2,3,0,1,No,28,0
OTT-37163,Standard,14.39,23.0,2,3,1,1,0,0,Yes,8,0
OTT-85995,Premium,22.03,96.6,3,4,2,9,3,0,Yes,38,0
OTT-58020,Standard,15.08,82.7,3,1,1,9,1,2,Yes,1,0
OTT-25747,Premium,20.49,59.7,1,3,5,9,1,0,Yes,4,0
OTT-29181,Standard,14.46,25.2,0,3,2,4,0,0,Yes,6,0
OTT-78832,Standard,15.94,80.1,1,2,3,8,0,0,No,22,0
OTT-87479,Premium,20.37,34.7,7,5,3,4,0,2,Yes,26,0
OTT-42450,Standard,14.93,89.2,1,2,3,8,1,0,Yes,28,0
OTT-52644,Standard,14.99,98.8,2,1,2,3,1,0,Yes,5,0
OTT-80447,Standard,13.91,80.4,0,3,1,6,0,0,Yes,17,0
OTT-25923,Basic,9.06,77.9,0,2,2,10,0,0,Yes,4,0
OTT-28564,Premium,22.74,93.7,5,4,5,3,1,1,Yes,2,0
OTT-79698,Premium,20.34,85.0,5,6,4,5,2,0,No,5,0
OTT-26799,Standard,13.96,27.5,11,3,2,1,1,0,No,19,0
OTT-79372,Basic,8.5,26.1,6,2,1,3,0,0,Yes,15,0
OTT-54731,Basic,9.49,1.9,29,1,1,2,2,0,No,2,1
OTT-99102,Basic,9.14,43.8,1,2,1,4,0,0,Yes,12,0
OTT-12964,Basic,9.0,85.8,4,1,1,5,1,0,Yes,37,0
OTT-95134,Standard,15.47,23.0,8,2,2,2,2,0,Yes,2,0
OTT-30276,Premium,22.92,74.7,1,4,5,6,0,0,No,4,0
OTT-13157,Standard,13.98,88.7,6,3,2,4,0,1,No,23,0
OTT-75160,Basic,9.61,20.9,7,1,1,2,0,0,Yes,34,0
OTT-57927,Premium,21.1,112.4,0,4,2,9,1,0,Yes,28,0
OTT-85363,Premium,20.43,105.3,6,2,3,7,1,0,Yes,5,0
OTT-19751,Standard,14.13,9.5,18,2,2,1,1,0,Yes,9,0
OTT-17270,Basic,8.79,34.4,0,1,2,8,0,0,Yes,43,0
OTT-61051,Standard,15.74,27.7,10,1,4,0,1,1,Yes,2,0
OTT-89386,Basic,8.95,92.1,4,1,2,7,1,1,Yes,13,0
OTT-46518,Basic,9.22,24.9,9,1,1,0,1,1,Yes,26,0
OTT-81775,Standard,13.57,88.1,3,3,4,7,0,0,Yes,5,0
OTT-91557,Standard,13.65,97.2,1,2,4,5,1,1,Yes,15,0
OTT-88270,Basic,9.87,20.2,10,1,1,1,1,0,No,32,0
OTT-55779,Premium,22.5,10.5,19,4,2,0,2,0,Yes,4,1
OTT-72857,Premium,21.46,81.4,4,4,3,13,1,0,Yes,22,0
OTT-57309,Standard,13.99,43.9,4,4,2,7,0,0,Yes,23,0
OTT-70673,Basic,8.07,49.4,5,2,1,8,0,1,No,42,0
OTT-61037,Basic,9.94,46.2,4,1,1,7,1,0,No,38,0
OTT-57257,Standard,13.5,77.6,4,2,2,9,2,1,Yes,45,0
OTT-49312,Premium,20.7,25.5,17,6,5,1,2,0,Yes,2,1
OTT-68750,Standard,15.2,25.4,7,1,2,1,0,0,Yes,48,0
OTT-77598,Basic,9.87,25.5,8,2,1,0,0,0,Yes,27,0
OTT-92718,Basic,8.22,23.8,4,2,1,2,0,0,Yes,15,0
OTT-65189,Basic,9.54,88.4,3,2,1,5,1,0,Yes,13,0
OTT-19046,Standard,14.32,26.6,8,4,2,1,0,0,No,5,0
OTT-62872,Standard,15.19,9.5,15,1,2,1,2,1,Yes,41,0
OTT-38418,Basic,8.18,32.3,0,1,1,6,1,1,Yes,6,0
OTT-12413,Standard,15.65,106.3,4,1,3,9,0,0,Yes,5,0
OTT-16520,Premium,22.11,87.4,6,3,2,6,1,2,Yes,37,0
OTT-63216,Basic,9.9,19.5,10,2,1,0,1,0,Yes,37,0
OTT-95031,Basic,8.99,46.9,1,2,1,8,1,1,Yes,37,0
OTT-55500,Standard,15.71,96.5,1,2,2,6,0,0,No,10,0
OTT-50073,Premium,21.61,115.4,0,5,4,9,0,0,Yes,3,0
OTT-17979,Basic,9.02,93.8,4,1,1,3,1,0,No,17,0
OTT-70780,Basic,8.18,40.2,4,1,1,4,1,0,Yes,2,0
OTT-14992,Standard,15.53,33.2,5,1,2,12,0,0,Yes,27,0
OTT-85699,Basic,8.81,107.9,1,2,1,7,0,1,Yes,11,0
OTT-83475,Premium,21.79,114.4,4,3,4,4,0,0,Yes,18,0
OTT-99189,Standard,15.12,10.4,23,1,3,2,1,0,No,5,1
OTT-35585,Basic,9.54,23.6,12,1,1,1,0,0,Yes,21,0
OTT-24560,Premium,21.72,61.0,5,4,3,4,1,0,Yes,46,0
OTT-36957,Standard,15.04,67.3,4,3,2,7,0,0,Yes,19,0
OTT-81955,Standard,14.79,32.2,6,2,2,10,0,1,Yes,2,1
OTT-29693,Basic,9.22,59.2,4,1,2,6,1,0,Yes,2,0
OTT-89867,Standard,14.6,2.8,16,1,1,1,0,0,Yes,5,0
OTT-23876,Premium,22.32,35.3,8,5,4,6,0,0,Yes,6,0
OTT-14398,Basic,9.61,21.4,7,1,2,0,2,0,No,48,0
OTT-29741,Basic,9.02,96.0,2,1,1,4,0,0,Yes,21,0
OTT-77867,Premium,20.43,42.9,0,3,4,5,0,0,Yes,4,0
OTT-64204,Basic,8.74,100.5,1,3,1,9,0,2,Yes,43,0
OTT-41924,Basic,9.67,38.7,2,2,1,6,0,0,Yes,3,0
OTT-69042,Basic,9.82,26.9,8,1,2,3,2,0,Yes,2,0
OTT-68373,Standard,14.16,64.4,5,3,4,10,0,0,Yes,16,0
OTT-59924,Standard,15.84,27.0,1,3,1,2,2,2,Yes,6,0
OTT-56263,Basic,8.54,91.6,5,2,1,5,2,0,Yes,12,0
OTT-19134,Basic,9.83,26.2,1,1,1,2,0,0,Yes,30,0
OTT-33376,Standard,15.83,77.2,0,2,1,8,0,1,Yes,43,0
OTT-57492,Standard,14.75,92.1,5,2,3,7,2,0,Yes,1,0
OTT-22169,Basic,9.89,62.7,2,1,2,7,1,2,Yes,12,0
OTT-52825,Standard,14.86,81.9,1,2,2,8,0,0,Yes,1,0
OTT-20525,Standard,14.44,72.4,2,4,3,7,0,0,Yes,10,0
OTT-80850,Basic,9.61,28.2,1,2,2,2,0,0,Yes,3,0
OTT-19298,Basic,8.21,83.0,1,1,1,10,0,1,Yes,22,0
OTT-18328,Premium,20.64,125.2,1,4,4,8,2,0,Yes,2,0
OTT-67400,Premium,20.63,21.1,19,5,2,1,0,0,Yes,40,0
OTT-29847,Basic,9.23,33.1,1,2,2,4,0,0,Yes,46,0
OTT-41626,Premium,22.12,25.6,9,4,2,1,2,0,No,3,0
OTT-38283,Standard,15.58,20.7,11,2,3,1,1,0,Yes,48,0
OTT-29496,Premium,22.69,117.9,5,4,5,4,2,0,Yes,4,0
OTT-78559,Premium,22.62,116.1,2,5,3,6,1,3,Yes,18,0
OTT-72268,Standard,15.19,90.7,6,2,2,12,0,0,Yes,5,0
OTT-31489,Standard,15.78,53.7,3,3,2,4,1,0,Yes,5,0
OTT-71815,Basic,8.54,75.7,0,2,1,12,1,0,Yes,13,0
OTT-74211,Standard,15.3,57.6,5,1,1,8,3,3,Yes,19,0
OTT-58524,Basic,8.14,27.2,3,1,2,0,2,0,No,10,0
OTT-62054,Standard,13.8,6.4,17,3,3,1,1,0,Yes,15,0
OTT-94145,Basic,8.44,70.2,6,1,1,5,0,0,Yes,6,0
OTT-50848,Premium,20.3,32.8,11,4,4,6,1,0,Yes,3,1
OTT-44686,Premium,22.89,110.2,4,3,4,8,0,0,Yes,9,0
OTT-58509,Basic,8.92,62.0,1,1,1,3,0,0,Yes,20,0
OTT-85226,Standard,15.76,65.8,3,1,2,6,0,0,Yes,4,0
OTT-73862,Premium,21.42,101.9,3,4,5,5,0,0,Yes,4,0
OTT-16762,Standard,15.24,47.4,5,2,2,3,1,1,No,7,0
OTT-51334,Premium,20.96,73.3,4,5,5,5,0,0,Yes,16,1
OTT-76584,Standard,15.87,10.9,16,2,3,0,0,0,Yes,24,0
OTT-30152,Basic,8.06,88.9,3,1,2,9,0,0,Yes,16,0
OTT-98959,Standard,15.23,105.0,2,2,1,7,1,0,Yes,9,0
OTT-82728,Standard,15.87,99.3,3,3,2,7,2,0,Yes,20,0
OTT-86192,Basic,9.57,23.2,12,2,1,1,1,0,No,5,0
OTT-17355,Standard,15.56,13.2,7,1,2,1,0,0,Yes,3,0
OTT-62169,Standard,14.24,67.8,1,2,4,10,0,0,No,2,0
OTT-57500,Basic,8.89,58.7,0,1,1,5,0,0,No,26,0
OTT-66408,Basic,8.26,15.8,10,1,1,0,1,0,Yes,6,0
OTT-86522,Basic,8.74,90.6,0,1,1,5,0,0,Yes,11,0
OTT-41795,Basic,8.01,56.1,1,1,1,10,2,0,Yes,13,0
OTT-58057,Standard,15.44,35.0,1,3,1,1,1,0,Yes,5,0
OTT-71152,Basic,9.9,52.7,2,2,1,4,0,0,Yes,33,0
OTT-77786,Premium,22.09,45.3,10,3,3,2,1,1,No,9,0
OTT-79334,Premium,22.42,86.5,2,3,3,6,2,0,Yes,1,0
OTT-40323,Standard,14.77,1.1,14,2,2,1,1,0,Yes,37,0
OTT-99839,Standard,13.97,76.8,6,3,1,8,0,0,Yes,16,0
OTT-10865,Premium,22.15,59.7,2,4,3,9,2,0,Yes,3,0
OTT-54321,Basic,8.59,31.5,0,2,1,4,0,0,Yes,21,0
OTT-64788,Basic,8.91,14.1,10,1,1,2,0,0,No,17,0
OTT-15517,Basic,9.79,89.8,5,1,1,6,1,0,Yes,6,0
OTT-50604,Basic,8.74,26.4,2,1,2,1,0,1,Yes,31,0
OTT-63626,Basic,8.57,12.1,7,2,1,0,0,0,Yes,19,0
OTT-64684,Standard,13.57,39.8,3,2,2,8,1,0,Yes,13,0
OTT-20712,Standard,15.24,94.4,2,2,1,5,2,1,Yes,3,0
OTT-34975,Basic,8.42,44.0,0,3,1,3,1,0,Yes,2,0
OTT-32028,Basic,9.27,73.0,1,2,2,6,1,0,Yes,23,0
OTT-67592,Basic,8.72,33.1,3,2,2,3,0,0,Yes,8,0
OTT-39589,Standard,15.46,91.6,1,2,2,6,0,0,Yes,9,0
OTT-61430,Basic,9.77,44.9,2,2,1,10,2,1,Yes,26,0
OTT-75791,Basic,8.46,62.6,1,1,1,5,2,0,Yes,3,0
OTT-81754,Basic,9.57,51.2,2,1,1,4,1,0,Yes,8,0
OTT-26542,Standard,13.87,21.1,11,2,2,0,0,1,Yes,40,1
OTT-91316,Basic,8.27,13.2,8,1,1,1,0,0,Yes,45,1
OTT-24917,Standard,14.56,22.0,3,1,3,1,0,0,Yes,39,0
OTT-11968,Premium,20.96,96.7,0,4,3,4,2,0,Yes,37,0
OTT-14046,Standard,15.96,107.8,3,2,2,4,0,1,Yes,1,0
OTT-28093,Basic,9.6,95.1,0,1,1,4,2,1,Yes,15,0
OTT-88590,Standard,15.72,109.4,4,2,2,5,1,0,Yes,44,0
OTT-28709,Basic,8.26,61.1,3,1,2,6,1,0,Yes,17,0
OTT-72414,Premium,22.13,99.8,3,2,3,4,0,1,Yes,5,0
OTT-47664,Standard,15.0,24.0,10,4,2,0,0,2,Yes,43,0
OTT-13595,Basic,8.19,51.7,5,1,1,4,1,0,Yes,3,0
OTT-49972,Basic,9.58,10.3,8,1,1,1,1,0,Yes,4,0
OTT-12546,Standard,15.62,36.9,4,3,1,4,0,0,Yes,3,0
OTT-52855,Standard,15.78,106.7,4,3,2,2,1,0,No,23,0
OTT-60280,Basic,9.87,91.5,5,2,1,4,0,0,Yes,16,0
OTT-56922,Standard,13.76,47.4,5,2,2,7,1,1,Yes,7,1
OTT-35427,Basic,9.75,90.7,1,2,2,10,2,0,Yes,39,0
OTT-78990,Premium,22.83,94.8,1,4,4,7,0,0,Yes,11,0
OTT-63704,Premium,22.06,71.4,1,5,3,8,4,1,No,11,0
OTT-32930,Basic,8.36,24.0,3,1,2,1,0,1,No,30,0
OTT-49113,Basic,8.79,86.1,0,1,1,5,0,2,Yes,40,0
OTT-19765,Basic,8.17,47.6,4,1,1,6,1,0,Yes,4,0
OTT-93097,Premium,20.0,56.9,4,2,3,5,1,2,Yes,5,0
OTT-77773,Basic,9.83,68.3,0,2,1,5,0,0,Yes,17,0
OTT-35902,Basic,9.93,45.4,5,1,1,6,1,0,No,38,0
OTT-70741,Standard,15.79,85.0,0,3,3,11,2,0,Yes,22,0
OTT-71122,Basic,8.5,13.8,7,1,1,4,0,0,Yes,5,1
OTT-64870,Basic,9.23,9.9,18,1,2,3,1,2,Yes,16,1
OTT-14864,Standard,14.74,60.5,4,2,2,5,1,1,Yes,13,0
OTT-89066,Standard,14.73,18.3,7,3,1,2,0,0,Yes,14,0
OTT-96026,Standard,14.56,25.1,3,1,2,1,1,0,Yes,30,0
OTT-97671,Basic,9.87,23.8,0,2,2,1,0,2,Yes,45,1
OTT-98267,Standard,15.47,12.2,8,3,1,5,0,1,Yes,16,1
OTT-93593,Standard,15.61,52.6,4,3,4,6,1,1,Yes,13,0
OTT-76515,Basic,8.06,37.5,1,1,2,9,1,0,Yes,22,0
OTT-15118,Premium,21.23,79.7,6,4,4,6,0,0,Yes,10,0
OTT-51868,Basic,9.19,74.9,1,1,1,5,1,0,Yes,10,0
OTT-32063,Basic,9.31,92.7,1,1,1,6,1,3,Yes,8,0
OTT-29799,Premium,22.67,78.7,1,2,3,8,2,0,Yes,14,0
OTT-84754,Basic,8.32,54.3,0,1,1,3,0,0,Yes,7,0
OTT-83125,Premium,20.26,133.1,4,5,4,6,1,1,Yes,3,0
OTT-56985,Basic,9.78,60.3,5,1,2,7,2,0,Yes,10,0
OTT-76271,Basic,9.0,46.7,3,1,1,10,1,1,Yes,13,0
OTT-21642,Basic,9.07,9.5,9,1,1,1,0,0,Yes,4,0
OTT-29975,Basic,9.77,11.7,10,1,1,3,1,0,Yes,3,0
OTT-87442,Premium,22.24,110.4,5,4,4,5,0,1,Yes,2,0
OTT-50608,Premium,22.18,52.9,3,5,4,10,1,0,Yes,44,0
OTT-59196,Standard,13.96,54.1,1,1,3,2,1,0,Yes,27,0
OTT-51651,Basic,9.23,8.5,9,2,1,1,1,2,Yes,15,0
OTT-28194,Standard,14.62,55.3,5,3,3,4,0,0,Yes,22,0
OTT-84376,Basic,9.21,21.0,12,1,1,0,1,0,Yes,9,0
OTT-78246,Basic,9.14,41.3,0,1,2,2,2,0,Yes,8,0
OTT-71545,Basic,8.04,22.3,1,1,1,1,0,1,Yes,26,0
OTT-41787,Basic,8.68,95.3,2,1,1,4,1,1,Yes,3,0
OTT-67884,Basic,8.91,85.5,0,1,1,4,1,0,Yes,2,0
OTT-95791,Standard,14.74,109.4,1,2,2,9,1,0,Yes,16,0
OTT-68483,Basic,8.19,33.9,1,1,1,8,0,3,Yes,1,1
OTT-54483,Basic,9.79,81.6,2,1,1,4,1,0,Yes,16,0
OTT-34342,Basic,8.66,13.1,8,2,1,1,1,0,Yes,25,0
OTT-57052,Standard,14.71,66.2,4,1,2,4,1,0,Yes,3,0
OTT-43453,Standard,15.15,22.9,7,3,2,2,0,0,Yes,15,0
OTT-65013,Basic,9.43,11.4,13,1,1,0,2,1,No,16,1
OTT-14109,Premium,21.12,18.9,17,4,3,1,0,0,Yes,37,0
OTT-27114,Standard,13.81,45.7,2,3,1,1,0,0,Yes,10,0
OTT-80823,Basic,8.4,35.6,6,2,1,6,1,0,Yes,3,0
OTT-44264,Basic,8.32,85.6,2,2,1,4,0,0,Yes,7,0
OTT-48969,Premium,20.72,72.3,2,5,3,5,2,0,Yes,13,0
OTT-58950,Basic,9.2,68.6,2,1,1,7,0,0,Yes,47,0
OTT-49441,Basic,9.06,82.9,4,1,1,8,3,0,Yes,20,0
OTT-78276,Standard,13.91,61.0,3,2,3,7,2,0,Yes,6,0
OTT-32081,Basic,9.35,33.7,0,2,1,4,1,0,Yes,36,0
OTT-78258,Standard,13.65,8.2,8,4,1,2,1,0,Yes,23,0
OTT-28848,Standard,15.76,15.6,11,2,2,0,1,0,Yes,1,0
OTT-43353,Premium,21.69,41.0,7,5,4,9,1,0,Yes,18,0
OTT-62903,Standard,14.97,107.6,0,2,3,2,0,0,Yes,32,0
OTT-89737,Standard,14.2,17.0,13,3,1,1,1,0,Yes,9,0
OTT-30929,Basic,9.01,58.6,4,1,2,6,1,0,Yes,5,0
OTT-62864,Premium,21.27,105.5,2,5,4,7,0,0,Yes,16,0
OTT-15778,Basic,9.89,95.3,3,1,1,6,2,2,Yes,2,0
OTT-16788,Basic,8.14,72.9,3,2,1,1,1,0,Yes,15,0
OTT-79074,Premium,21.37,106.4,1,4,3,9,3,0,Yes,8,0
OTT-74705,Premium,22.36,18.5,15,5,4,0,0,0,Yes,4,1
OTT-43881,Standard,14.85,25.6,9,1,2,1,1,1,No,4,0
OTT-66067,Standard,14.9,69.4,2,3,4,6,1,2,Yes,46,0
OTT-44220,Basic,9.81,65.3,0,2,1,7,0,0,Yes,1,0
OTT-34951,Standard,14.43,12.3,9,2,2,1,0,0,Yes,43,0
OTT-48818,Basic,7.99,34.0,1,1,2,6,0,0,Yes,17,0
OTT-38066,Basic,9.84,54.4,1,1,1,6,1,2,Yes,18,1
OTT-83353,Basic,8.06,26.4,7,1,1,0,0,0,No,6,0
OTT-47049,Premium,22.38,85.2,4,2,2,7,0,0,Yes,4,1
OTT-38874,Premium,20.41,31.9,7,5,4,3,1,0,Yes,6,0
OTT-58253,Premium,20.05,26.5,11,5,3,2,1,0,Yes,18,0
OTT-78222,Standard,14.38,27.4,2,2,2,3,0,0,Yes,34,0
OTT-34629,Basic,9.72,75.4,1,1,1,5,1,0,Yes,30,0
OTT-94558,Basic,8.06,27.2,11,3,1,0,1,1,No,2,1
OTT-51717,Basic,8.52,61.4,0,2,1,3,2,0,Yes,2,0
OTT-69477,Basic,8.55,42.9,6,2,2,7,2,0,No,5,0
OTT-96150,Standard,13.73,1.3,26,2,4,0,3,0,Yes,40,1
OTT-48850,Basic,8.18,66.9,1,1,1,8,0,0,Yes,2,0
OTT-27983,Premium,22.71,29.1,10,5,4,0,2,1,Yes,2,0
OTT-77300,Basic,9.38,61.9,1,1,1,2,1,1,Yes,8,0
OTT-10595,Basic,8.61,103.5,4,1,2,6,0,0,Yes,22,0
OTT-51210,Standard,14.09,78.4,3,2,1,7,1,0,No,5,0
OTT-98198,Standard,13.6,32.6,1,3,2,5,0,0,Yes,11,0
OTT-47298,Basic,8.71,32.1,3,2,1,5,1,0,No,6,0
OTT-71567,Standard,14.24,70.5,2,3,3,2,1,0,Yes,2,0
OTT-57274,Standard,15.78,24.1,7,2,1,1,1,0,Yes,3,0
OTT-29320,Basic,8.43,18.7,7,1,1,1,0,1,Yes,4,1
OTT-38594,Standard,14.5,92.7,5,3,2,12,0,0,Yes,37,0
OTT-57117,Premium,22.04,43.6,5,5,5,6,0,1,Yes,8,0
OTT-19382,Basic,8.63,50.9,1,2,2,7,0,0,Yes,28,1
OTT-47339,Basic,9.55,26.2,1,2,2,2,1,0,Yes,1,0
OTT-47336,Basic,9.44,53.3,0,1,1,5,1,0,Yes,22,0
OTT-85141,Standard,13.58,72.1,2,2,1,7,0,0,Yes,25,0
OTT-21146,Premium,22.56,44.8,10,4,4,6,1,0,No,1,0
OTT-85841,Basic,8.72,62.5,6,1,2,4,2,0,Yes,42,0
OTT-46939,Premium,20.28,64.0,1,4,3,4,1,0,Yes,11,0
OTT-68620,Premium,22.09,106.6,3,6,4,5,0,0,No,7,0
OTT-60123,Basic,9.48,85.2,1,2,1,8,1,0,Yes,1,0
OTT-36980,Standard,13.67,37.1,2,2,1,7,0,0,No,7,0
OTT-93763,Premium,21.05,31.8,7,3,3,8,1,0,No,18,0
OTT-30201,Premium,22.68,83.9,1,5,4,2,1,1,Yes,41,0
OTT-13259,Standard,15.16,6.6,16,3,2,1,0,0,Yes,32,0
OTT-77510,Basic,9.06,108.4,4,1,1,4,1,0,No,6,0
OTT-65930,Basic,9.0,89.9,5,1,2,4,0,2,Yes,43,0
OTT-90147,Basic,9.21,93.7,3,1,1,7,2,0,Yes,29,0
OTT-51195,Standard,15.12,94.3,0,2,4,9,2,0,Yes,22,0
OTT-11515,Basic,8.13,79.0,0,1,1,6,2,2,Yes,2,0
OTT-11823,Standard,14.33,8.5,10,2,2,2,0,0,Yes,3,0
OTT-48992,Standard,14.81,54.4,1,1,2,6,0,0,No,3,0
OTT-32459,Basic,9.45,89.5,1,1,1,8,0,0,Yes,4,0
OTT-92995,Premium,22.22,49.8,0,3,4,3,0,0,Yes,37,0
OTT-20663,Basic,9.2,106.3,3,2,1,8,0,0,Yes,4,0
OTT-89272,Basic,9.16,22.6,1,1,1,3,3,0,Yes,18,0
OTT-29511,Premium,21.09,83.0,1,4,4,6,0,0,No,8,0
OTT-20746,Basic,9.66,29.4,0,1,1,1,1,0,No,8,0
OTT-34711,Basic,9.82,88.9,5,1,2,5,0,0,Yes,2,0
OTT-22972,Premium,22.53,84.4,0,3,3,8,3,0,Yes,17,0
OTT-46117,Premium,22.61,73.7,1,3,5,6,3,1,Yes,22,0
OTT-39741,Premium,22.72,43.6,0,4,2,9,0,0,Yes,15,0
OTT-57613,Basic,8.39,17.0,9,1,2,5,2,1,Yes,6,0
OTT-58335,Basic,9.02,52.8,3,1,1,5,1,1,Yes,15,0
OTT-10089,Basic,9.06,11.8,10,3,1,1,0,0,Yes,2,0
OTT-21238,Basic,8.96,38.2,4,2,1,10,0,2,No,17,0
OTT-24568,Premium,22.54,122.0,6,4,4,10,0,0,Yes,14,0
OTT-27524,Basic,8.64,4.6,20,2,1,1,0,0,Yes,1,1
OTT-18420,Standard,13.89,2.1,21,3,2,2,0,2,Yes,27,0
OTT-38316,Basic,8.54,11.2,11,1,1,1,0,0,Yes,2,0
OTT-59470,Standard,13.85,80.2,0,4,2,10,0,0,No,43,0
OTT-37799,Basic,8.8,54.5,5,2,1,3,0,0,No,31,0
OTT-39616,Basic,8.22,1.6,15,1,1,3,2,1,Yes,4,0
OTT-52259,Basic,8.17,26.8,1,1,1,0,1,2,Yes,2,1
OTT-59355,Premium,21.34,33.3,0,2,4,9,0,0,Yes,5,0
OTT-39786,Standard,14.99,86.9,1,2,2,4,0,0,Yes,28,0
OTT-29963,Standard,15.01,96.8,0,1,2,3,0,1,Yes,15,0
OTT-46843,Basic,8.17,96.4,2,1,1,7,0,0,Yes,3,1
OTT-12180,Standard,15.92,70.0,2,2,1,6,2,1,No,20,0
OTT-54330,Standard,13.79,1.4,43,2,2,1,0,0,No,3,1
OTT-94722,Standard,15.14,49.9,3,2,3,3,0,0,Yes,18,0
OTT-45813,Standard,15.71,9.2,20,2,1,2,0,1,Yes,18,1
OTT-19747,Premium,22.64,121.9,4,6,4,6,1,0,Yes,2,0
OTT-73636,Premium,21.53,117.4,0,4,3,5,1,0,Yes,33,0
OTT-21417,Premium,20.82,127.7,0,6,4,3,1,0,Yes,5,0
OTT-27427,Standard,15.56,84.0,2,3,2,6,1,0,Yes,19,0
OTT-23189,Basic,9.22,11.8,7,1,1,0,0,0,No,9,0
OTT-89529,Basic,9.57,106.7,1,1,1,8,0,0,Yes,24,0
OTT-98313,Basic,8.79,32.8,5,2,1,4,1,1,Yes,13,0
OTT-61266,Basic,9.82,4.1,19,1,1,1,2,0,No,32,0
OTT-65588,Basic,9.85,24.6,12,1,1,1,0,0,Yes,4,0
OTT-68090,Standard,15.33,67.3,6,3,4,4,1,0,Yes,45,0
OTT-64925,Standard,15.85,43.5,0,3,4,7,1,0,Yes,5,0
OTT-58968,Standard,14.62,68.1,0,1,1,4,0,0,Yes,20,0
OTT-98801,Premium,20.57,101.9,0,3,3,9,0,0,Yes,4,0
OTT-75981,Basic,9.3,46.1,2,2,1,8,2,1,Yes,37,0
OTT-17959,Basic,9.3,66.1,4,1,1,7,0,0,Yes,36,0
OTT-45274,Standard,14.72,47.3,2,3,1,6,0,0,Yes,23,0
OTT-97704,Standard,14.14,57.0,3,2,1,4,0,0,Yes,23,0
OTT-46329,Standard,15.05,40.7,3,3,2,5,0,0,Yes,9,0
OTT-28360,Premium,20.53,92.1,5,4,2,5,1,0,No,6,0
OTT-88163,Basic,9.5,49.6,2,3,1,12,0,2,Yes,9,0
OTT-66075,Standard,15.76,66.6,1,3,3,5,1,2,Yes,20,1
OTT-60630,Premium,20.49,18.5,18,3,5,2,1,0,Yes,10,1
OTT-47807,Basic,9.63,34.5,1,1,1,5,0,0,Yes,5,0
OTT-21193,Standard,13.99,80.2,1,4,2,10,0,1,Yes,38,0
OTT-44555,Basic,8.99,51.1,4,1,2,7,3,0,Yes,2,0
OTT-49372,Basic,9.85,64.9,0,1,2,6,0,0,Yes,22,0
OTT-93810,Basic,8.16,85.0,1,1,1,5,3,2,Yes,3,0
OTT-37654,Standard,13.71,103.3,0,2,3,5,0,0,Yes,2,0
OTT-23430,Standard,15.89,97.7,4,1,2,6,0,0,Yes,6,1
OTT-48477,Premium,20.47,121.9,0,3,3,6,1,0,Yes,6,0
OTT-99735,Standard,14.35,26.4,0,2,2,1,0,2,Yes,10,1
OTT-53397,Basic,8.91,59.0,2,2,1,8,0,0,Yes,17,0
OTT-44120,Premium,20.01,108.9,1,4,3,4,1,0,Yes,20,0
OTT-70018,Basic,8.37,93.4,2,1,2,9,0,0,Yes,21,0
OTT-68389,Standard,15.56,58.9,2,1,4,7,1,1,Yes,5,0
OTT-36935,Basic,9.03,47.1,0,2,1,12,1,3,No,4,0
OTT-97110,Standard,14.47,70.3,1,1,3,3,0,0,Yes,17,0
OTT-63364,Premium,22.04,97.7,3,2,3,6,2,0,No,19,0
OTT-15184,Basic,8.64,82.9,1,1,1,5,0,0,Yes,18,0
OTT-46680,Standard,14.59,13.0,11,3,2,0,2,0,Yes,3,0
OTT-93056,Standard,15.97,22.0,0,3,1,0,2,0,Yes,39,0
OTT-45401,Basic,9.54,100.0,5,1,1,5,0,0,Yes,6,0
OTT-61102,Basic,9.1,16.9,7,1,1,0,0,0,Yes,22,0
OTT-65135,Standard,14.81,95.3,0,2,2,4,1,0,Yes,1,0
OTT-73395,Basic,9.68,98.7,2,1,1,7,2,0,Yes,19,1
OTT-88507,Basic,9.19,104.6,2,1,1,3,1,0,Yes,9,0
OTT-23426,Standard,14.34,53.0,1,2,2,6,0,0,Yes,19,0
OTT-56506,Standard,14.53,21.2,9,4,2,2,1,0,Yes,4,0
OTT-58004,Basic,8.36,74.5,6,1,1,4,2,0,Yes,11,0
OTT-23715,Premium,22.87,50.5,0,4,3,3,2,0,No,4,0
OTT-70615,Premium,21.95,72.4,1,4,2,4,0,1,No,23,0
OTT-20633,Premium,21.19,66.4,2,4,4,5,1,0,Yes,6,0
OTT-51061,Standard,14.39,3.1,17,1,3,2,0,1,Yes,1,0
OTT-39722,Basic,9.8,55.0,6,1,2,5,1,0,No,7,0
OTT-23948,Basic,8.71,60.4,4,1,1,7,0,0,Yes,3,0
OTT-84007,Premium,22.26,119.8,2,4,4,8,0,2,No,6,0
OTT-31970,Premium,22.5,125.8,0,4,3,4,0,0,Yes,38,0
OTT-32971,Standard,15.76,85.1,1,3,1,5,3,1,Yes,36,0
OTT-86894,Standard,14.42,92.9,3,1,3,4,2,0,Yes,42,0
OTT-88962,Basic,9.52,10.0,13,1,1,3,1,0,Yes,2,0
OTT-13102,Standard,14.31,71.0,3,2,2,7,0,0,Yes,17,0
OTT-35008,Basic,9.88,44.8,5,1,2,13,0,1,Yes,33,0
OTT-73796,Standard,13.52,16.4,11,3,2,3,2,0,Yes,5,0
OTT-80031,Standard,14.92,83.9,2,2,2,6,2,1,Yes,8,0
OTT-99944,Standard,14.76,105.3,4,2,1,7,0,0,Yes,6,0
OTT-59918,Standard,15.68,15.1,7,2,2,4,1,2,No,25,0
OTT-10673,Standard,14.03,19.5,9,2,2,0,1,0,Yes,22,0
OTT-88625,Basic,8.16,31.4,6,1,1,7,0,0,No,20,0
OTT-24493,Basic,9.68,82.1,1,1,1,5,0,0,Yes,22,0
OTT-20871,Basic,8.69,42.9,3,1,1,4,0,0,Yes,4,0
OTT-70672,Basic,8.64,63.3,0,2,2,4,0,0,Yes,4,0
OTT-64342,Basic,8.2,50.7,2,2,2,5,1,1,Yes,9,0
OTT-15399,Basic,9.83,26.5,5,2,1,0,0,1,Yes,23,0
OTT-25235,Standard,15.07,87.2,2,1,2,2,2,0,Yes,22,0
OTT-63080,Basic,9.37,76.5,4,2,2,5,0,0,No,3,0
OTT-32981,Standard,15.73,93.9,2,2,2,4,1,0,No,10,0
OTT-71559,Standard,15.6,105.3,0,3,3,7,2,0,Yes,4,0
OTT-47058,Basic,8.89,5.5,16,3,1,0,0,0,Yes,5,0
OTT-62932,Basic,8.31,88.6,1,1,1,6,0,0,Yes,26,0
OTT-52745,Basic,9.33,49.3,1,2,1,3,0,1,Yes,8,0
OTT-42866,Basic,9.29,60.1,1,1,1,4,0,0,Yes,17,0
OTT-40816,Standard,13.61,95.6,1,3,2,7,0,0,Yes,31,0
OTT-72754,Premium,22.69,117.1,0,6,2,8,1,0,Yes,1,0
OTT-56294,Basic,8.66,55.1,5,1,2,3,1,0,Yes,41,0
OTT-63485,Basic,8.85,92.6,5,1,2,6,0,1,No,14,0
OTT-61957,Basic,9.02,89.4,2,2,1,6,0,0,Yes,12,0
OTT-28687,Basic,9.81,38.4,0,1,1,3,0,0,Yes,6,0
OTT-92189,Premium,20.5,26.3,13,4,4,1,1,0,Yes,3,0
OTT-60681,Standard,14.41,65.7,1,1,2,3,1,0,Yes,8,0
OTT-74625,Standard,14.74,27.5,3,2,3,0,0,0,Yes,5,0
OTT-89370,Premium,22.97,87.2,2,4,4,6,1,0,Yes,2,0
OTT-93222,Standard,14.59,108.2,0,2,3,4,1,0,Yes,14,0
OTT-70014,Basic,8.79,23.6,10,2,1,1,0,0,Yes,10,0
OTT-80839,Standard,15.83,39.7,1,2,2,6,0,0,Yes,4,0
OTT-52460,Standard,15.14,41.5,2,4,1,3,0,0,Yes,15,0
OTT-76400,Basic,8.32,50.1,2,1,1,5,0,0,Yes,47,0
OTT-38942,Standard,13.93,23.6,4,2,2,0,0,0,Yes,8,0
OTT-74059,Standard,15.1,28.5,3,2,3,0,0,0,Yes,25,0
OTT-17729,Basic,8.92,85.3,2,2,2,7,1,1,No,17,0
OTT-92284,Standard,13.51,70.1,1,3,1,4,0,0,Yes,5,0
OTT-32016,Basic,8.89,21.9,9,1,2,0,0,0,Yes,5,0
OTT-69090,Basic,9.87,85.0,0,2,1,9,0,0,No,36,0
OTT-11006,Basic,9.48,28.5,0,1,2,2,2,0,Yes,20,0
OTT-24014,Standard,14.89,105.2,0,2,1,9,1,2,Yes,39,0
OTT-98795,Premium,20.58,135.4,4,2,3,5,1,0,Yes,27,0
OTT-85002,Standard,14.33,8.7,9,1,2,1,1,0,No,1,1
OTT-30023,Standard,15.98,28.0,0,2,4,0,1,0,Yes,5,1
OTT-21776,Basic,9.31,94.1,1,1,1,9,0,0,Yes,9,0
OTT-83338,Standard,14.18,20.2,10,1,2,0,0,0,No,5,0
OTT-99114,Basic,9.47,109.3,2,2,1,9,0,0,Yes,16,0
OTT-25177,Standard,13.72,43.7,6,2,1,6,2,1,Yes,45,0
OTT-69754,Standard,14.42,23.9,9,4,2,0,0,0,Yes,10,0
OTT-35523,Basic,8.45,6.8,17,1,1,3,0,0,Yes,6,0
OTT-76994,Premium,22.68,92.3,1,3,3,7,1,0,Yes,12,0
OTT-47644,Basic,9.46,40.4,1,2,1,6,0,0,Yes,5,0
OTT-21281,Standard,14.73,75.4,1,3,3,3,0,0,Yes,28,0
OTT-39196,Standard,14.51,58.1,6,2,1,3,0,0,Yes,2,0
OTT-58475,Standard,15.64,41.4,2,2,1,7,0,1,Yes,28,0
OTT-81850,Standard,13.98,95.7,3,2,2,3,0,0,Yes,16,0
OTT-11892,Basic,8.14,3.4,23,2,2,2,1,1,No,9,1
OTT-96191,Premium,22.55,64.3,4,3,3,8,0,0,Yes,11,0
OTT-68463,Standard,15.63,29.6,1,1,2,1,1,0,No,2,0
OTT-88775,Standard,14.1,81.5,0,3,1,4,0,0,No,21,0
OTT-93703,Standard,13.98,47.0,3,1,1,4,2,1,Yes,34,0
OTT-23821,Basic,9.43,106.3,0,2,1,12,1,3,Yes,28,0
OTT-18435,Standard,13.85,87.3,6,2,2,9,0,0,No,4,0
OTT-79901,Basic,9.23,26.0,7,1,1,0,0,0,Yes,19,0
OTT-26909,Premium,22.09,51.9,3,2,3,8,2,0,Yes,39,0
OTT-23315,Basic,9.23,78.3,3,1,1,8,0,0,Yes,37,0
OTT-52166,Standard,14.56,99.4,2,2,2,1,0,0,No,10,0
OTT-92203,Premium,22.44,54.4,9,4,4,3,2,0,Yes,5,1
OTT-81603,Premium,22.78,102.0,0,4,5,6,0,0,Yes,45,0
OTT-56608,Standard,15.25,105.4,0,1,2,5,2,0,No,6,0
OTT-27680,Standard,14.54,35.0,1,4,4,3,1,0,Yes,2,0
OTT-40273,Standard,15.98,25.6,5,2,1,5,0,0,Yes,30,0
OTT-71963,Basic,8.89,62.9,0,1,1,6,1,0,Yes,5,0
OTT-24132,Standard,13.78,49.9,1,3,2,5,1,0,No,41,0
OTT-57195,Standard,13.95,103.5,1,1,2,7,2,1,Yes,1,0
OTT-11062,Basic,8.69,23.4,1,1,1,1,0,0,Yes,22,0
OTT-39257,Standard,13.92,49.9,3,2,1,7,0,1,Yes,24,1
OTT-32314,Basic,9.55,52.8,1,1,1,7,1,1,Yes,28,0
OTT-71296,Standard,13.53,84.7,2,2,2,6,1,0,Yes,38,0
OTT-92260,Standard,14.5,22.2,1,1,3,4,3,0,Yes,44,0
OTT-23183,Premium,22.62,20.6,15,5,4,1,3,0,Yes,2,1
OTT-81752,Basic,8.23,104.2,4,2,1,8,1,0,Yes,43,0
OTT-69032,Basic,9.14,64.6,3,1,1,5,1,0,Yes,46,0
OTT-97280,Standard,15.82,2.2,18,1,3,1,1,0,Yes,22,0
OTT-92035,Standard,13.67,26.5,2,1,2,2,1,0,No,13,0
OTT-19068,Basic,8.69,3.8,17,1,1,0,0,0,Yes,1,0
OTT-76889,Standard,13.58,33.8,1,2,2,8,1,0,Yes,13,1
OTT-63295,Premium,22.04,28.7,20,5,3,0,0,0,Yes,22,0
OTT-20177,Standard,14.53,58.1,3,1,1,5,0,0,No,22,0
OTT-33143,Basic,9.88,38.9,0,1,1,5,1,0,Yes,14,0
OTT-93424,Basic,9.37,24.7,8,2,2,0,0,0,Yes,23,0
OTT-58864,Standard,14.99,74.8,5,2,2,3,0,0,Yes,2,0
OTT-40461,Standard,15.77,77.1,0,3,2,5,1,0,Yes,43,0
OTT-38840,Premium,20.38,88.6,1,3,4,10,1,0,Yes,6,0
OTT-85407,Basic,9.56,98.1,5,2,1,7,0,0,Yes,1,0
OTT-35511,Standard,15.31,81.4,4,2,2,6,1,0,Yes,4,0
OTT-24299,Premium,22.01,24.1,9,4,3,1,2,0,Yes,27,1
OTT-61645,Basic,9.27,55.7,6,1,1,7,0,0,Yes,35,0
OTT-99324,Premium,20.36,94.4,5,2,3,3,1,0,Yes,6,0
OTT-26498,Standard,15.53,38.3,2,1,3,6,2,2,Yes,1,1
OTT-32978,Standard,15.08,104.7,1,3,2,8,0,0,Yes,10,0
OTT-52221,Basic,9.53,44.2,3,3,1,8,1,0,Yes,3,0
OTT-27983,Premium,22.62,50.7,9,3,3,5,0,0,Yes,9,0
OTT-68572,Premium,21.62,52.6,8,3,3,6,0,3,Yes,2,1
OTT-32825,Basic,9.9,46.2,1,1,1,9,1,1,Yes,20,1
OTT-21536,Standard,13.76,62.1,2,2,2,8,1,0,Yes,6,0
OTT-33513,Basic,8.0,3.7,16,2,1,1,0,0,Yes,14,0
OTT-93752,Basic,8.65,10.0,15,1,1,3,0,0,Yes,21,1
OTT-94139,Standard,14.03,23.9,7,2,1,0,1,0,Yes,1,0
OTT-55514,Standard,14.87,100.6,4,1,2,8,0,0,Yes,3,0
OTT-46040,Basic,8.55,27.5,2,2,1,0,0,0,Yes,4,0
OTT-83756,Basic,9.37,87.1,1,2,1,9,1,2,No,6,0
OTT-27483,Basic,9.88,73.0,4,3,1,5,1,0,Yes,31,0
OTT-68850,Basic,9.53,59.3,0,2,2,4,0,0,Yes,1,0
OTT-71203,Basic,8.83,25.8,10,1,1,2,2,0,Yes,5,0
OTT-73899,Basic,9.96,25.3,12,1,1,1,0,0,Yes,2,0
OTT-29614,Premium,22.3,112.0,3,2,4,7,0,0,Yes,47,0
OTT-74451,Basic,9.61,11.4,8,1,1,0,0,0,Yes,41,0
OTT-65078,Premium,20.6,70.8,3,5,3,8,1,0,Yes,48,0
OTT-88758,Basic,9.36,11.1,13,2,1,3,1,0,Yes,8,1
OTT-25695,Standard,13.67,13.1,12,4,3,2,1,1,Yes,47,0
OTT-65223,Basic,8.46,90.0,0,2,2,4,0,0,Yes,23,0
OTT-84666,Basic,8.02,14.7,7,1,1,3,0,0,Yes,26,0
OTT-35039,Standard,15.25,46.9,2,3,3,2,1,1,Yes,44,0
OTT-76939,Basic,8.03,13.0,12,1,1,0,1,0,No,3,0
OTT-18955,Basic,8.89,26.4,4,1,1,1,0,0,Yes,22,0
OTT-74628,Basic,9.29,51.9,0,1,1,9,0,0,Yes,4,0
OTT-64561,Standard,14.25,30.3,3,2,2,9,0,0,Yes,2,0
OTT-27329,Basic,8.72,71.4,2,2,1,5,0,0,Yes,38,0
OTT-15971,Basic,9.73,11.7,13,1,2,3,0,0,Yes,2,0
OTT-77093,Basic,9.79,45.9,3,2,2,6,2,1,Yes,19,0
OTT-31716,Standard,15.64,64.1,4,1,2,3,1,0,Yes,39,0
OTT-54769,Premium,22.24,69.7,4,3,2,4,1,0,Yes,12,0
OTT-15463,Basic,8.55,14.4,10,1,1,1,0,0,Yes,6,0
OTT-96713,Basic,8.14,106.2,2,1,1,3,1,0,Yes,21,0
OTT-59399,Standard,14.71,9.2,9,2,2,2,1,0,Yes,26,0
OTT-93841,Premium,22.76,128.5,4,4,3,9,2,0,Yes,3,0
OTT-24430,Basic,8.44,26.6,8,1,2,1,0,0,Yes,4,0
OTT-28521,Standard,14.01,107.2,3,2,3,10,1,0,Yes,18,0
OTT-64936,Standard,15.44,97.9,3,2,2,0,1,0,Yes,47,0
OTT-64403,Basic,9.17,2.8,27,2,1,1,0,1,No,3,1
OTT-81177,Standard,14.5,42.8,6,3,2,9,0,1,Yes,1,0
OTT-93524,Standard,15.65,37.9,0,3,2,1,0,0,Yes,25,0
OTT-83968,Basic,9.16,75.0,0,2,1,6,0,0,Yes,1,0
OTT-22619,Basic,9.83,69.1,1,1,1,6,0,0,Yes,4,0
OTT-37858,Basic,8.73,85.4,4,1,1,4,1,1,No,18,0
OTT-92243,Basic,8.88,10.3,8,2,2,4,3,2,Yes,6,1
OTT-59405,Standard,13.68,47.2,1,3,4,4,0,0,Yes,2,0
OTT-88030,Standard,14.41,81.2,2,4,2,5,1,0,No,22,0
OTT-60670,Premium,20.53,82.9,0,2,2,4,3,0,Yes,9,0
OTT-14476,Standard,13.57,52.7,6,2,2,6,0,0,Yes,10,0
OTT-52559,Basic,8.5,35.0,1,1,1,5,1,0,Yes,4,0
OTT-84218,Basic,8.97,97.5,6,1,2,3,2,0,No,9,0
OTT-68959,Standard,14.11,24.6,7,2,3,1,0,0,No,17,0
OTT-21950,Basic,8.21,34.9,3,3,1,12,2,0,Yes,48,0
OTT-28907,Basic,8.89,23.0,12,2,1,3,0,0,Yes,43,0
OTT-86892,Standard,13.86,34.5,3,2,3,6,0,0,Yes,11,0
OTT-98130,Standard,13.7,61.7,0,3,4,5,0,1,Yes,39,0
OTT-77759,Basic,9.91,63.0,0,2,1,5,0,0,Yes,31,0
OTT-18827,Standard,14.68,16.0,10,1,3,1,1,0,Yes,3,0
OTT-65726,Basic,9.59,52.1,1,2,1,7,0,0,Yes,44,0
OTT-84629,Standard,13.92,63.1,2,1,1,4,0,0,No,47,0
OTT-67616,Standard,14.64,22.2,8,2,1,0,1,0,Yes,1,0
OTT-63468,Standard,13.71,51.1,2,2,1,5,1,0,Yes,2,0
OTT-52061,Basic,8.81,73.1,1,3,1,7,0,0,Yes,17,0
OTT-32036,Standard,15.56,15.2,8,1,2,2,1,0,No,23,0
OTT-35268,Basic,9.78,11.7,20,2,1,1,1,0,Yes,20,1
OTT-77110,Standard,14.79,82.2,2,2,2,7,1,1,No,13,0
OTT-16283,Premium,20.85,111.8,4,4,3,5,2,1,Yes,1,0
OTT-17603,Basic,9.46,16.6,7,2,1,1,1,0,Yes,6,1
OTT-45699,Standard,15.09,44.6,4,2,2,6,1,0,Yes,44,0
OTT-79696,Basic,8.93,29.0,4,2,1,1,0,0,Yes,6,0
OTT-69132,Standard,14.68,93.9,1,3,1,2,0,0,Yes,15,0
OTT-63098,Standard,14.72,83.4,0,1,2,8,0,2,Yes,1,0
OTT-58071,Standard,14.34,94.3,4,2,3,7,1,0,Yes,11,0
OTT-19967,Standard,14.79,21.6,7,2,2,1,0,0,Yes,14,0
OTT-39861,Premium,20.16,37.5,1,4,4,7,1,1,Yes,5,0
OTT-17155,Premium,21.7,67.3,1,4,3,3,3,0,Yes,8,0
OTT-78233,Premium,21.48,66.2,3,5,4,5,2,0,Yes,17,0
OTT-77574,Basic,8.83,60.2,1,2,1,6,0,0,Yes,6,0
OTT-33228,Premium,20.96,92.7,5,4,3,8,2,1,No,6,0
OTT-36363,Basic,9.23,71.8,0,1,2,6,0,0,Yes,19,0
OTT-38570,Basic,8.96,77.9,1,2,1,4,0,0,Yes,11,0
OTT-90036,Basic,8.19,40.5,4,1,1,9,1,0,No,21,0
OTT-53966,Basic,8.74,65.7,6,2,2,6,1,0,Yes,34,0
OTT-78585,Standard,13.68,12.7,10,4,3,1,1,0,Yes,2,0
OTT-50394,Basic,8.75,67.0,2,1,1,7,0,1,No,5,0
OTT-72836,Standard,14.82,13.9,9,3,2,1,1,0,No,8,0
OTT-57548,Basic,8.77,41.1,2,1,1,2,0,0,Yes,20,0
OTT-35074,Basic,8.67,11.3,20,1,1,2,1,0,Yes,43,0
OTT-88866,Premium,20.83,68.7,6,5,5,4,3,1,Yes,6,0
OTT-73804,Standard,14.44,77.1,6,2,3,10,0,0,No,17,0
OTT-79239,Basic,8.13,77.1,1,1,1,9,1,0,Yes,15,0
OTT-95332,Standard,15.97,19.5,9,2,2,3,2,0,Yes,5,0
OTT-32389,Premium,21.66,14.9,20,4,5,1,0,0,Yes,13,1
OTT-18240,Basic,9.26,75.5,4,1,1,1,0,0,Yes,13,0
OTT-62403,Basic,8.36,25.0,8,1,1,1,1,0,No,3,0
OTT-39354,Premium,22.76,47.6,0,4,4,2,1,0,Yes,4,0
OTT-49219,Basic,9.13,28.5,4,1,1,1,0,0,Yes,2,0
OTT-31120,Basic,8.82,70.8,2,1,2,4,1,0,Yes,38,0
OTT-45861,Basic,9.42,16.0,11,1,1,1,0,0,Yes,5,1
OTT-45392,Basic,8.6,40.7,5,2,1,5,1,0,Yes,6,0
OTT-41549,Premium,22.79,69.4,4,6,4,6,0,0,No,6,0
OTT-76809,Premium,20.5,27.2,7,5,5,1,1,1,Yes,5,0
OTT-63338,Standard,15.57,97.1,4,1,1,5,0,0,Yes,4,1
OTT-52681,Standard,15.91,38.0,0,2,1,8,0,0,Yes,10,0
OTT-20144,Premium,21.47,69.1,1,3,3,5,1,0,Yes,1,0
OTT-61365,Standard,15.68,34.3,1,2,1,7,1,2,Yes,6,0
OTT-25751,Standard,13.67,27.9,10,3,2,2,1,0,Yes,2,0
OTT-38273,Premium,21.85,47.0,6,3,2,3,3,0,Yes,21,1
OTT-47341,Basic,8.7,11.2,12,2,2,2,0,0,Yes,6,0
OTT-22715,Basic,8.72,55.9,4,1,1,8,0,0,Yes,22,0
OTT-45053,Standard,14.62,39.5,5,2,1,9,1,0,Yes,16,0
OTT-34023,Standard,14.98,81.9,0,2,2,8,1,0,Yes,17,0
OTT-86477,Basic,9.22,8.5,9,1,1,2,1,2,Yes,4,1
OTT-87370,Basic,8.55,67.3,6,2,2,6,0,0,Yes,35,0
OTT-10411,Standard,14.45,3.2,16,1,2,3,0,0,Yes,19,0
OTT-64216,Standard,14.11,77.6,1,2,4,4,0,0,Yes,4,0
OTT-67648,Premium,21.89,43.7,6,5,3,7,0,0,Yes,9,0
OTT-44018,Premium,20.3,57.5,4,5,2,7,1,0,Yes,34,0
OTT-52220,Standard,14.55,95.0,6,2,4,6,1,2,No,6,0
OTT-81090,Standard,15.94,101.2,2,4,2,8,1,0,Yes,3,0
OTT-44016,Standard,15.96,53.8,0,1,2,10,0,0,Yes,18,0
OTT-15801,Basic,9.03,73.7,4,2,1,8,1,0,No,2,0
OTT-43525,Basic,8.48,21.5,11,1,1,1,0,0,Yes,40,0
OTT-32849,Basic,9.16,23.2,13,2,1,2,0,0,Yes,5,0
OTT-44444,Premium,21.46,81.0,1,4,3,3,1,3,Yes,2,0
OTT-30709,Premium,20.12,44.5,9,5,3,6,3,3,Yes,5,1
OTT-23488,Basic,9.97,91.0,2,3,1,3,0,1,No,6,0
OTT-98681,Premium,20.97,90.6,1,5,4,8,2,0,Yes,44,0
OTT-21597,Standard,14.49,18.8,11,1,3,0,0,0,Yes,46,0
OTT-73548,Basic,9.02,46.9,6,2,2,8,0,1,Yes,44,0
OTT-74581,Basic,9.75,24.8,7,1,1,1,0,0,No,12,0
OTT-65600,Premium,22.39,66.4,2,3,5,9,1,0,Yes,16,0
OTT-92030,Basic,8.4,70.6,5,2,1,7,0,0,Yes,3,0
OTT-10448,Standard,15.28,77.7,2,2,2,8,0,0,Yes,1,0
OTT-37146,Standard,15.68,6.9,15,2,1,1,0,0,Yes,48,0
OTT-26587,Standard,15.28,60.9,4,3,1,6,1,0,Yes,21,0
OTT-61922,Standard,13.84,64.7,0,3,3,8,1,0,Yes,18,0
OTT-67198,Standard,14.84,30.8,0,2,2,5,1,0,Yes,16,0
OTT-90810,Premium,22.51,116.7,0,4,3,4,1,0,Yes,41,0
OTT-44174,Basic,8.38,29.1,5,1,2,0,1,0,Yes,6,0
OTT-31230,Basic,9.07,108.9,2,2,2,11,0,3,Yes,19,0
OTT-93184,Basic,9.33,107.3,2,2,1,5,0,1,Yes,22,0
OTT-70568,Standard,15.08,99.6,4,2,1,10,2,0,Yes,43,0
OTT-78824,Standard,13.76,28.7,3,2,2,5,1,0,Yes,4,0
OTT-50047,Standard,14.18,8.5,8,2,2,1,2,0,Yes,2,0
OTT-50264,Basic,9.09,20.3,11,1,1,1,0,0,No,11,0
OTT-45013,Standard,14.01,11.3,10,1,2,1,3,0,Yes,29,1
OTT-77455,Premium,20.99,41.3,9,2,5,2,1,1,No,34,0
OTT-28955,Standard,14.53,79.8,6,2,4,3,1,0,Yes,14,0
OTT-97785,Standard,13.52,25.2,9,2,2,2,0,0,Yes,6,1
OTT-25833,Standard,14.77,109.5,3,2,3,6,1,0,Yes,3,0
OTT-51487,Standard,15.98,104.6,3,3,2,10,0,0,Yes,8,0
OTT-38314,Basic,8.81,31.3,6,1,1,2,0,1,Yes,2,0
OTT-67826,Standard,14.18,11.8,16,2,1,1,0,0,Yes,16,0
OTT-71261,Basic,8.5,9.4,8,1,1,3,0,0,No,28,0
OTT-92678,Basic,9.02,23.6,8,2,1,1,0,0,Yes,1,0
OTT-81028,Standard,14.63,87.9,4,4,3,5,2,0,Yes,1,0
OTT-32380,Basic,9.71,40.7,2,2,1,7,1,0,Yes,4,0
OTT-28598,Basic,9.27,55.6,1,1,1,6,1,0,Yes,3,0
OTT-89789,Standard,14.49,77.5,0,4,2,8,0,0,Yes,22,0
OTT-53907,Standard,14.45,65.8,1,2,4,4,0,0,Yes,5,0
OTT-18778,Basic,9.08,83.9,0,1,1,5,2,3,Yes,4,0
OTT-84246,Basic,8.5,33.5,0,2,2,6,2,0,Yes,3,0
OTT-68359,Standard,14.55,57.8,1,2,3,6,2,0,Yes,4,0
OTT-12301,Standard,14.2,85.1,6,2,2,9,0,0,No,17,0
OTT-80454,Standard,14.78,8.2,10,1,2,2,1,1,No,7,0
OTT-64663,Standard,14.86,8.2,19,3,1,0,1,0,Yes,16,1
OTT-65313,Premium,22.53,94.8,0,2,3,8,0,0,No,9,0
OTT-87843,Basic,8.49,103.4,4,1,1,1,2,0,No,4,0
OTT-54597,Standard,15.75,106.7,1,2,1,8,0,0,Yes,10,0
OTT-51513,Basic,9.06,82.6,5,2,2,4,1,1,Yes,5,0
OTT-65560,Basic,9.44,69.4,2,2,1,2,1,0,No,26,0
OTT-27800,Premium,21.83,27.4,9,2,5,1,0,1,Yes,2,0
OTT-23649,Premium,22.48,88.9,0,4,4,8,1,1,Yes,14,0
OTT-85939,Basic,9.32,9.6,14,1,1,3,0,0,Yes,5,0
OTT-29401,Basic,8.01,14.7,9,2,1,3,1,0,Yes,37,0
OTT-55390,Premium,21.16,58.0,5,4,2,4,0,1,Yes,6,0
OTT-34290,Basic,9.87,60.9,0,2,1,3,0,0,Yes,32,0
OTT-30740,Premium,21.34,41.6,9,5,3,9,2,0,Yes,5,0
OTT-63799,Basic,9.65,93.7,2,1,1,5,0,0,Yes,43,0
OTT-82211,Basic,9.73,46.2,5,1,1,10,0,0,Yes,23,0
OTT-49770,Basic,8.66,1.4,31,2,1,0,0,0,No,2,1
OTT-22485,Standard,15.63,13.4,12,1,3,2,2,1,Yes,2,1
OTT-32002,Basic,8.74,69.4,1,3,2,5,1,0,Yes,5,0
OTT-24811,Basic,8.04,4.4,14,1,1,1,1,1,Yes,27,0
OTT-89451,Premium,22.07,104.8,2,4,5,8,2,0,No,40,0
OTT-38757,Basic,9.63,93.0,0,1,1,4,1,0,Yes,6,0
OTT-43652,Standard,14.62,88.0,1,2,2,3,1,0,Yes,6,0
OTT-16393,Basic,8.34,4.3,15,2,1,1,1,0,Yes,3,1
OTT-50142,Standard,15.03,71.8,1,2,2,6,1,0,Yes,1,0
OTT-92252,Basic,9.47,55.7,4,1,1,5,0,0,Yes,11,0
OTT-46872,Standard,15.13,79.2,2,3,2,4,3,0,Yes,4,0
OTT-68611,Standard,14.38,25.4,10,3,2,1,0,0,Yes,3,0
OTT-26374,Premium,21.09,118.8,3,4,3,5,1,1,Yes,44,0
OTT-22864,Premium,21.64,122.6,3,4,3,3,2,0,Yes,21,0
OTT-75845,Basic,8.38,16.1,12,2,1,1,1,0,Yes,28,0
OTT-15916,Basic,9.68,24.2,8,1,1,0,1,0,Yes,4,0
OTT-50360,Basic,8.19,55.1,0,2,1,10,0,0,Yes,48,0
OTT-38503,Standard,14.71,30.9,6,2,2,4,0,0,Yes,22,0
OTT-11463,Basic,9.71,73.8,2,2,2,10,2,0,Yes,19,0
OTT-57808,Premium,21.58,84.2,0,6,3,2,2,0,Yes,6,0
OTT-96760,Premium,22.27,99.0,3,2,5,6,1,0,No,37,0
OTT-16223,Basic,8.47,96.0,3,1,1,3,1,0,Yes,11,0
OTT-83417,Basic,8.88,100.8,2,2,1,8,2,1,Yes,28,0
OTT-58525,Standard,15.27,83.8,0,1,2,7,0,0,Yes,7,0
OTT-75119,Basic,9.77,77.1,4,1,2,6,1,0,No,34,0
OTT-18689,Basic,9.28,23.4,2,1,1,1,0,0,Yes,14,0
OTT-88217,Basic,8.48,32.0,0,3,1,10,1,0,Yes,27,0
OTT-11027,Premium,20.43,56.4,4,3,2,6,1,0,No,5,0
OTT-91611,Standard,15.59,13.2,11,1,3,3,0,0,Yes,4,0
OTT-69201,Basic,9.1,25.9,13,1,2,1,0,1,No,15,0
OTT-40373,Basic,8.36,85.9,0,1,1,8,1,0,Yes,14,0
OTT-10639,Standard,14.7,77.7,3,3,1,5,0,0,Yes,21,0
OTT-64985,Basic,8.24,32.9,0,1,2,6,0,0,Yes,15,0
OTT-17869,Premium,20.31,45.3,8,4,3,10,2,0,Yes,22,0
OTT-64792,Standard,15.79,86.3,0,2,1,4,0,0,No,41,0
OTT-79582,Premium,21.62,63.9,3,6,5,5,1,1,Yes,6,0
OTT-34056,Standard,14.11,43.4,1,4,3,9,0,0,Yes,35,0
OTT-31484,Premium,22.63,107.1,2,5,3,6,4,0,Yes,3,1
OTT-29975,Standard,15.99,32.6,6,2,2,6,1,3,Yes,22,0
OTT-30235,Standard,15.7,73.2,0,2,2,8,0,0,Yes,24,0
OTT-20251,Basic,9.49,107.8,1,1,1,4,0,0,Yes,4,0
OTT-32472,Standard,15.9,24.2,4,4,2,1,0,0,Yes,6,0
OTT-69337,Standard,13.98,38.1,2,4,1,4,1,0,No,1,0
OTT-37226,Standard,15.68,18.6,9,2,2,1,0,0,Yes,17,0
OTT-80281,Standard,14.39,28.2,4,2,2,1,1,1,Yes,18,0
OTT-83735,Basic,8.05,84.3,1,1,1,5,1,0,Yes,6,0
OTT-78485,Basic,8.05,29.1,0,1,1,1,0,0,Yes,34,0
OTT-58557,Basic,8.37,38.9,2,1,2,6,1,0,Yes,3,0
OTT-38464,Basic,9.55,70.2,3,2,1,3,0,0,Yes,9,0
OTT-93689,Standard,15.73,93.8,1,3,4,5,0,0,No,11,0
OTT-28473,Premium,20.37,69.2,2,4,3,9,1,0,Yes,3,0
OTT-51805,Standard,15.6,1.6,15,1,4,0,0,0,Yes,4,0
OTT-50824,Premium,22.26,58.9,0,3,2,7,0,0,Yes,45,0
OTT-77102,Premium,20.15,56.2,0,3,5,6,1,0,No,14,0
OTT-59212,Basic,9.45,38.6,5,2,2,6,0,0,No,3,0
OTT-81955,Standard,13.59,63.2,1,2,2,9,1,2,Yes,46,0
OTT-92716,Basic,8.52,99.5,1,1,1,4,0,0,Yes,13,0
OTT-45155,Premium,21.58,108.9,1,3,4,4,2,0,Yes,1,0
OTT-88733,Standard,15.76,22.1,10,4,2,1,1,0,Yes,19,1
OTT-25271,Basic,8.2,24.8,8,2,1,4,5,0,Yes,11,1
OTT-92444,Basic,8.69,69.1,5,1,1,3,0,0,No,2,0
OTT-26018,Standard,14.93,106.1,2,1,1,4,1,0,Yes,24,0
OTT-86522,Basic,9.47,95.4,6,2,1,5,0,0,Yes,3,0
OTT-45121,Basic,9.82,79.8,3,1,2,7,0,1,No,1,0
OTT-96811,Premium,21.4,49.9,1,6,3,6,1,0,Yes,3,0
OTT-21627,Basic,9.67,89.0,3,1,1,4,0,0,Yes,43,0
OTT-51894,Standard,15.03,99.0,0,2,2,3,3,1,Yes,13,0
OTT-91168,Standard,14.0,64.1,1,1,3,4,1,2,No,29,0
OTT-14272,Basic,9.15,54.0,5,2,1,8,0,0,Yes,3,0
OTT-33851,Basic,8.62,54.1,3,1,2,6,0,0,Yes,42,0
OTT-17520,Basic,9.4,88.2,2,1,1,4,0,0,Yes,10,0
OTT-38914,Premium,20.84,35.9,22,2,4,5,1,0,No,2,1
OTT-45124,Standard,14.15,57.2,2,4,4,3,0,0,Yes,6,0
OTT-65699,Basic,9.88,31.4,3,2,2,8,0,0,Yes,38,0
OTT-33191,Premium,22.72,14.7,14,3,2,2,1,0,No,6,0
OTT-24281,Basic,8.89,95.2,4,2,1,4,0,0,Yes,8,0
OTT-25294,Basic,9.52,49.3,2,1,2,4,0,1,Yes,14,0
OTT-94455,Basic,9.95,94.4,0,1,2,1,1,0,Yes,2,0
OTT-95787,Standard,13.71,32.2,2,2,3,5,2,0,Yes,46,0
OTT-29926,Basic,9.2,25.5,1,1,1,1,0,0,Yes,43,0
OTT-27587,Standard,14.12,49.2,2,2,3,4,0,0,Yes,18,0
OTT-14877,Basic,9.59,49.8,1,2,1,5,2,0,Yes,16,0
OTT-96343,Standard,13.74,109.8,0,2,1,2,0,0,Yes,9,0
OTT-73552,Premium,22.36,62.8,0,4,4,2,0,0,Yes,12,0
OTT-78474,Basic,8.39,87.2,0,3,2,8,0,2,Yes,1,0
OTT-36151,Basic,8.9,103.0,0,1,1,5,0,1,Yes,16,0
OTT-67684,Standard,15.52,90.9,2,1,3,7,0,0,No,6,0
OTT-15382,Basic,8.12,27.5,13,2,1,3,2,3,Yes,23,0
OTT-70841,Basic,9.85,36.7,5,1,1,6,1,0,Yes,18,0
OTT-62168,Standard,14.03,82.1,0,3,2,5,0,0,Yes,4,0
OTT-39832,Standard,14.74,67.9,1,2,3,8,2,1,No,46,0
OTT-73941,Standard,15.33,25.4,11,4,2,1,3,0,Yes,4,0
OTT-68177,Basic,8.24,87.4,1,1,1,4,1,2,Yes,6,0
OTT-49509,Basic,9.21,90.6,2,1,2,11,1,0,Yes,1,1
OTT-26802,Standard,14.78,15.7,9,3,4,1,0,1,Yes,17,0
OTT-12120,Standard,14.95,81.6,2,1,2,5,0,1,Yes,3,0
OTT-94392,Basic,9.31,99.6,0,1,2,2,0,2,No,21,0
OTT-35322,Basic,8.83,39.4,2,1,1,6,0,1,Yes,15,0
OTT-37161,Basic,8.59,8.6,12,1,1,0,2,0,Yes,1,0
OTT-71295,Standard,13.95,1.1,31,1,2,0,0,0,Yes,31,0
OTT-32966,Premium,22.81,25.5,25,4,4,1,0,0,Yes,1,1
OTT-43817,Basic,8.79,62.9,3,1,1,4,1,0,Yes,13,0
OTT-74003,Standard,14.2,44.6,2,2,1,8,1,0,Yes,6,0
OTT-63583,Basic,8.1,102.1,5,1,1,5,1,0,Yes,23,0
OTT-69079,Basic,9.49,25.7,3,1,1,0,1,1,No,29,0
OTT-10420,Standard,14.81,24.1,9,2,2,2,0,0,Yes,3,0
OTT-50616,Standard,13.97,92.3,0,3,3,8,0,0,Yes,2,0
OTT-52773,Basic,9.78,67.7,2,2,2,7,3,0,Yes,4,0
OTT-66919,Standard,15.82,45.2,2,1,3,8,2,0,No,5,0
OTT-23631,Basic,9.75,60.2,0,2,1,7,0,2,Yes,31,0
OTT-24354,Basic,9.11,53.2,0,2,2,5,1,0,Yes,11,0
OTT-78618,Standard,14.42,10.8,10,2,2,2,1,0,No,8,1
OTT-70598,Basic,8.31,74.4,2,1,2,6,2,0,No,42,0
OTT-83005,Standard,14.43,39.2,0,2,2,9,1,0,Yes,43,0
OTT-34354,Standard,15.02,27.9,8,2,1,1,0,0,Yes,31,0
OTT-99783,Premium,20.67,85.6,6,5,4,6,0,1,Yes,4,0
OTT-34554,Basic,8.92,10.3,8,1,1,2,0,0,Yes,6,1
OTT-68585,Standard,14.92,76.1,2,3,3,3,2,0,No,6,0
OTT-24596,Basic,9.45,55.5,1,1,1,4,0,0,Yes,4,0
OTT-92664,Basic,8.17,38.3,4,2,1,3,0,0,Yes,6,0
OTT-39913,Basic,9.72,48.2,0,1,1,2,0,0,Yes,3,0
OTT-82222,Standard,14.63,44.5,0,2,2,2,1,0,Yes,6,0
OTT-39812,Basic,9.15,73.3,2,1,1,4,1,0,Yes,15,0
OTT-81175,Premium,22.81,66.8,6,4,2,8,0,0,Yes,4,0
OTT-50875,Basic,8.33,26.2,6,1,1,0,1,0,No,1,0
OTT-15624,Premium,22.64,38.1,17,4,4,9,0,0,Yes,2,0
OTT-27137,Basic,9.6,47.1,5,1,1,6,1,0,Yes,15,1
OTT-71508,Basic,9.98,4.4,19,2,1,0,0,1,Yes,18,1
OTT-27370,Standard,14.47,60.1,4,2,2,9,0,1,Yes,15,0
OTT-34778,Basic,8.24,91.8,5,2,1,5,0,0,Yes,5,0
OTT-58755,Standard,13.53,76.1,5,2,4,12,0,0,Yes,2,0
OTT-32774,Premium,22.37,18.4,40,2,3,0,1,0,Yes,1,1
OTT-21598,Standard,13.83,62.4,1,3,3,6,1,0,Yes,4,0
OTT-66186,Premium,20.91,108.9,2,6,3,9,2,0,Yes,1,0
OTT-72000,Basic,9.96,25.6,1,2,1,1,0,0,Yes,42,0
OTT-75973,Standard,14.6,25.6,2,2,1,3,0,0,Yes,1,0
OTT-94954,Standard,14.07,22.0,12,2,2,3,4,1,Yes,3,1
OTT-21204,Standard,15.37,66.1,3,3,2,4,0,1,Yes,14,0
OTT-48411,Standard,14.17,36.4,1,1,1,5,1,1,Yes,16,1
OTT-31059,Standard,14.82,81.0,1,1,2,2,0,1,No,5,0
OTT-91098,Premium,20.46,21.6,45,5,2,3,1,0,No,3,1
OTT-58580,Basic,8.91,61.1,1,1,2,7,1,0,No,24,0
OTT-18848,Basic,8.21,94.1,0,2,1,2,1,2,Yes,5,0
OTT-72292,Basic,9.54,37.6,4,2,1,4,1,0,No,7,0
OTT-13866,Basic,8.72,73.9,0,1,2,7,0,0,Yes,44,0
OTT-34675,Standard,14.29,54.6,2,4,4,4,0,0,Yes,6,0
OTT-74922,Basic,9.98,100.6,6,2,1,3,0,0,Yes,23,0
OTT-55539,Basic,9.65,20.9,7,2,1,0,0,1,No,3,0
OTT-78491,Premium,21.65,72.5,1,4,5,2,4,0,No,4,0
OTT-61406,Premium,22.82,80.7,1,3,5,5,0,1,Yes,5,0
OTT-85874,Standard,14.02,68.3,2,2,3,6,0,0,Yes,46,0
OTT-60630,Standard,14.92,108.6,1,1,2,4,2,1,No,3,0
OTT-15113,Basic,9.85,87.6,1,1,1,3,0,0,Yes,3,0
OTT-16413,Standard,14.91,84.8,4,2,2,5,0,0,Yes,37,0
OTT-79920,Basic,8.61,108.6,0,2,1,4,1,0,Yes,3,0
OTT-13474,Basic,9.61,11.1,11,1,1,1,0,0,Yes,45,0
OTT-43888,Standard,13.84,63.1,0,1,2,5,1,0,Yes,12,0
OTT-11449,Basic,8.29,106.6,0,1,1,6,2,2,Yes,14,0
OTT-37300,Basic,9.45,97.0,3,2,1,4,0,0,Yes,27,0
OTT-63561,Standard,13.66,12.1,11,2,2,0,0,0,No,22,0
OTT-25571,Basic,8.09,59.1,1,1,1,6,0,0,Yes,3,0
OTT-51948,Basic,8.75,38.5,0,2,1,8,0,0,Yes,26,0
OTT-99640,Basic,8.79,83.7,0,1,1,8,0,0,Yes,36,0
OTT-16344,Basic,8.93,7.8,14,1,1,1,0,2,Yes,36,0
OTT-15729,Standard,15.34,73.1,0,2,2,5,3,0,Yes,8,0
OTT-34412,Basic,9.13,26.1,8,2,1,2,2,0,Yes,16,0
OTT-84429,Basic,9.42,10.0,13,1,2,0,2,0,Yes,20,0
OTT-46521,Premium,20.14,132.3,3,4,4,2,0,0,Yes,6,0
OTT-67553,Premium,20.94,77.8,1,2,4,5,3,0,Yes,11,0
OTT-13048,Standard,15.91,24.4,5,2,2,1,0,0,Yes,11,0
OTT-76156,Premium,21.27,115.6,0,4,5,6,0,0,Yes,20,0
OTT-16068,Standard,14.05,103.9,3,2,2,2,1,0,Yes,5,0
OTT-74053,Basic,9.97,105.0,1,2,1,2,1,0,Yes,21,0
OTT-23312,Standard,14.52,95.5,0,3,2,4,2,1,No,10,0
OTT-87258,Basic,8.95,13.6,7,1,1,0,2,0,Yes,21,0
OTT-36651,Standard,14.05,13.7,7,1,3,2,1,0,No,48,0
OTT-26541,Premium,21.96,65.1,1,4,4,9,1,0,Yes,21,0
OTT-40303,Basic,8.4,41.8,3,1,1,6,0,0,Yes,2,0
OTT-10074,Basic,9.21,101.9,4,2,1,8,1,1,Yes,1,0
OTT-24860,Basic,9.5,69.1,0,2,1,10,0,0,No,23,0
OTT-63866,Premium,21.95,55.4,3,5,4,4,1,2,No,9,0
OTT-37069,Basic,8.17,23.4,12,1,1,1,2,0,Yes,37,1
OTT-41846,Premium,20.23,100.5,3,5,3,9,1,0,No,6,0
OTT-82649,Basic,9.67,55.4,6,1,2,6,0,0,Yes,3,0
OTT-21140,Standard,15.75,26.3,7,3,2,1,2,0,Yes,5,0
OTT-45629,Basic,8.26,70.9,0,1,2,4,1,1,Yes,23,0
OTT-26752,Basic,8.74,77.3,1,2,2,7,0,0,Yes,29,0
OTT-53455,Basic,9.3,24.9,0,1,2,2,0,0,Yes,33,0
OTT-39857,Basic,9.66,20.6,10,1,1,1,1,0,Yes,12,0
OTT-14160,Basic,9.81,58.3,0,3,1,7,1,0,Yes,35,0
OTT-16320,Basic,9.39,87.8,2,1,2,5,2,0,Yes,2,0
OTT-86709,Standard,13.86,8.9,10,4,2,3,2,0,Yes,10,0
OTT-15122,Standard,15.41,56.0,2,3,2,6,2,0,Yes,35,0
OTT-80443,Basic,9.71,27.8,1,1,2,2,1,0,Yes,5,0
OTT-92441,Standard,14.37,104.0,3,2,2,4,0,0,Yes,40,0
OTT-51922,Standard,14.73,58.9,3,1,3,7,3,0,Yes,2,0
OTT-38088,Premium,20.49,43.5,6,3,4,4,1,0,Yes,5,0
OTT-79867,Basic,8.6,87.4,2,2,1,8,0,0,Yes,19,0
OTT-98399,Basic,9.73,99.6,0,1,1,7,1,1,Yes,40,0
OTT-20838,Premium,20.26,118.0,6,3,3,7,0,0,Yes,1,0
OTT-96792,Premium,22.28,110.3,0,2,4,5,4,2,Yes,39,0
OTT-94935,Premium,20.28,34.1,10,4,3,6,0,0,Yes,1,0
OTT-22831,Standard,14.22,109.1,5,2,2,5,0,0,Yes,23,0
OTT-14926,Standard,14.95,54.0,0,3,2,9,0,0,Yes,17,0
OTT-74342,Premium,20.0,82.0,3,5,4,5,2,1,No,5,0
OTT-16990,Standard,15.18,31.8,6,1,3,8,0,0,Yes,12,0
OTT-64071,Basic,8.62,97.5,0,1,1,5,1,0,Yes,11,0
OTT-15828,Premium,22.24,115.8,1,4,4,5,1,0,Yes,20,0
OTT-72157,Premium,22.92,53.3,3,3,3,5,2,0,Yes,4,0
OTT-30853,Basic,8.82,76.1,3,1,1,3,2,0,Yes,5,0
OTT-18657,Basic,8.05,43.6,4,2,1,4,0,0,Yes,36,0
OTT-15995,Premium,22.54,119.9,0,2,3,4,0,0,No,23,0
OTT-26970,Basic,8.54,8.1,12,2,1,3,0,0,Yes,37,0
OTT-58667,Standard,13.86,83.2,5,3,2,7,2,0,Yes,15,0
OTT-16897,Basic,9.75,69.8,1,1,1,9,0,0,Yes,30,0
OTT-82203,Basic,8.46,47.2,2,1,1,4,0,0,Yes,3,1
OTT-64371,Standard,15.0,103.2,0,2,3,6,0,0,Yes,20,0
OTT-36756,Premium,20.75,76.2,3,2,3,4,1,0,No,10,0
OTT-98792,Standard,15.27,68.2,3,3,1,4,1,3,Yes,6,1
OTT-69267,Basic,9.29,9.7,10,2,1,2,0,0,Yes,5,0
OTT-70477,Basic,9.01,58.2,4,1,2,12,0,0,No,19,0
OTT-25655,Basic,9.1,36.0,5,1,1,8,0,0,Yes,47,0
OTT-73967,Premium,20.67,94.5,6,4,4,6,0,1,Yes,22,0
OTT-60326,Basic,8.03,19.6,8,1,1,1,1,1,Yes,2,0
OTT-98611,Premium,22.39,30.7,7,3,3,9,0,0,Yes,47,0
OTT-53019,Premium,22.66,120.6,1,3,4,4,2,0,Yes,6,0
OTT-71020,Standard,15.43,48.6,2,3,2,8,1,0,Yes,2,0
OTT-40701,Basic,9.41,79.6,0,1,1,6,0,0,Yes,43,0
OTT-13616,Premium,21.41,137.5,1,3,5,6,1,0,Yes,24,0
OTT-21512,Basic,9.16,92.7,5,1,1,4,1,1,Yes,34,0
OTT-88029,Premium,22.06,105.4,4,3,4,10,1,1,Yes,32,0
OTT-76430,Basic,8.04,27.2,0,1,2,2,1,0,Yes,20,0
OTT-42820,Basic,8.84,18.5,9,3,1,0,0,0,No,1,1
OTT-72803,Basic,8.44,88.3,1,2,2,4,0,0,No,5,0
OTT-10392,Basic,8.72,80.1,1,1,1,9,0,0,Yes,36,0
OTT-13346,Standard,15.36,72.0,3,2,3,4,1,2,Yes,26,0
OTT-55650,Standard,14.4,103.1,0,3,1,6,0,0,Yes,5,1
OTT-66246,Basic,9.47,19.2,8,1,1,0,0,1,Yes,6,0
OTT-94330,Standard,15.92,95.7,3,2,2,12,0,0,No,3,0
OTT-78368,Basic,9.84,100.0,4,1,1,3,2,1,Yes,5,1
OTT-33159,Premium,22.47,108.2,0,4,4,8,1,1,Yes,37,0
OTT-83361,Premium,22.55,50.5,0,3,5,7,2,0,Yes,3,0
OTT-54235,Standard,14.47,23.5,8,2,4,1,0,0,Yes,15,0
OTT-84341,Premium,22.18,104.4,1,6,3,11,1,0,Yes,34,0
OTT-25639,Basic,9.32,81.3,0,1,1,7,0,0,Yes,21,0
OTT-12360,Basic,9.96,54.7,0,2,1,5,0,0,No,7,0
OTT-15192,Basic,9.14,13.8,13,1,1,1,0,0,No,1,0
OTT-99178,Premium,21.28,49.4,9,4,3,2,0,0,Yes,6,1
OTT-17248,Basic,9.66,22.6,8,2,1,2,1,3,Yes,5,1
OTT-94540,Premium,22.24,121.6,0,6,3,6,2,0,Yes,5,0
OTT-75430,Standard,13.8,52.0,0,2,1,4,1,0,Yes,1,0
OTT-23143,Basic,9.18,47.4,1,3,1,9,0,0,Yes,5,0
OTT-87765,Standard,14.97,22.8,11,4,1,0,0,0,No,5,0
OTT-22978,Standard,15.07,108.1,0,2,1,6,0,0,No,6,0
OTT-22896,Standard,15.84,47.6,1,2,2,10,2,0,Yes,24,0
OTT-61796,Premium,21.8,63.5,0,2,4,5,2,0,Yes,6,0
OTT-35948,Standard,15.67,100.6,5,1,4,10,0,0,Yes,5,0
OTT-36173,Basic,8.71,45.3,0,1,1,6,1,0,Yes,46,0
OTT-27552,Standard,13.63,58.6,2,2,1,5,1,0,Yes,2,0
OTT-64690,Basic,8.74,109.3,0,2,1,7,0,0,Yes,22,0
OTT-12416,Premium,21.59,117.0,6,3,4,9,0,0,Yes,37,0
OTT-32056,Basic,9.66,13.0,8,2,2,0,2,0,Yes,15,1
OTT-59808,Standard,15.07,27.0,9,4,2,2,0,0,Yes,1,0
OTT-53788,Basic,8.87,96.2,0,1,2,5,0,0,Yes,8,0
OTT-72992,Basic,8.91,107.7,4,2,1,3,0,0,Yes,13,0
OTT-29461,Standard,15.98,57.5,0,2,4,5,0,1,Yes,2,0
OTT-68308,Basic,8.27,21.3,9,1,1,0,2,0,Yes,4,1
OTT-78394,Standard,14.0,55.6,4,3,3,2,0,0,Yes,6,0
OTT-44924,Standard,15.05,16.8,10,2,1,0,2,0,No,44,1
OTT-33112,Basic,9.39,21.4,7,2,1,3,0,1,No,4,1
OTT-59950,Basic,8.78,58.5,5,1,1,6,1,0,Yes,5,0
OTT-62096,Standard,13.57,16.4,8,2,1,0,0,0,Yes,14,0
OTT-18468,Standard,14.8,69.7,0,2,2,4,0,0,Yes,37,0
OTT-60859,Standard,13.85,31.4,1,4,2,5,1,0,Yes,2,0
OTT-23887,Basic,8.1,108.8,2,2,1,2,2,0,Yes,4,0
OTT-61193,Basic,8.68,94.8,4,1,1,3,3,0,Yes,22,0
OTT-93860,Standard,13.83,64.5,0,3,2,7,0,0,No,8,0
OTT-58335,Premium,21.31,103.7,3,3,4,1,2,1,Yes,14,0
OTT-78534,Standard,15.39,27.9,8,3,2,0,0,0,Yes,28,0
OTT-37873,Standard,13.61,18.3,10,2,3,1,0,0,No,1,0
OTT-93045,Standard,14.74,22.5,10,2,2,2,2,0,Yes,6,0
OTT-83147,Standard,14.73,29.5,1,2,2,3,2,0,Yes,3,0
OTT-92500,Standard,13.49,106.1,2,3,2,5,0,1,Yes,1,0
OTT-76742,Basic,9.47,11.3,8,1,1,2,2,0,Yes,23,0
OTT-68444,Standard,13.71,92.5,1,4,2,4,1,0,Yes,28,0
OTT-57249,Basic,9.85,64.9,3,1,1,12,0,0,Yes,3,0
OTT-93540,Basic,9.27,20.9,9,1,1,3,0,2,Yes,7,0
OTT-86336,Basic,8.57,74.4,6,1,1,4,0,1,Yes,4,0
OTT-47502,Basic,9.84,58.6,3,1,1,6,2,0,Yes,13,0
OTT-17708,Basic,8.79,105.8,0,1,1,8,0,0,Yes,4,0
OTT-10325,Basic,8.51,1.1,26,1,2,1,0,0,Yes,21,0
OTT-31013,Basic,8.76,42.3,1,1,2,7,0,0,Yes,1,0
OTT-15631,Basic,9.21,100.7,3,3,2,8,0,0,Yes,38,0
OTT-29034,Basic,9.44,47.9,0,2,1,3,0,0,Yes,39,0
OTT-19853,Basic,9.31,31.5,1,1,1,9,0,2,Yes,28,0
OTT-98293,Premium,22.75,48.4,1,5,5,9,1,0,Yes,33,0
OTT-18581,Standard,15.88,15.1,10,1,2,1,1,0,Yes,3,0
OTT-66419,Basic,8.38,99.3,0,1,2,6,1,0,Yes,7,0
OTT-41652,Basic,9.82,21.3,9,2,1,1,1,0,Yes,4,0
OTT-25679,Basic,8.2,10.5,9,3,2,4,2,0,Yes,38,0
OTT-73113,Basic,9.9,69.1,3,2,2,6,0,1,Yes,4,0
OTT-97348,Basic,8.51,76.8,0,2,1,9,1,0,No,6,0
OTT-81157,Basic,8.52,93.1,1,2,1,5,1,0,Yes,10,0
OTT-97770,Standard,14.54,71.6,6,1,3,1,2,0,Yes,3,0
OTT-63118,Standard,13.94,52.2,4,2,2,7,0,2,Yes,10,0
OTT-70621,Standard,15.56,109.6,3,2,3,4,0,0,Yes,1,0
OTT-23179,Basic,8.24,13.2,12,1,1,0,0,0,Yes,22,0
OTT-86716,Basic,8.87,27.3,10,1,1,2,0,2,Yes,25,1
OTT-77310,Premium,22.71,50.2,4,4,3,5,2,2,Yes,21,0
OTT-32861,Standard,15.08,67.6,5,2,2,4,2,0,Yes,3,0
OTT-41931,Standard,15.01,31.7,4,3,4,7,1,1,Yes,1,0
OTT-64979,Premium,22.97,129.1,1,4,4,6,1,1,Yes,4,0
OTT-11169,Standard,13.55,65.1,3,2,2,3,0,1,Yes,2,0
OTT-83611,Basic,8.63,99.8,2,2,1,9,1,1,Yes,14,0
OTT-35252,Standard,13.8,10.1,21,4,2,2,0,1,Yes,2,1
OTT-16747,Basic,8.36,11.8,11,2,1,1,0,0,No,6,1
OTT-39753,Standard,14.03,27.1,2,2,2,2,0,0,Yes,6,0
OTT-85218,Basic,9.24,102.7,3,1,1,3,1,0,Yes,44,0
OTT-34681,Basic,8.53,71.5,5,1,2,10,2,0,No,2,0
OTT-58526,Basic,9.32,25.1,10,2,2,3,1,0,Yes,6,0
OTT-83067,Basic,9.47,82.7,2,2,1,8,0,0,Yes,20,0
OTT-13033,Standard,14.49,89.7,0,2,1,8,2,0,Yes,4,0
OTT-78392,Basic,9.06,64.5,1,1,1,6,0,0,Yes,32,0
OTT-35982,Basic,8.25,86.5,3,2,1,5,0,2,No,3,0
OTT-72598,Basic,9.5,102.8,1,1,2,9,0,0,Yes,22,0
OTT-26928,Premium,21.25,107.2,0,3,3,1,2,0,No,8,0
OTT-22510,Standard,15.58,104.0,3,3,2,8,1,0,Yes,44,0
OTT-80946,Standard,14.81,43.2,0,4,3,4,0,0,Yes,10,0
OTT-82704,Basic,9.38,92.7,1,1,1,3,0,0,Yes,42,0
OTT-98318,Basic,8.71,18.6,7,2,1,2,1,0,Yes,22,0
OTT-70945,Basic,8.73,27.3,0,2,2,2,0,0,Yes,7,0
OTT-51928,Basic,8.86,78.8,4,1,1,6,0,0,Yes,20,0
OTT-27535,Basic,9.26,77.2,5,1,2,4,1,0,Yes,13,0
OTT-36569,Premium,21.51,123.4,1,4,3,10,2,1,Yes,23,0
OTT-68327,Standard,15.5,21.0,11,3,2,3,2,1,Yes,1,0
OTT-41148,Basic,8.1,33.5,1,1,2,9,0,0,Yes,5,0
OTT-53515,Standard,15.74,27.8,8,3,2,2,2,0,Yes,3,0
OTT-25125,Basic,9.84,49.7,1,1,1,4,1,0,Yes,5,0
OTT-49541,Basic,8.48,83.4,1,1,1,8,0,0,No,8,0
OTT-31417,Standard,13.74,74.6,0,3,2,5,3,3,Yes,5,0
OTT-20090,Premium,21.71,82.8,6,4,3,8,0,1,Yes,12,0
OTT-21875,Standard,13.65,57.8,2,2,2,12,0,2,No,7,0
OTT-56646,Premium,20.68,101.8,1,5,4,8,2,1,No,20,0
OTT-42977,Basic,9.01,98.7,6,1,1,12,0,0,Yes,18,0
OTT-18993,Standard,15.02,26.9,11,2,2,1,1,0,Yes,2,0
OTT-56286,Premium,20.57,46.3,12,6,3,7,3,0,Yes,2,0
OTT-24782,Basic,9.86,32.3,4,2,1,10,0,0,Yes,17,0
OTT-11389,Standard,13.94,11.8,7,2,1,2,0,1,No,30,0
OTT-21929,Premium,20.45,66.8,1,4,5,7,2,0,Yes,18,0
OTT-50366,Standard,13.9,107.7,0,1,2,9,1,1,Yes,14,0
OTT-95868,Basic,9.85,30.6,0,1,1,9,0,1,Yes,18,0
OTT-31750,Basic,9.75,83.3,5,1,1,5,1,1,Yes,17,0
OTT-35637,Standard,13.57,3.4,26,2,2,1,1,0,No,17,0
OTT-31838,Premium,22.17,20.1,35,6,3,1,0,0,Yes,21,0
OTT-41968,Basic,8.14,22.7,1,1,1,2,0,2,No,2,1
OTT-74558,Basic,8.14,27.8,1,3,1,3,1,3,Yes,5,1
OTT-38986,Basic,8.14,84.5,0,1,2,4,0,0,Yes,1,0
OTT-69180,Basic,9.65,16.0,10,1,1,0,0,0,No,15,0
OTT-90841,Standard,14.56,66.5,1,1,2,4,0,0,Yes,25,0
OTT-95155,Standard,14.88,26.0,5,2,2,0,0,0,No,1,0
OTT-60666,Standard,13.57,101.1,0,2,2,7,0,1,Yes,5,0
OTT-74190,Standard,15.74,101.7,0,3,2,9,3,0,Yes,26,0
OTT-92723,Standard,15.95,75.0,2,2,2,6,0,0,Yes,6,0
OTT-80801,Standard,14.08,63.9,0,3,3,3,2,2,No,33,0
OTT-36992,Basic,9.3,56.6,5,1,1,2,0,0,Yes,6,0
OTT-21882,Basic,9.35,39.4,3,1,1,7,0,0,Yes,6,0
OTT-20335,Premium,22.89,112.4,0,4,3,4,2,0,Yes,10,0
OTT-89383,Standard,14.7,17.8,9,3,2,4,3,0,Yes,3,1
OTT-60059,Basic,8.47,10.2,8,2,2,2,0,0,Yes,4,0
OTT-36670,Standard,14.39,91.8,2,2,1,5,0,0,Yes,2,0
OTT-41097,Standard,15.09,107.5,0,4,2,3,1,2,Yes,6,0
OTT-35351,Basic,8.93,46.9,0,2,1,5,1,0,Yes,2,0
OTT-82170,Standard,13.69,82.5,5,3,2,9,0,0,No,35,0
OTT-65116,Basic,9.6,27.9,10,1,1,0,0,0,Yes,4,1
OTT-89147,Premium,22.58,47.3,0,5,3,4,1,0,Yes,3,0
OTT-37159,Standard,14.69,2.8,36,2,1,2,2,0,No,1,1
OTT-52531,Premium,21.56,72.1,5,5,4,4,4,0,Yes,34,0
OTT-20956,Standard,14.72,80.9,5,2,3,3,1,0,Yes,31,0
OTT-97421,Premium,21.58,58.8,0,3,3,6,0,1,No,36,0
OTT-56067,Basic,8.2,12.4,11,1,1,0,1,0,Yes,25,0
OTT-59770,Basic,8.86,19.1,9,1,1,2,1,0,Yes,6,0
OTT-47229,Premium,21.33,62.7,0,4,4,5,3,0,No,9,0
OTT-34382,Premium,22.98,84.3,1,4,5,10,2,0,Yes,3,0
OTT-95355,Premium,20.14,36.3,11,5,4,9,0,1,Yes,32,0
OTT-54007,Premium,20.93,50.8,11,5,5,7,1,0,Yes,10,0
OTT-70728,Standard,14.73,46.1,5,3,2,6,1,0,No,2,0
OTT-13357,Standard,15.61,86.9,0,2,1,3,0,0,Yes,40,0
OTT-34833,Standard,14.64,36.3,5,3,1,5,0,0,Yes,48,0
OTT-82359,Basic,8.57,92.4,2,2,1,10,0,0,Yes,39,0
OTT-17905,Standard,14.83,23.2,2,2,2,0,0,1,Yes,4,0
OTT-19129,Premium,20.88,34.7,11,4,3,11,1,0,Yes,5,1
OTT-82884,Standard,14.86,51.7,1,2,3,5,0,1,Yes,3,0
OTT-37787,Basic,9.37,23.6,7,1,1,0,1,1,Yes,16,0
OTT-34648,Standard,14.82,24.8,2,3,3,2,1,0,Yes,23,0
OTT-60877,Premium,21.82,93.9,2,6,2,6,0,0,Yes,4,0
OTT-27542,Basic,8.07,3.6,17,2,2,0,2,0,Yes,46,0
OTT-13867,Basic,9.31,109.7,0,1,1,3,0,0,Yes,6,0
OTT-10400,Standard,15.91,47.2,5,3,3,7,0,0,Yes,16,0
OTT-17138,Premium,21.46,51.6,1,4,3,5,1,0,Yes,35,0
OTT-24267,Standard,15.5,8.5,18,2,1,2,0,0,Yes,17,0
OTT-72649,Standard,14.86,46.3,0,2,2,6,0,0,Yes,6,0
OTT-36815,Basic,9.4,6.9,18,2,1,1,0,1,No,1,1
OTT-16459,Basic,8.61,89.9,2,2,1,6,0,0,Yes,4,0
OTT-11298,Premium,22.89,117.6,1,3,3,6,0,2,Yes,14,0
OTT-52936,Basic,8.42,41.4,6,1,1,5,0,1,No,14,0
OTT-85610,Basic,8.31,12.2,9,1,1,1,0,0,Yes,6,0
OTT-40482,Basic,8.08,45.9,6,2,2,4,0,0,Yes,29,0
OTT-15746,Basic,9.07,56.7,1,1,1,7,0,0,Yes,17,0
OTT-30526,Basic,9.23,87.7,6,1,2,5,1,0,No,36,0
OTT-54942,Standard,15.11,69.7,0,1,2,9,2,0,No,20,0
OTT-26989,Standard,13.92,99.4,1,2,3,6,0,0,Yes,25,0
OTT-98062,Standard,15.12,83.5,3,2,4,4,0,0,Yes,3,0
OTT-78706,Basic,8.32,76.0,0,1,1,5,2,0,Yes,1,0
OTT-41011,Premium,22.25,76.1,1,3,3,2,3,0,Yes,45,0
OTT-95637,Basic,8.54,16.3,11,1,1,1,0,1,Yes,43,0
OTT-39251,Basic,8.83,52.4,0,2,2,10,2,1,Yes,11,0
OTT-22616,Basic,8.72,11.5,7,1,1,0,1,0,Yes,4,0
OTT-94444,Premium,21.09,36.0,9,4,4,7,0,0,Yes,6,1
OTT-96370,Standard,15.29,101.3,2,2,2,10,0,0,Yes,24,0
OTT-38138,Standard,15.98,95.0,4,3,3,6,0,0,No,33,0
OTT-63528,Basic,9.04,8.1,9,1,1,0,2,0,Yes,2,1
OTT-25596,Basic,8.79,41.7,0,2,1,6,0,0,No,4,0
OTT-67748,Premium,20.87,48.3,7,4,3,5,3,0,Yes,9,0
OTT-72109,Basic,9.24,19.7,10,1,2,2,0,1,Yes,13,0
OTT-73892,Standard,14.62,9.4,13,3,1,1,1,0,Yes,13,0
OTT-61185,Premium,22.31,122.8,3,2,4,3,2,0,No,22,0
OTT-73369,Standard,15.01,23.1,12,1,1,2,0,0,No,40,0
OTT-59953,Basic,8.81,46.8,4,1,2,7,0,2,Yes,4,0
OTT-83782,Basic,9.9,87.5,1,1,1,2,2,1,Yes,11,0
OTT-26162,Basic,8.01,100.0,5,2,2,6,0,0,Yes,11,0
OTT-53511,Premium,22.06,95.6,3,4,2,3,3,0,Yes,12,0
OTT-47475,Premium,21.22,30.6,8,3,5,4,1,0,Yes,43,0
OTT-58001,Basic,8.23,26.3,4,1,1,2,0,0,No,19,0
OTT-22787,Premium,20.27,85.8,3,5,2,7,0,0,Yes,20,0
OTT-39144,Basic,9.29,88.3,3,3,2,1,0,0,Yes,2,0
OTT-95871,Basic,8.29,62.7,3,1,1,7,0,0,Yes,15,0
OTT-19473,Basic,9.7,16.1,11,1,1,1,1,0,Yes,1,0
OTT-67177,Premium,20.92,91.4,2,3,2,8,0,1,Yes,1,0
OTT-69816,Basic,8.68,81.4,3,2,1,9,0,0,Yes,8,0
OTT-52705,Basic,9.31,93.9,5,2,1,11,0,0,Yes,13,0
OTT-13024,Basic,8.43,93.8,3,1,1,8,2,0,Yes,33,0
OTT-13092,Basic,8.0,83.9,6,2,1,9,1,0,Yes,13,0
OTT-34806,Standard,14.6,108.6,5,1,3,8,0,0,Yes,45,0
OTT-19226,Basic,9.05,18.8,9,1,1,0,0,0,Yes,2,0
OTT-18480,Premium,21.33,33.4,18,2,5,7,1,0,Yes,13,0
OTT-24410,Premium,21.36,30.6,16,6,2,1,4,0,No,46,0
OTT-27165,Basic,9.32,32.9,1,1,1,4,1,1,Yes,20,1
OTT-85461,Premium,22.53,53.6,0,3,4,9,2,1,No,44,0
OTT-67485,Premium,21.09,57.6,2,5,4,6,1,0,No,14,0
OTT-12736,Premium,22.36,88.9,5,4,2,8,1,2,Yes,2,0
OTT-66562,Basic,8.12,109.8,2,2,1,10,0,0,Yes,14,0
OTT-22303,Premium,21.43,109.4,6,5,3,5,1,0,Yes,4,0
OTT-47894,Standard,14.43,100.1,5,2,1,4,0,0,Yes,6,0
OTT-13424,Basic,8.92,38.0,5,1,1,7,0,0,Yes,4,0
OTT-18115,Standard,13.72,0.1,31,1,2,1,0,0,Yes,6,0
OTT-21933,Basic,8.27,22.2,5,2,2,3,0,0,Yes,5,0
OTT-49003,Standard,14.22,18.1,10,2,1,3,1,0,Yes,47,0
OTT-51676,Standard,14.17,32.3,0,2,4,9,0,0,Yes,5,0
OTT-41746,Standard,14.45,38.7,4,3,2,7,1,0,Yes,33,0
OTT-65814,Basic,8.9,11.6,9,2,1,1,0,0,Yes,8,0
OTT-74840,Premium,20.65,106.5,4,3,3,7,3,0,No,6,0
OTT-75585,Basic,9.23,27.1,11,1,2,4,1,0,Yes,6,1
OTT-62111,Premium,21.12,38.3,12,4,4,5,1,0,No,31,0
OTT-59099,Standard,13.64,31.4,5,1,1,5,1,0,Yes,8,0
OTT-54240,Basic,8.48,51.0,0,1,1,8,0,0,Yes,24,0
OTT-31413,Standard,14.89,20.8,12,2,2,0,0,1,Yes,1,0
OTT-53827,Premium,21.81,39.8,8,4,5,7,1,0,Yes,23,0
OTT-10908,Premium,22.39,30.8,23,4,5,4,2,1,Yes,34,0
OTT-96965,Basic,8.48,32.1,0,2,1,5,1,0,Yes,25,0
OTT-43308,Basic,9.11,62.3,1,1,1,9,0,0,Yes,5,0
OTT-78065,Basic,8.94,25.1,0,1,1,1,1,0,Yes,32,0
OTT-96102,Standard,15.61,77.3,2,2,2,3,2,0,Yes,4,0
OTT-54727,Basic,9.45,94.5,6,2,2,5,0,2,Yes,30,0
OTT-87563,Basic,8.25,107.2,0,1,1,5,0,0,Yes,7,0
OTT-53129,Basic,9.91,50.4,1,1,1,9,0,0,Yes,20,0
OTT-21905,Premium,21.06,117.9,1,4,2,7,1,0,Yes,3,0
OTT-12383,Basic,9.9,66.6,3,1,1,6,1,0,Yes,47,0
OTT-22205,Standard,14.2,45.6,5,2,1,5,1,0,Yes,5,0
OTT-94824,Basic,8.93,30.5,4,1,1,3,3,0,Yes,19,0
OTT-52759,Standard,14.87,16.9,7,3,2,4,2,0,Yes,17,0
OTT-38725,Standard,13.65,98.3,3,3,3,11,3,3,Yes,9,0
OTT-50145,Premium,22.14,124.7,0,4,4,4,0,0,Yes,11,0
OTT-33034,Standard,13.75,62.7,2,1,2,6,0,0,Yes,10,0
OTT-88348,Basic,8.32,90.0,4,1,1,3,1,0,Yes,17,0
OTT-99945,Basic,8.57,40.7,3,1,1,8,0,0,Yes,15,0
OTT-17642,Basic,9.91,22.9,8,1,2,1,0,0,Yes,13,1
OTT-74681,Basic,9.94,1.2,15,1,1,2,1,0,Yes,19,0
OTT-40203,Premium,21.46,88.7,3,2,4,10,2,2,Yes,35,0
OTT-14262,Standard,14.82,89.7,2,2,1,7,1,0,Yes,19,0
OTT-92998,Premium,20.63,61.6,1,5,3,4,3,0,Yes,5,0
OTT-15569,Basic,8.83,31.1,0,1,1,5,1,0,Yes,17,0
OTT-28531,Premium,22.94,49.5,9,2,5,3,0,1,Yes,3,0
OTT-12295,Premium,22.36,70.5,1,4,4,4,2,0,Yes,6,0
OTT-52415,Standard,15.23,25.7,0,2,3,1,0,0,Yes,45,0
OTT-63965,Basic,8.55,57.9,1,3,2,7,0,3,Yes,14,0
OTT-38860,Premium,22.28,103.0,6,3,4,10,1,0,No,20,0
OTT-16440,Premium,22.89,74.0,1,4,4,8,3,3,Yes,43,0
OTT-20453,Basic,9.97,26.0,7,2,1,1,0,1,Yes,4,0
OTT-94004,Premium,21.79,55.1,0,5,4,3,2,0,Yes,4,0
OTT-82531,Premium,20.47,95.8,0,5,3,3,0,0,Yes,5,0
OTT-94320,Basic,9.92,31.4,2,1,1,6,0,1,Yes,6,0
OTT-57771,Basic,9.07,32.4,0,2,2,1,0,0,Yes,9,0
OTT-59144,Basic,8.07,11.9,12,1,1,0,0,0,Yes,33,0
OTT-80738,Standard,13.69,41.2,1,3,2,7,1,0,No,9,0
OTT-65496,Premium,21.72,102.7,5,5,2,7,1,3,Yes,5,1
OTT-49279,Premium,22.5,30.1,11,2,3,3,1,0,No,18,0
OTT-36270,Basic,9.87,98.2,5,1,2,6,0,0,Yes,5,0
OTT-53695,Standard,15.85,20.6,8,4,2,3,1,0,Yes,14,0
OTT-15757,Standard,14.94,57.8,3,2,3,4,0,0,Yes,18,0
OTT-27320,Standard,15.94,45.3,6,3,2,7,0,0,Yes,1,0
OTT-76370,Standard,13.86,47.8,0,3,2,3,1,0,Yes,46,0
OTT-88123,Standard,13.73,61.9,6,1,4,9,1,0,No,42,0
OTT-19160,Basic,8.05,20.6,11,1,1,0,2,1,Yes,1,1
OTT-18721,Basic,9.54,70.9,6,2,1,6,1,0,Yes,20,0
OTT-17700,Premium,22.74,111.6,1,4,4,8,1,0,Yes,12,0
OTT-81241,Basic,9.67,33.3,6,2,1,2,1,0,No,6,0
OTT-38009,Basic,9.87,31.9,2,1,1,10,0,1,Yes,6,0
OTT-39408,Premium,21.63,129.3,5,3,5,7,2,0,Yes,7,0
OTT-11121,Premium,22.28,63.1,3,2,4,4,5,0,No,34,0
OTT-97533,Standard,14.33,27.4,10,2,2,0,1,0,Yes,18,0
OTT-49062,Basic,9.52,47.5,1,1,1,5,2,0,Yes,17,0
OTT-81769,Standard,15.37,27.7,1,4,1,3,1,0,Yes,12,0
OTT-73690,Standard,14.58,6.6,17,3,1,1,2,0,Yes,20,0
OTT-22759,Basic,8.08,39.4,4,2,2,2,1,0,Yes,2,0
OTT-82120,Basic,8.52,101.2,0,1,1,3,2,1,Yes,2,0
OTT-59526,Basic,9.76,60.1,1,1,2,5,0,0,Yes,48,0
OTT-64387,Standard,14.96,60.8,0,2,2,6,0,1,Yes,42,0
OTT-28028,Premium,21.21,63.7,6,2,3,3,0,1,No,47,0
OTT-86217,Standard,15.86,31.8,0,1,3,10,0,0,Yes,2,1
OTT-93849,Basic,8.72,76.8,1,2,1,6,1,1,Yes,20,0
OTT-46584,Basic,8.65,2.7,17,1,1,0,0,0,Yes,13,0
OTT-18322,Standard,15.42,78.3,0,2,1,4,1,1,No,6,0
OTT-86388,Standard,14.38,57.2,3,3,3,4,0,1,Yes,1,0
OTT-89864,Basic,8.88,97.1,1,1,1,10,0,1,No,40,0
OTT-55582,Premium,22.16,91.1,4,3,3,6,1,0,No,11,0
OTT-62122,Premium,21.28,33.0,14,6,4,7,3,0,No,8,0
OTT-30073,Premium,20.96,27.5,11,4,3,0,2,0,Yes,2,0
OTT-16072,Basic,8.02,85.8,2,1,1,2,0,0,Yes,8,0
OTT-94972,Premium,22.57,97.5,0,4,5,7,0,0,Yes,5,0
OTT-53465,Standard,14.81,36.9,2,2,2,6,0,0,Yes,2,0
OTT-34747,Standard,15.62,31.3,5,3,2,13,0,0,Yes,20,0
OTT-72390,Basic,9.23,86.9,0,2,1,11,0,0,Yes,2,0
OTT-12358,Basic,8.39,55.0,6,1,1,7,2,0,Yes,44,0
OTT-17194,Basic,8.72,28.7,4,2,2,1,1,0,Yes,11,0
OTT-31840,Premium,21.24,33.4,16,4,2,10,2,0,Yes,4,0
OTT-50557,Standard,15.34,13.8,9,3,2,0,0,1,Yes,3,0
OTT-43001,Premium,21.63,71.7,4,4,3,5,0,0,Yes,11,0
OTT-26861,Standard,15.08,9.6,7,1,4,3,0,0,Yes,3,0
OTT-41621,Basic,9.5,59.2,3,1,1,9,0,1,Yes,2,0
OTT-40051,Standard,14.17,102.4,0,3,2,4,2,0,No,10,0
OTT-57219,Basic,9.75,97.7,2,1,1,7,2,0,Yes,5,0
OTT-60646,Premium,21.35,72.5,0,4,2,6,1,0,Yes,9,0
OTT-89480,Basic,9.31,49.0,0,2,1,6,1,0,No,18,0
OTT-82609,Basic,8.43,98.2,2,3,1,4,1,0,Yes,2,0
OTT-36310,Standard,14.07,87.1,1,4,2,10,1,0,Yes,28,0
OTT-91239,Premium,22.19,69.0,3,5,3,7,1,0,Yes,13,0
OTT-56868,Standard,14.37,26.0,13,2,4,1,0,0,Yes,15,0
OTT-26890,Basic,9.74,102.3,1,1,1,6,1,0,Yes,5,0
OTT-40612,Standard,15.15,4.7,18,1,3,1,0,0,Yes,13,0
OTT-76757,Basic,9.32,100.6,6,1,2,8,0,0,Yes,3,0
OTT-83958,Standard,14.44,80.4,4,2,1,8,0,0,Yes,19,0
OTT-43670,Standard,15.75,99.1,4,2,1,5,0,0,Yes,4,0
OTT-24183,Basic,9.88,55.9,3,2,1,3,1,0,Yes,44,0
OTT-27269,Basic,8.51,57.0,5,3,2,1,0,0,Yes,2,0
OTT-19315,Basic,9.02,18.1,9,1,1,2,1,1,Yes,34,0
OTT-72885,Basic,9.8,45.2,0,2,1,6,1,0,Yes,48,0
OTT-55269,Standard,13.74,18.7,7,3,1,1,1,0,Yes,19,0
OTT-50606,Basic,8.59,66.8,4,2,2,6,1,0,No,1,0
OTT-70469,Basic,9.9,11.8,9,1,1,1,1,0,Yes,4,0
OTT-84579,Standard,14.7,10.9,19,2,1,1,0,0,Yes,37,0
OTT-81596,Standard,15.87,10.1,9,2,1,3,0,0,Yes,18,1
OTT-22342,Premium,21.13,121.0,3,5,4,9,1,0,Yes,12,0
OTT-63065,Premium,21.57,84.2,3,4,3,3,2,0,Yes,2,0
OTT-89425,Standard,14.63,17.6,9,4,3,2,1,0,Yes,26,0
OTT-79645,Basic,8.9,97.5,3,1,1,6,0,1,Yes,4,0
OTT-39646,Standard,15.78,17.1,8,1,2,1,0,0,Yes,4,1
OTT-45343,Standard,15.23,48.7,4,3,3,4,0,0,No,5,0
OTT-90116,Standard,15.85,35.9,2,4,3,8,1,1,Yes,7,1
OTT-12958,Premium,20.98,110.3,0,3,3,5,1,0,Yes,44,0
OTT-57287,Standard,15.97,24.7,8,1,2,1,2,0,Yes,41,0
OTT-20448,Basic,9.41,66.9,1,2,2,5,0,0,No,6,0
OTT-90512,Standard,13.82,13.6,8,3,3,1,0,0,Yes,3,0
OTT-13484,Basic,8.82,104.8,2,1,2,8,0,0,Yes,47,0
OTT-12105,Premium,20.74,91.8,1,3,5,5,2,0,Yes,18,0
OTT-39604,Basic,8.46,69.9,1,1,1,9,2,0,Yes,6,0
OTT-28014,Standard,15.81,91.7,1,2,1,12,1,0,Yes,6,0
OTT-54593,Standard,15.89,51.4,0,2,3,3,1,0,Yes,12,0
OTT-36960,Basic,8.02,86.8,1,1,2,7,1,0,Yes,25,0
OTT-42068,Standard,13.84,15.0,12,1,1,1,2,0,Yes,7,0
OTT-60842,Basic,8.55,44.7,2,2,2,11,0,0,Yes,5,0
OTT-60453,Basic,9.69,12.7,12,2,1,2,0,0,Yes,7,1
OTT-94142,Basic,9.21,99.8,3,3,2,4,1,0,Yes,2,0
OTT-53254,Premium,21.69,107.7,4,5,2,9,0,0,No,25,0
OTT-60780,Premium,21.78,45.4,3,3,4,3,0,0,Yes,3,0
OTT-71014,Basic,9.89,28.2,1,1,2,2,0,0,No,5,0
OTT-25680,Premium,20.82,44.9,0,4,4,6,1,0,Yes,11,0
OTT-70025,Premium,20.36,22.9,13,5,2,0,1,0,Yes,6,0
OTT-87571,Basic,9.21,75.7,4,1,1,6,1,0,Yes,5,0
OTT-38625,Premium,22.9,92.0,4,6,4,6,1,0,Yes,17,0
OTT-26050,Basic,9.41,10.3,10,2,1,2,1,0,Yes,33,0
OTT-41158,Premium,22.67,82.7,2,5,4,6,1,0,Yes,42,0
OTT-34753,Standard,15.73,67.8,3,3,2,3,0,0,Yes,4,0
OTT-62662,Premium,20.65,37.3,12,6,3,5,0,2,Yes,3,0
OTT-87735,Basic,9.36,86.2,3,2,1,6,0,0,Yes,14,0
OTT-63678,Basic,9.71,74.4,2,1,1,9,0,0,Yes,17,0
OTT-21295,Premium,20.29,95.7,1,5,4,6,1,0,Yes,3,0
OTT-38322,Standard,15.12,83.5,1,4,2,4,0,0,Yes,40,0
OTT-72037,Standard,14.17,100.9,2,4,4,4,0,0,No,33,0
OTT-39728,Standard,15.54,81.2,0,4,2,3,0,0,Yes,1,0
OTT-62774,Standard,14.05,9.8,17,3,3,0,0,1,Yes,34,1
OTT-72463,Basic,8.74,66.8,4,2,1,6,1,3,No,23,1
OTT-39624,Basic,9.34,42.9,4,1,1,5,0,0,Yes,4,0
OTT-68266,Basic,9.1,30.0,3,1,2,4,0,0,Yes,15,0
OTT-45830,Basic,8.23,17.8,9,1,1,2,1,1,Yes,4,0
OTT-22154,Premium,20.67,46.0,7,3,4,8,2,0,Yes,3,0
OTT-43496,Basic,9.76,7.4,17,1,1,1,0,2,Yes,36,1
OTT-49693,Standard,15.96,24.3,6,1,3,2,0,0,Yes,12,0
OTT-10214,Basic,9.38,43.1,0,1,2,6,1,0,Yes,2,0
OTT-90342,Premium,20.02,28.3,9,2,3,1,2,0,Yes,18,0
OTT-57509,Basic,9.48,57.4,2,2,2,10,1,0,No,40,0
OTT-13267,Basic,9.28,83.4,2,2,1,4,0,1,Yes,10,0
OTT-88118,Premium,21.23,48.0,1,4,3,5,2,0,Yes,25,0
OTT-86963,Basic,8.45,54.5,6,1,2,8,0,0,Yes,45,0
OTT-11084,Standard,13.9,18.7,10,4,2,1,2,0,Yes,2,0
OTT-24685,Basic,8.16,108.6,2,1,1,4,3,1,Yes,14,1
OTT-42741,Standard,15.09,103.4,4,2,2,3,0,0,Yes,20,0
OTT-55651,Basic,8.66,55.6,4,2,1,4,0,1,Yes,35,0
OTT-75317,Basic,9.03,51.4,3,2,1,5,1,0,Yes,1,0
OTT-48189,Standard,14.8,105.6,3,3,1,8,0,0,Yes,2,0
OTT-65053,Standard,15.01,97.8,2,2,3,5,0,0,Yes,4,0
OTT-10911,Premium,21.77,38.8,7,5,3,7,0,1,Yes,18,0
OTT-69267,Basic,9.03,76.7,5,1,1,2,2,0,Yes,30,1
OTT-92384,Standard,13.88,86.1,2,2,2,4,0,0,Yes,31,0
OTT-57358,Basic,8.04,84.5,3,1,1,5,1,0,No,22,0
OTT-50942,Standard,14.93,10.2,19,2,1,1,1,3,Yes,5,1
OTT-36740,Premium,21.26,46.1,11,4,4,7,2,1,Yes,5,0
OTT-95883,Basic,8.81,21.0,8,2,1,0,0,1,Yes,43,0
OTT-12988,Basic,8.85,104.4,3,1,2,7,0,0,Yes,17,0
OTT-35806,Standard,13.77,104.8,4,4,3,5,0,0,Yes,46,0
OTT-22483,Premium,20.53,71.1,3,4,4,6,0,0,Yes,5,0
OTT-87963,Standard,15.15,109.9,6,1,3,8,0,0,Yes,8,0
OTT-53433,Standard,14.77,56.6,3,1,1,10,2,0,No,29,0
OTT-93014,Standard,15.01,43.9,2,3,1,4,1,0,Yes,6,0
OTT-69863,Basic,8.25,40.2,3,2,1,5,0,1,Yes,5,1
OTT-60114,Premium,22.43,60.4,2,4,4,6,0,0,Yes,17,0
OTT-56572,Premium,21.11,31.5,9,5,5,7,1,0,Yes,13,0
OTT-28240,Premium,21.83,36.2,10,4,3,5,0,0,Yes,28,0
OTT-60583,Premium,21.39,26.7,7,4,5,0,0,0,Yes,38,0
OTT-71671,Premium,21.39,127.9,2,6,2,8,1,1,No,11,0
OTT-96879,Basic,9.55,31.4,6,1,1,3,0,0,Yes,6,0
OTT-59407,Premium,20.32,49.4,1,4,3,7,1,0,Yes,23,0
OTT-94494,Basic,8.14,36.4,2,2,1,11,2,2,Yes,35,0
OTT-95006,Basic,8.19,19.0,8,1,2,1,0,2,Yes,12,1
OTT-57029,Basic,9.98,109.3,1,1,1,8,1,2,Yes,24,0
OTT-49534,Basic,9.84,40.0,3,1,2,5,3,2,Yes,20,0
OTT-22843,Basic,9.39,51.4,2,3,2,5,0,1,Yes,3,0
OTT-34165,Standard,14.61,25.1,8,1,2,1,0,1,Yes,21,1
OTT-89117,Basic,8.16,68.7,1,1,1,2,0,0,Yes,8,0
OTT-22445,Basic,9.63,4.8,14,2,1,2,1,2,Yes,4,0
OTT-45734,Basic,8.37,5.6,14,1,1,0,0,0,No,1,0
OTT-72876,Standard,14.17,9.1,14,3,4,1,1,0,No,10,1
OTT-31655,Standard,15.59,53.9,3,3,1,6,0,1,Yes,3,0
OTT-97668,Standard,14.13,80.3,3,2,4,7,0,0,Yes,4,0
OTT-68452,Standard,15.6,92.5,0,2,4,1,2,0,No,11,0
OTT-12550,Standard,15.45,9.1,10,3,2,3,1,0,No,30,0
OTT-32245,Basic,9.66,23.0,10,1,1,1,0,0,Yes,20,0
OTT-76639,Standard,15.18,26.9,12,3,3,1,0,3,Yes,46,0
OTT-87686,Standard,14.37,29.1,0,2,4,2,1,0,Yes,39,0
OTT-93422,Basic,9.3,29.2,1,2,1,0,1,0,Yes,21,0
OTT-86604,Premium,22.48,88.6,3,5,2,8,1,0,Yes,1,0
OTT-16730,Basic,9.49,21.5,7,1,2,2,2,0,Yes,44,0
OTT-75671,Premium,22.58,85.3,5,5,3,4,0,0,Yes,3,0
OTT-19915,Basic,9.96,26.7,7,1,1,0,0,0,Yes,24,0
OTT-16889,Standard,15.22,33.1,5,2,2,3,1,0,Yes,13,0
OTT-72275,Basic,9.85,32.4,1,1,1,7,1,0,Yes,6,0
OTT-53034,Premium,20.81,39.8,1,5,2,2,0,0,Yes,18,0
OTT-68316,Premium,22.91,108.0,0,3,4,6,1,0,Yes,14,0
OTT-86632,Basic,9.81,2.0,20,2,1,1,0,0,Yes,42,1
OTT-16194,Basic,8.07,75.1,0,1,2,9,1,0,Yes,4,0
OTT-57477,Standard,14.97,103.8,4,1,1,5,1,0,No,43,0
OTT-85097,Basic,9.0,26.6,3,1,2,2,2,0,No,1,1
OTT-49625,Basic,9.62,32.3,5,1,1,4,0,3,Yes,33,1
OTT-57107,Premium,20.37,110.6,2,4,3,9,3,0,No,31,0
OTT-54806,Standard,14.81,13.6,7,2,2,4,1,0,Yes,6,0
OTT-91646,Basic,8.99,59.2,5,1,1,4,0,1,Yes,4,0
OTT-14490,Standard,14.48,73.1,1,4,2,2,1,0,Yes,40,0
OTT-89018,Basic,9.97,85.1,1,2,2,3,0,0,No,32,0
OTT-83473,Premium,21.61,52.2,4,4,4,4,0,0,Yes,1,0
OTT-83124,Basic,8.82,98.9,0,2,1,5,1,0,No,19,0
OTT-47105,Basic,9.7,90.1,3,1,1,5,0,0,Yes,30,0
OTT-56430,Basic,8.27,30.0,1,2,1,1,2,0,No,6,0
OTT-43208,Premium,20.85,58.4,1,4,2,8,0,0,Yes,22,0
OTT-32653,Basic,8.55,84.2,5,2,1,5,4,0,No,14,0
OTT-88788,Standard,15.82,63.6,6,2,3,3,1,1,No,2,0
OTT-55537,Standard,15.69,61.8,1,1,2,6,1,0,Yes,26,0
OTT-75100,Premium,21.81,51.2,6,3,3,5,1,0,Yes,5,0
OTT-19072,Basic,8.63,84.7,4,1,1,5,1,0,Yes,40,0
OTT-81002,Premium,21.39,44.2,4,4,4,3,1,0,No,19,0
OTT-69295,Premium,21.7,43.5,10,5,2,6,0,1,Yes,20,0
OTT-99783,Basic,9.07,85.6,5,2,1,7,1,3,Yes,13,0
OTT-22057,Basic,8.5,27.6,8,1,1,1,0,0,Yes,17,0
OTT-58603,Premium,20.38,36.3,7,2,5,9,0,0,Yes,24,0
OTT-56005,Basic,9.81,78.0,3,1,2,4,0,0,Yes,23,0
OTT-58455,Premium,21.91,38.5,1,4,2,4,2,0,Yes,32,0
OTT-14894,Premium,20.43,65.7,3,4,4,5,0,0,No,7,0
OTT-52580,Basic,9.97,30.5,1,1,2,3,0,0,Yes,1,0
OTT-36955,Basic,8.81,95.1,5,2,1,5,1,2,No,1,0
OTT-65561,Basic,9.46,58.8,5,1,1,8,1,3,Yes,28,0
OTT-30887,Standard,13.93,100.4,4,3,3,4,2,0,Yes,15,0
OTT-49154,Standard,15.82,25.5,1,4,3,0,2,0,No,11,1
OTT-65802,Standard,13.69,83.5,3,3,2,7,0,0,Yes,11,0
OTT-15764,Standard,15.88,67.3,4,2,1,8,1,0,Yes,12,0
OTT-80810,Premium,22.17,94.0,0,5,3,6,0,0,No,18,0
OTT-74415,Basic,8.44,107.1,6,1,1,9,1,0,Yes,13,0
OTT-15157,Basic,8.35,107.6,3,2,1,1,2,0,Yes,48,0
OTT-15826,Basic,9.66,95.1,4,2,1,4,0,0,Yes,1,0
OTT-86524,Basic,8.07,12.2,11,2,1,0,1,0,Yes,8,1
OTT-35499,Basic,8.22,9.4,24,1,1,1,0,0,Yes,1,1
OTT-87468,Premium,22.01,121.2,2,3,4,3,2,0,Yes,47,0
OTT-54932,Basic,8.14,52.5,6,2,1,7,1,0,Yes,11,0
OTT-40803,Basic,9.07,52.7,0,1,2,7,1,0,Yes,7,0
OTT-34620,Standard,14.93,17.6,8,4,2,1,1,0,Yes,25,1
OTT-69309,Standard,13.53,21.9,10,4,2,1,0,0,Yes,18,0
OTT-19875,Standard,14.43,43.8,4,2,4,4,0,0,Yes,2,0
OTT-46234,Basic,8.05,35.9,3,2,1,5,1,0,No,13,0
OTT-41126,Basic,9.92,47.2,3,2,1,7,1,0,No,4,1
OTT-23877,Basic,8.42,78.8,0,1,2,7,0,0,Yes,24,0
OTT-41753,Basic,9.37,25.7,1,2,1,0,0,0,Yes,10,0
OTT-57579,Basic,9.34,103.6,3,2,1,8,1,0,Yes,25,0
OTT-70980,Standard,15.42,19.2,7,2,2,2,1,0,No,34,1
OTT-17772,Premium,21.0,43.2,1,4,4,9,1,0,Yes,44,0
OTT-88514,Basic,8.36,22.5,10,2,2,0,0,0,Yes,17,0
OTT-89061,Basic,9.05,47.2,5,2,1,6,2,1,Yes,5,0
OTT-72277,Premium,22.07,109.2,4,4,5,8,0,1,Yes,6,0
OTT-93185,Standard,15.38,99.5,0,3,1,6,1,0,No,28,0
OTT-48514,Standard,13.61,66.3,2,3,3,7,0,0,Yes,26,0
OTT-83944,Premium,22.25,20.4,11,3,5,1,0,0,Yes,38,0
OTT-75453,Standard,13.77,17.4,12,3,3,1,1,0,Yes,4,1
OTT-60626,Standard,14.8,19.4,13,2,1,1,0,0,No,6,0
OTT-26155,Basic,9.1,15.2,7,3,1,1,2,0,Yes,28,0
OTT-60183,Premium,20.37,45.2,9,4,2,3,4,0,Yes,5,0
OTT-91120,Standard,15.9,45.9,1,1,1,6,0,0,No,13,0
OTT-98613,Basic,9.27,96.0,1,1,1,7,0,0,No,6,0
OTT-50325,Standard,14.05,60.5,4,3,1,7,0,0,Yes,3,0
OTT-32310,Basic,8.09,73.6,1,1,1,10,2,0,Yes,17,0
OTT-77274,Standard,15.43,26.9,1,3,3,2,4,1,No,27,0
OTT-16835,Basic,9.67,12.2,12,2,1,2,0,0,No,46,0
OTT-23598,Standard,13.72,5.8,15,2,1,4,1,0,Yes,23,0
OTT-60574,Standard,14.13,87.0,1,4,2,8,2,0,Yes,17,0
OTT-99117,Standard,15.1,107.5,1,3,2,10,1,0,Yes,33,0
OTT-39590,Standard,14.54,28.4,0,1,2,1,0,2,Yes,10,0
OTT-49898,Basic,8.68,104.4,2,1,1,5,0,0,Yes,21,0
OTT-39010,Basic,8.84,49.1,0,2,2,9,0,0,Yes,22,0
OTT-49644,Standard,14.75,27.7,13,1,2,2,0,0,Yes,1,0
OTT-10637,Standard,13.95,8.9,8,2,2,1,1,0,Yes,5,0
OTT-63524,Premium,21.15,35.8,10,4,4,9,3,1,No,48,0
OTT-63660,Basic,8.13,90.4,0,3,1,2,0,1,Yes,9,0
OTT-38400,Standard,13.51,52.8,0,3,1,7,0,1,Yes,3,0
OTT-33762,Premium,22.92,123.9,2,2,3,3,1,1,No,6,0
OTT-78543,Standard,13.63,103.4,0,3,3,8,1,0,Yes,32,0
OTT-26907,Basic,8.08,51.1,2,1,1,10,0,0,Yes,10,0
OTT-14235,Basic,9.77,22.4,1,2,1,1,0,0,Yes,23,0
OTT-13638,Premium,22.92,34.0,7,4,2,7,2,0,Yes,5,0
OTT-89356,Basic,9.68,24.9,0,1,1,2,0,2,Yes,40,0
OTT-42792,Basic,8.27,81.8,0,3,1,5,2,0,No,25,0
OTT-19164,Standard,15.09,34.4,0,1,3,9,1,0,No,16,0
OTT-89106,Basic,9.38,64.2,0,1,1,7,1,0,Yes,5,0
OTT-23375,Standard,15.42,11.7,11,1,4,1,2,0,Yes,7,1
OTT-40300,Premium,20.33,53.9,8,4,4,4,0,0,Yes,46,0
OTT-11861,Premium,21.16,16.7,19,3,4,0,0,0,No,24,0
OTT-71115,Standard,14.18,22.0,11,4,3,2,1,1,Yes,39,0
OTT-72936,Premium,21.95,90.1,6,4,2,4,0,0,Yes,23,0
OTT-78088,Premium,21.02,68.5,4,5,3,7,0,0,Yes,5,0
OTT-33673,Premium,21.52,118.6,1,3,3,2,2,0,No,14,0
OTT-39528,Premium,21.87,46.7,0,3,3,5,0,0,Yes,26,0
OTT-94429,Premium,22.59,103.6,0,4,2,10,1,1,Yes,1,0
OTT-83946,Basic,9.83,37.8,0,2,2,5,0,0,Yes,4,0
OTT-13344,Basic,9.38,29.2,0,2,1,1,0,0,Yes,10,0
OTT-72268,Basic,8.3,27.4,10,1,1,1,2,0,Yes,9,1
OTT-83145,Standard,15.71,11.4,7,1,3,1,0,0,Yes,41,0
OTT-60331,Premium,20.6,59.4,1,4,3,9,1,0,Yes,4,0
OTT-67590,Premium,20.15,47.2,3,4,3,14,0,0,Yes,4,0
OTT-10089,Premium,21.3,101.5,3,2,5,8,0,0,Yes,4,0
OTT-12704,Premium,22.04,102.9,1,4,4,2,1,0,No,18,0
OTT-13158,Standard,13.86,23.8,2,4,2,0,0,0,Yes,37,0
OTT-24307,Standard,14.24,67.5,2,2,2,3,0,0,Yes,21,0
OTT-99176,Standard,13.69,96.6,4,2,1,3,0,0,Yes,22,0
OTT-67091,Basic,9.23,91.3,2,1,1,6,0,0,Yes,4,0
OTT-80404,Standard,15.26,92.7,6,3,2,7,2,0,Yes,22,0
OTT-36602,Standard,14.79,28.0,2,2,2,3,2,0,No,37,0
OTT-94379,Basic,8.88,46.9,4,1,1,6,2,0,Yes,34,0
OTT-27902,Standard,15.61,6.7,15,3,2,0,1,2,Yes,3,0
OTT-91206,Standard,14.54,67.0,3,2,2,4,2,2,Yes,12,0
OTT-12771,Standard,14.59,9.3,17,3,1,0,0,0,No,3,0
OTT-11839,Premium,21.72,35.9,13,3,3,6,1,0,Yes,4,0
OTT-17100,Basic,9.4,22.3,7,3,1,0,1,0,Yes,4,0
OTT-81265,Premium,22.32,71.7,4,3,5,5,1,0,Yes,5,0
OTT-33174,Basic,8.07,74.0,3,3,2,7,0,0,Yes,6,0
OTT-50602,Basic,9.69,8.1,12,1,1,0,1,1,Yes,29,0
OTT-52417,Standard,14.62,6.0,18,2,2,0,2,0,Yes,6,1
OTT-81059,Premium,22.71,59.6,2,3,4,8,0,0,No,45,0
OTT-41385,Premium,21.6,107.6,1,5,3,1,0,0,Yes,26,0
OTT-10604,Basic,8.94,90.8,3,2,1,5,0,0,Yes,12,0
OTT-44782,Standard,13.98,110.0,2,2,2,3,0,0,Yes,8,0
OTT-35937,Premium,21.4,82.2,5,6,5,10,2,1,Yes,43,0
OTT-75778,Premium,21.47,47.8,0,3,3,8,0,0,Yes,2,0
OTT-77618,Basic,9.78,2.5,15,1,1,1,1,0,Yes,20,0
OTT-18276,Basic,9.76,101.9,3,1,1,3,1,0,Yes,8,0
OTT-81371,Standard,14.71,39.2,2,2,2,5,2,0,No,40,0
OTT-16344,Premium,22.59,61.1,0,2,4,6,1,0,Yes,46,0
OTT-65773,Basic,9.7,33.7,0,1,2,8,1,0,Yes,43,0
OTT-45035,Standard,15.86,94.1,4,1,1,7,2,0,Yes,12,0
OTT-37112,Premium,21.07,24.6,9,4,2,2,0,0,No,8,0
OTT-53486,Standard,14.02,54.8,2,2,2,6,0,1,Yes,25,0
OTT-37932,Standard,15.85,87.3,0,1,2,6,0,0,Yes,30,0
OTT-81446,Premium,21.74,87.8,2,4,5,3,1,0,No,15,0
OTT-97007,Basic,8.92,74.4,2,1,1,5,0,0,Yes,32,0
OTT-83421,Basic,8.81,26.5,4,1,2,0,0,0,Yes,39,0
OTT-49528,Basic,8.16,41.2,2,1,1,5,2,0,Yes,14,0
OTT-55295,Standard,14.0,46.2,0,4,4,2,1,0,Yes,6,0
OTT-50240,Basic,8.57,27.9,8,2,1,1,0,0,Yes,2,0
OTT-81417,Basic,9.09,12.5,8,2,1,2,1,1,Yes,28,0
OTT-59709,Basic,9.02,15.5,12,2,2,0,1,0,No,5,0
OTT-52130,Standard,14.85,38.9,3,2,2,7,2,0,Yes,11,0
OTT-46854,Premium,20.22,81.5,6,4,3,8,1,1,Yes,15,0
OTT-43753,Standard,13.51,22.0,2,3,4,0,1,0,Yes,27,0
OTT-59739,Standard,14.65,92.7,4,1,2,8,0,0,Yes,31,0
OTT-72008,Premium,20.57,16.4,15,6,4,0,1,0,No,32,0
OTT-48909,Standard,15.72,65.2,2,3,2,4,1,0,Yes,11,0
OTT-82598,Standard,14.57,96.4,2,2,4,5,1,0,Yes,6,0
OTT-84403,Basic,8.69,22.4,0,1,2,2,0,0,Yes,22,0
OTT-48616,Basic,9.08,60.5,1,2,1,5,2,0,Yes,3,1
OTT-91813,Basic,9.25,37.0,0,3,2,13,0,0,Yes,16,0
OTT-25573,Standard,13.69,15.8,11,2,3,0,0,0,Yes,35,0
OTT-93888,Premium,22.21,73.6,6,2,5,8,0,0,Yes,19,0
OTT-36468,Basic,8.27,81.7,3,2,1,7,2,0,Yes,10,0
OTT-60786,Basic,8.76,92.6,4,1,1,11,2,0,Yes,8,0
OTT-35522,Premium,21.06,132.4,0,3,5,7,0,0,Yes,44,0
OTT-49792,Premium,21.7,54.9,5,4,4,9,1,0,No,17,0
OTT-40605,Standard,15.21,82.6,6,2,1,8,2,0,Yes,11,0
OTT-73470,Basic,9.59,24.7,8,1,1,0,3,0,Yes,2,1
OTT-17306,Standard,14.81,57.2,0,2,3,10,0,0,Yes,16,0
OTT-85448,Basic,8.3,71.3,2,1,1,10,3,0,Yes,1,1
OTT-91345,Standard,15.23,8.6,21,2,2,0,0,0,Yes,15,0
OTT-60667,Standard,14.69,29.0,6,1,3,1,1,0,Yes,39,0
OTT-59254,Premium,21.76,97.4,2,3,4,11,1,1,Yes,1,0
OTT-72997,Basic,8.88,18.9,10,1,1,2,0,0,Yes,20,0
OTT-27916,Premium,21.24,55.1,0,2,5,6,1,0,Yes,2,0
OTT-77474,Basic,9.39,109.6,5,1,1,3,0,0,Yes,2,0
OTT-29680,Basic,9.04,29.2,4,3,1,1,0,0,Yes,1,0
OTT-70874,Premium,22.59,134.7,2,3,3,3,0,0,No,5,0
OTT-37501,Standard,15.35,8.0,20,3,3,1,1,0,Yes,37,1
OTT-77151,Standard,14.68,1.7,18,2,2,1,2,0,No,27,0
OTT-81194,Basic,8.42,11.6,7,2,1,2,1,0,Yes,21,0
OTT-28777,Basic,8.03,90.8,3,1,1,7,1,0,Yes,16,0
OTT-65568,Basic,8.4,39.2,6,3,1,8,0,0,Yes,39,0
OTT-54853,Standard,14.19,26.1,2,2,2,1,0,0,Yes,26,0
OTT-36463,Basic,8.23,70.2,5,1,1,8,0,0,No,20,0
OTT-62943,Premium,22.0,118.5,4,3,5,6,0,0,Yes,4,0
OTT-99338,Standard,14.31,55.4,0,3,1,9,0,0,Yes,15,0
OTT-10223,Premium,20.08,81.6,4,6,3,5,1,1,Yes,39,0
OTT-96117,Premium,21.3,96.2,1,3,2,3,0,1,Yes,6,0
OTT-87035,Standard,15.45,7.6,20,1,2,2,0,0,Yes,7,0
OTT-57643,Standard,14.34,45.8,5,4,2,6,1,0,Yes,2,0
OTT-64901,Premium,22.7,83.2,0,5,3,8,0,0,Yes,4,0
OTT-43226,Basic,9.7,62.5,0,1,2,6,1,0,Yes,17,0
OTT-21622,Basic,9.77,23.4,6,1,1,1,1,0,Yes,6,0
OTT-61432,Standard,15.16,31.5,6,3,1,4,0,0,Yes,47,0
OTT-83471,Basic,9.6,20.1,7,2,1,2,1,0,No,30,0
OTT-30799,Standard,14.46,35.1,0,1,1,4,0,0,Yes,5,0
OTT-74534,Premium,22.07,97.1,4,3,2,3,0,0,Yes,26,0
OTT-77323,Standard,14.05,65.2,1,1,2,5,1,0,No,48,1
OTT-78246,Basic,8.4,29.6,3,2,1,3,1,0,Yes,17,0
OTT-40599,Basic,9.88,27.0,9,2,1,0,0,0,Yes,16,1
OTT-45283,Basic,9.09,10.2,20,2,2,1,0,0,No,47,0
OTT-47458,Basic,8.13,78.2,5,1,1,5,1,0,Yes,11,0
OTT-86877,Standard,13.98,87.6,2,2,3,7,0,0,Yes,6,0
OTT-91039,Standard,14.64,80.5,4,2,2,8,0,0,Yes,4,0
OTT-47262,Standard,15.6,8.3,8,3,2,0,1,3,Yes,2,1
OTT-97296,Standard,15.73,76.6,0,3,1,4,0,0,Yes,9,0
OTT-61345,Basic,8.22,12.9,8,2,1,1,0,0,Yes,2,0
OTT-44654,Basic,8.11,105.4,5,3,1,2,0,0,No,18,0
OTT-10057,Standard,13.79,58.0,2,1,3,3,0,0,Yes,19,0
OTT-64996,Basic,9.33,84.0,4,2,2,6,0,0,Yes,46,0
OTT-68037,Basic,9.06,11.0,7,2,1,0,1,1,Yes,9,1
OTT-97153,Standard,15.33,17.5,8,1,2,2,1,0,No,42,0
OTT-74635,Basic,9.18,31.2,2,1,1,6,0,0,Yes,40,0
OTT-12670,Basic,8.18,57.8,0,1,2,7,1,0,Yes,4,0
OTT-61039,Standard,14.13,71.3,2,3,2,2,0,0,Yes,18,0
OTT-76849,Basic,8.65,77.7,2,1,1,2,0,0,Yes,1,0
OTT-54689,Standard,15.26,15.9,13,2,3,1,2,0,Yes,39,0
OTT-48641,Basic,9.18,0.6,30,2,2,2,0,0,No,11,1
OTT-82893,Premium,22.83,36.3,13,4,4,7,1,0,Yes,6,0
OTT-65022,Standard,13.85,23.0,0,1,3,1,0,2,Yes,4,0
OTT-71322,Basic,9.87,93.2,2,1,1,4,0,0,Yes,13,0
OTT-51768,Basic,8.43,81.4,5,1,1,6,2,0,Yes,27,0
OTT-35026,Premium,21.02,43.0,11,6,3,8,1,1,Yes,26,0
OTT-56717,Standard,13.58,107.7,2,3,4,7,1,2,No,6,0
OTT-96315,Standard,14.23,50.8,1,2,1,7,1,2,Yes,3,0
OTT-64239,Premium,20.59,32.5,18,3,3,6,1,1,No,15,0
OTT-73653,Basic,8.42,20.7,9,1,1,4,0,0,Yes,15,0
OTT-21171,Standard,14.92,73.6,1,3,1,3,0,0,Yes,1,1
OTT-98913,Standard,15.44,77.8,0,1,3,6,0,0,Yes,4,0
OTT-32022,Premium,22.22,121.6,0,2,4,3,2,0,Yes,35,0
OTT-97412,Basic,9.65,64.6,4,2,1,9,2,3,No,10,1
OTT-50118,Premium,22.18,49.0,7,4,4,8,4,1,No,16,0
OTT-92700,Standard,15.93,77.5,3,2,2,7,3,1,Yes,13,0
OTT-90262,Premium,20.05,46.9,8,3,2,9,1,0,Yes,20,0
OTT-77982,Basic,9.97,14.6,8,1,2,0,0,0,Yes,19,0
OTT-92475,Standard,14.51,51.0,3,3,2,3,0,0,Yes,5,0
OTT-64848,Basic,8.95,104.3,0,1,1,3,2,0,No,1,0
OTT-86388,Premium,21.72,120.9,2,2,4,5,0,0,Yes,28,0
OTT-25495,Basic,8.01,18.1,7,1,1,0,3,0,Yes,30,0
OTT-16325,Standard,13.94,62.5,5,3,2,11,0,0,Yes,15,0
OTT-58901,Basic,8.88,44.1,4,1,1,12,1,0,Yes,2,0
OTT-82885,Basic,9.53,40.3,4,1,2,4,1,0,Yes,5,0
OTT-78883,Basic,9.73,3.5,17,1,2,0,0,0,Yes,2,1
OTT-57510,Standard,13.86,104.9,5,3,3,9,1,0,No,44,0
OTT-56876,Basic,8.52,13.3,12,3,1,2,3,0,Yes,28,0
OTT-64885,Premium,21.81,80.4,0,4,3,8,1,0,Yes,18,0
OTT-88140,Standard,14.39,82.0,2,2,4,7,1,1,Yes,29,0
OTT-85762,Premium,20.88,87.2,1,4,3,6,1,0,Yes,3,0
OTT-19868,Standard,14.45,89.8,1,4,2,5,0,2,Yes,22,0
OTT-63616,Standard,15.24,55.4,0,3,1,5,1,0,Yes,1,0
OTT-44284,Standard,13.99,51.3,4,1,1,2,1,0,Yes,2,0
OTT-81946,Basic,8.11,18.1,10,1,1,3,1,1,Yes,45,0
OTT-55536,Standard,13.5,20.7,8,1,1,1,1,0,Yes,29,0
OTT-99219,Premium,21.57,119.8,3,3,3,6,1,0,Yes,6,0
OTT-48908,Basic,8.49,19.7,9,2,1,3,0,0,Yes,1,1
OTT-71119,Basic,9.11,89.6,1,2,1,9,2,0,Yes,12,0
OTT-19772,Standard,15.69,103.4,1,2,2,6,0,0,Yes,5,1
OTT-93911,Premium,20.87,46.6,0,4,5,5,3,0,Yes,12,0
OTT-23817,Basic,8.36,44.4,4,1,2,3,0,0,Yes,11,0
OTT-44053,Premium,19.99,42.3,4,6,3,5,1,0,Yes,2,0
OTT-85384,Basic,9.95,101.5,0,1,1,9,1,0,Yes,6,0
OTT-97066,Standard,14.78,56.1,0,2,3,7,2,0,No,6,0
OTT-53594,Premium,22.4,79.2,2,6,3,4,2,0,Yes,48,0
OTT-53624,Basic,9.71,64.5,0,1,1,10,0,0,No,6,0
OTT-14384,Standard,15.98,23.1,7,1,2,1,0,0,Yes,23,0
OTT-98097,Premium,22.57,64.5,3,5,3,6,1,0,Yes,6,0
OTT-11484,Basic,8.58,23.1,1,2,1,2,1,0,Yes,22,0
OTT-12347,Basic,9.12,53.6,1,2,1,6,0,0,Yes,5,0
OTT-52612,Premium,22.88,73.9,3,4,3,10,0,0,No,4,0
OTT-10326,Standard,15.07,57.7,0,3,4,1,0,0,Yes,16,0
OTT-24793,Premium,22.3,34.1,7,5,5,6,1,2,No,21,0
OTT-66494,Premium,22.71,40.5,1,4,4,7,5,0,Yes,4,0
OTT-73460,Standard,15.02,24.5,1,3,4,2,0,1,No,1,0
OTT-36835,Standard,15.22,102.2,1,2,3,8,0,0,Yes,47,0
OTT-81578,Standard,14.96,27.8,6,1,1,2,0,0,Yes,3,0
OTT-64693,Basic,8.67,56.9,1,1,1,6,0,0,No,3,0
OTT-30546,Standard,14.11,28.9,0,1,4,0,1,0,Yes,12,0
OTT-74119,Premium,21.89,26.0,11,4,4,1,0,0,No,1,0
OTT-63295,Premium,22.93,87.8,1,2,4,2,1,1,Yes,20,0
OTT-83089,Premium,22.74,110.5,0,4,4,7,0,0,Yes,19,0
OTT-23899,Premium,20.62,30.8,11,6,2,4,0,0,Yes,18,0
OTT-30776,Basic,9.68,87.6,6,1,1,5,1,0,Yes,7,0
OTT-37322,Standard,13.54,2.7,30,2,3,1,1,0,Yes,11,0
OTT-40727,Basic,9.17,78.4,5,3,1,10,1,1,No,32,0
OTT-89990,Standard,15.82,25.4,9,1,2,1,0,3,Yes,5,1
OTT-75928,Premium,22.87,33.0,15,4,3,11,1,0,No,1,0
OTT-58968,Premium,21.8,42.1,1,6,3,5,0,0,Yes,19,0
OTT-58640,Premium,21.88,16.5,19,3,3,5,0,1,Yes,4,0
OTT-89729,Basic,8.77,18.7,13,2,1,1,2,1,Yes,6,1
OTT-50211,Standard,15.3,54.7,0,2,2,5,1,0,No,6,0
OTT-30272,Basic,8.48,103.1,3,1,2,5,1,0,Yes,16,0
OTT-22320,Standard,13.57,32.9,1,3,4,5,1,0,No,3,0
OTT-39701,Basic,9.66,104.1,3,3,1,5,1,0,Yes,20,0
OTT-68795,Premium,20.17,79.4,3,2,3,2,0,0,Yes,25,0
OTT-52385,Standard,15.15,24.7,8,2,1,0,2,0,Yes,17,0
OTT-47960,Standard,14.58,55.3,5,2,2,6,0,1,Yes,5,0
OTT-53206,Premium,20.12,88.2,4,4,4,6,1,0,Yes,44,0
OTT-97737,Basic,8.31,21.8,9,1,1,2,2,0,Yes,3,1
OTT-99787,Standard,13.74,17.5,10,2,2,2,0,0,Yes,45,0
OTT-24516,Premium,20.63,49.4,13,4,3,3,0,0,No,18,0
OTT-20299,Premium,21.9,89.4,4,5,3,2,1,0,Yes,5,0
OTT-31987,Basic,9.13,23.6,3,3,1,0,0,0,Yes,34,0
OTT-86676,Standard,14.57,24.0,9,2,1,1,0,0,Yes,18,0
OTT-51355,Basic,9.68,65.5,4,3,2,9,1,0,Yes,9,0
OTT-87730,Basic,9.5,81.3,5,1,1,5,2,1,Yes,18,0
OTT-68206,Basic,9.36,50.5,4,2,1,7,0,0,Yes,9,0
OTT-59787,Standard,14.99,22.0,13,3,4,0,1,0,No,12,0
OTT-35336,Basic,9.38,22.4,11,1,2,1,1,0,Yes,36,0
OTT-40963,Standard,14.06,109.9,2,4,3,7,2,0,Yes,2,0
OTT-23294,Basic,8.51,54.1,5,1,1,4,0,1,Yes,20,0
OTT-56729,Basic,8.59,41.3,5,2,1,2,0,0,No,18,0
OTT-35233,Standard,15.34,64.4,1,3,1,5,1,0,Yes,7,0
OTT-36321,Basic,8.85,82.9,4,1,1,4,0,0,Yes,21,0
OTT-13559,Basic,9.91,17.6,9,1,1,2,1,1,Yes,2,1
OTT-81918,Basic,8.07,97.8,1,1,2,8,0,0,No,32,0
OTT-94532,Basic,8.76,27.3,12,1,1,1,0,0,Yes,6,1
OTT-54844,Standard,13.88,108.2,3,4,2,6,1,1,Yes,4,0
OTT-58242,Premium,22.44,39.4,6,3,4,3,2,0,Yes,13,1
OTT-93324,Standard,14.69,43.4,1,2,1,4,1,1,Yes,1,0
OTT-56032,Basic,9.23,13.9,11,1,1,0,0,0,Yes,5,1
OTT-66041,Basic,9.19,103.7,1,1,1,6,1,0,Yes,4,0
OTT-48528,Premium,20.23,98.8,1,3,2,4,1,0,Yes,11,0
OTT-56288,Basic,9.56,32.7,2,1,1,4,0,0,Yes,40,0
OTT-56967,Basic,9.63,60.6,1,2,1,7,1,0,Yes,15,0
OTT-73995,Basic,9.2,26.6,9,1,1,3,1,0,Yes,6,0
OTT-64376,Standard,14.19,40.1,2,1,1,6,1,0,Yes,36,0
OTT-55353,Standard,15.3,70.7,1,4,2,7,0,1,Yes,2,0
OTT-16825,Basic,9.39,82.7,6,2,1,2,1,0,Yes,33,0
OTT-91404,Basic,9.82,27.7,1,1,1,0,0,0,Yes,12,0
OTT-89944,Standard,13.78,60.0,3,3,3,12,0,1,Yes,4,0
OTT-26599,Basic,9.81,102.8,1,3,1,8,1,0,Yes,7,0
OTT-36397,Standard,15.71,23.0,2,1,1,0,0,0,Yes,2,1
OTT-97600,Premium,20.88,46.5,13,3,5,8,1,2,Yes,35,0
OTT-38895,Basic,9.42,10.6,18,1,1,2,0,0,No,3,1
OTT-83096,Basic,8.52,59.8,0,2,1,7,1,0,No,29,0
OTT-80716,Standard,14.08,44.8,1,3,1,5,0,0,Yes,44,0
OTT-87465,Standard,15.09,22.5,7,2,1,1,0,0,Yes,44,0
OTT-11440,Standard,13.62,54.3,1,1,2,3,1,0,Yes,26,0
OTT-53461,Basic,8.18,14.7,10,1,1,1,0,0,Yes,6,0
OTT-60895,Basic,9.31,44.9,1,2,1,10,1,0,Yes,12,0
OTT-85347,Standard,15.87,106.5,1,2,3,4,0,0,Yes,31,0
OTT-30201,Basic,8.06,87.6,4,1,1,3,0,0,Yes,2,0
OTT-37609,Basic,8.04,34.2,0,2,1,4,1,0,Yes,3,0
OTT-26190,Basic,8.14,48.2,3,2,1,7,0,0,No,5,0
OTT-78574,Standard,13.49,100.9,1,2,1,4,1,0,Yes,1,0
OTT-99897,Basic,9.85,24.6,9,2,1,1,1,0,Yes,42,0
OTT-22640,Standard,14.68,53.0,4,2,2,9,1,0,Yes,17,0
OTT-30980,Standard,15.22,84.4,5,3,2,6,0,0,Yes,13,0
OTT-37634,Premium,21.24,26.7,14,3,5,0,3,2,Yes,43,0
OTT-90011,Standard,15.98,35.1,0,2,2,5,2,1,Yes,3,0
OTT-50115,Standard,14.69,101.3,6,4,3,7,0,0,Yes,25,0
OTT-35373,Basic,9.87,69.8,5,2,1,6,0,0,Yes,2,0
OTT-39008,Standard,15.11,10.7,9,2,3,0,0,0,Yes,3,0
OTT-63830,Standard,15.86,65.2,0,2,2,7,1,1,Yes,3,0
OTT-44831,Premium,21.48,25.2,9,4,4,3,2,0,No,5,1
OTT-22636,Premium,22.63,122.3,0,5,3,6,0,1,Yes,12,0
OTT-83808,Basic,8.66,23.3,3,2,1,0,1,0,Yes,18,0
OTT-48000,Premium,21.97,103.9,1,5,4,4,0,0,Yes,1,0
OTT-33100,Standard,15.03,9.3,15,2,2,0,1,0,Yes,1,1
OTT-75558,Standard,14.71,90.2,0,2,2,9,0,0,Yes,17,0
OTT-77074,Standard,14.74,90.4,1,2,1,2,0,3,No,3,0
OTT-23953,Basic,8.33,22.2,11,1,1,0,1,2,Yes,33,0
OTT-16634,Premium,22.71,78.0,2,5,4,6,2,0,No,35,0
OTT-14087,Basic,8.9,26.3,0,1,1,5,1,0,Yes,11,0
OTT-78915,Standard,13.87,27.4,7,2,2,0,1,1,Yes,10,0
OTT-66316,Basic,9.4,43.3,4,1,1,9,3,3,Yes,13,1
OTT-81281,Basic,9.44,14.1,8,1,2,2,3,1,Yes,20,0
OTT-66375,Standard,13.6,35.4,1,2,2,1,0,0,Yes,35,0
OTT-46152,Standard,14.32,14.6,7,2,1,2,0,0,Yes,37,0
OTT-63059,Premium,21.74,64.7,2,4,4,8,0,1,Yes,23,0
OTT-75022,Standard,15.54,15.2,8,3,2,3,1,0,Yes,23,0
OTT-45895,Standard,14.27,57.5,1,2,2,10,0,0,No,25,0
OTT-92361,Premium,20.89,92.0,0,4,3,7,2,0,Yes,6,0
OTT-90963,Standard,15.33,107.4,3,3,2,6,0,1,Yes,13,0
OTT-82063,Standard,14.04,68.0,1,4,4,6,3,2,Yes,12,0
OTT-99303,Premium,22.68,123.3,0,5,3,6,1,1,Yes,9,0
OTT-45139,Standard,15.47,26.8,0,1,1,0,1,0,Yes,4,0
OTT-20269,Standard,15.72,55.1,6,2,4,4,1,0,No,2,0
OTT-53578,Standard,14.37,24.7,5,1,4,2,1,1,Yes,2,0
OTT-77129,Standard,13.9,19.9,7,1,2,2,1,0,Yes,17,0
OTT-80141,Standard,14.95,108.2,1,3,2,6,1,0,Yes,29,0
OTT-44966,Standard,13.96,40.7,3,2,2,3,1,0,Yes,42,0
OTT-36333,Standard,14.16,85.2,2,2,2,4,1,0,Yes,1,0
OTT-50092,Basic,8.79,23.3,8,1,1,0,0,0,Yes,3,0
OTT-82348,Basic,8.92,31.1,5,1,1,3,0,0,Yes,26,0
OTT-15453,Standard,14.3,60.1,3,1,3,5,0,0,Yes,12,0
OTT-39526,Basic,8.56,34.3,0,2,2,10,0,0,Yes,12,0
OTT-30688,Basic,8.48,53.0,1,1,1,6,0,0,Yes,6,0
OTT-82538,Basic,9.37,93.0,2,1,1,2,0,0,Yes,3,0
OTT-52268,Basic,8.6,47.6,3,2,1,8,1,0,Yes,46,0
OTT-17811,Premium,22.07,41.3,13,6,5,5,0,1,Yes,10,0
OTT-33560,Standard,15.35,90.3,2,1,2,2,0,0,Yes,4,0
OTT-13995,Standard,15.28,45.2,2,2,3,4,3,0,Yes,30,0
OTT-52799,Basic,9.82,59.5,5,1,1,6,3,0,Yes,11,0
OTT-99789,Basic,9.9,76.4,2,1,1,7,3,0,Yes,45,0
OTT-61050,Basic,8.28,75.4,0,1,1,3,0,0,Yes,7,0
OTT-88250,Basic,8.63,71.5,6,2,1,7,1,1,Yes,10,0
OTT-76832,Basic,9.57,55.1,2,1,1,4,1,0,Yes,30,0
OTT-89455,Standard,15.44,105.1,1,1,2,5,0,0,Yes,47,0
OTT-37991,Basic,8.13,9.8,9,2,1,3,0,0,No,45,0
OTT-95614,Standard,15.9,77.7,6,3,3,3,1,0,Yes,45,0
OTT-31477,Standard,15.63,8.7,8,2,1,1,1,0,Yes,17,0
OTT-49448,Basic,9.79,70.9,6,1,1,5,0,1,Yes,1,0
OTT-71313,Premium,20.6,32.7,8,3,3,4,2,0,Yes,6,0
OTT-35814,Standard,14.74,9.7,9,4,2,2,1,0,Yes,27,0
OTT-33800,Basic,8.87,26.6,1,3,1,3,1,0,Yes,1,0
OTT-21702,Standard,14.39,106.1,1,3,2,3,0,0,No,37,0
OTT-10378,Standard,14.06,2.4,20,1,2,3,2,0,No,38,1
OTT-55108,Standard,13.84,53.6,3,2,3,6,0,0,No,32,0
OTT-98807,Premium,22.6,73.1,6,3,3,7,2,0,Yes,40,0
OTT-29804,Basic,9.05,24.1,2,1,1,3,3,0,No,18,0
OTT-49613,Basic,9.19,103.4,0,1,1,3,0,1,Yes,11,0
OTT-94198,Premium,20.77,26.9,11,4,4,4,1,0,Yes,45,0
OTT-79507,Standard,15.83,26.2,8,4,2,1,1,0,No,4,0
OTT-10360,Premium,22.8,45.6,5,5,4,9,0,2,No,4,0
OTT-55053,Standard,15.17,58.1,4,1,3,7,2,1,Yes,42,0
OTT-22887,Standard,14.29,90.9,5,1,1,3,0,0,Yes,20,0
OTT-32231,Standard,14.07,24.2,3,4,2,3,0,0,Yes,16,0
OTT-32182,Basic,9.18,93.3,2,2,1,5,2,0,Yes,2,0
OTT-65122,Basic,9.66,17.4,12,1,2,1,0,1,Yes,8,1
OTT-27905,Basic,9.92,63.5,3,2,1,5,4,3,Yes,40,1
OTT-32667,Basic,8.13,38.4,3,1,1,6,0,0,No,17,0
OTT-30319,Standard,14.33,42.6,1,3,4,11,2,0,Yes,22,0
OTT-42119,Standard,14.47,92.3,6,2,1,8,1,1,Yes,21,0
OTT-69043,Premium,21.1,36.6,6,4,4,13,0,0,Yes,36,0
OTT-45996,Basic,9.33,50.1,6,1,1,7,0,0,Yes,24,0
OTT-39475,Standard,14.86,50.2,0,2,2,7,2,0,Yes,18,0
OTT-56583,Basic,9.77,13.4,11,1,1,2,1,0,Yes,15,0
OTT-65351,Standard,14.05,49.3,4,2,1,4,1,0,No,2,0
OTT-11382,Basic,8.79,10.5,9,1,2,0,1,0,Yes,19,0
OTT-90122,Standard,14.84,36.7,6,3,2,9,0,1,No,1,1
OTT-92477,Standard,15.53,19.1,9,1,2,2,0,0,No,9,0
OTT-64229,Basic,9.64,71.4,2,1,1,6,1,0,Yes,16,0
OTT-61713,Standard,15.64,103.8,4,1,1,9,0,0,Yes,5,0
OTT-72507,Basic,9.03,68.8,5,2,1,14,0,0,Yes,1,0
OTT-49677,Basic,8.47,60.5,4,1,1,2,0,0,No,4,0
OTT-42894,Premium,22.17,52.7,1,4,2,6,1,0,Yes,3,0
OTT-41741,Basic,9.9,86.8,2,1,2,1,2,3,No,12,0
OTT-24376,Basic,8.56,16.9,7,1,1,1,0,0,No,1,0
OTT-85704,Premium,20.59,100.0,0,5,3,8,1,0,Yes,4,0
OTT-38852,Basic,8.03,39.0,6,1,1,2,1,0,No,38,0
OTT-35595,Basic,9.32,76.1,0,2,1,9,0,0,Yes,2,0
OTT-96784,Standard,14.85,85.7,0,4,1,12,1,0,Yes,46,0
OTT-55603,Standard,13.83,53.8,2,1,2,5,0,0,No,10,0
OTT-65962,Standard,13.99,6.3,21,3,2,2,1,0,Yes,10,1
OTT-32089,Standard,15.15,27.7,2,1,2,1,2,0,Yes,15,0
OTT-34975,Premium,21.3,63.9,0,6,3,4,2,0,Yes,6,0
OTT-75549,Basic,8.46,36.5,6,1,1,5,1,1,Yes,25,1
OTT-50581,Standard,15.0,15.5,10,2,3,1,1,0,Yes,35,0
OTT-23296,Premium,20.15,35.6,1,3,4,9,0,0,Yes,6,0
OTT-85195,Basic,8.02,94.9,1,3,1,7,1,0,Yes,31,0
OTT-46248,Premium,20.77,104.2,0,3,4,6,1,0,Yes,18,0
OTT-70159,Premium,20.86,127.7,3,6,2,9,1,0,Yes,30,0
OTT-40714,Premium,20.3,111.3,5,5,3,8,0,0,Yes,48,0
OTT-60458,Basic,8.22,71.6,3,2,2,6,0,2,No,5,0
OTT-79805,Standard,13.91,87.6,4,1,2,2,0,0,Yes,28,0
OTT-89663,Premium,22.16,71.9,3,4,3,10,1,0,Yes,34,0
OTT-28660,Basic,9.6,23.7,7,1,1,1,0,1,Yes,22,0
OTT-70518,Standard,13.94,69.2,3,2,2,5,0,0,No,3,0
OTT-92316,Basic,9.3,86.8,5,1,1,6,0,0,Yes,40,0
OTT-67845,Basic,8.46,46.2,3,3,1,5,1,0,Yes,10,0
OTT-22877,Premium,22.63,90.0,6,3,3,5,1,0,Yes,5,0
OTT-27078,Premium,20.8,42.9,9,5,5,10,5,0,Yes,39,0
OTT-28252,Basic,8.25,44.0,3,1,1,5,1,1,Yes,22,0
OTT-19574,Basic,8.87,82.3,1,2,1,9,2,0,Yes,33,0
OTT-77835,Standard,13.88,54.6,0,3,2,3,0,0,Yes,14,0
OTT-96861,Basic,8.39,77.4,6,1,1,7,2,0,Yes,5,0
OTT-56518,Standard,14.34,79.9,6,2,3,10,0,0,Yes,43,0
OTT-63896,Standard,15.14,21.4,8,2,4,1,0,1,Yes,19,0
OTT-79632,Basic,8.22,8.5,14,1,1,2,1,0,Yes,9,0
OTT-47411,Standard,14.2,58.7,6,2,2,6,0,0,Yes,7,0
OTT-52520,Basic,9.71,77.0,2,2,1,3,1,0,Yes,5,0
OTT-63011,Basic,8.54,101.8,4,2,2,9,0,0,Yes,21,0
OTT-37417,Premium,20.5,45.1,0,5,2,3,2,0,Yes,18,0
OTT-15563,Basic,9.06,23.7,8,2,2,0,0,0,Yes,25,0
OTT-61099,Basic,8.06,10.6,7,1,2,2,1,0,Yes,34,1
OTT-83990,Standard,15.5,63.0,0,4,2,8,0,0,Yes,37,0
OTT-16590,Basic,8.43,36.4,5,3,1,8,0,0,Yes,2,0
OTT-29497,Standard,13.82,23.6,9,2,4,2,1,0,Yes,20,0
OTT-33669,Premium,22.41,10.3,17,6,3,1,1,0,Yes,3,0
OTT-82408,Basic,9.68,83.7,3,3,2,6,0,0,No,26,0
OTT-55413,Basic,9.46,57.3,4,2,1,8,0,0,Yes,19,0
OTT-58093,Basic,8.46,45.3,3,2,2,8,1,0,Yes,44,0
OTT-68073,Standard,14.81,106.5,0,1,1,4,1,0,Yes,6,0
OTT-34891,Basic,9.93,47.7,2,1,1,5,1,0,Yes,6,1
OTT-74218,Premium,21.42,57.8,2,3,2,5,3,0,Yes,43,0
OTT-12718,Basic,9.89,60.0,1,1,1,6,1,0,Yes,8,0
OTT-20234,Standard,15.18,48.6,3,3,1,8,0,0,No,30,0
OTT-83424,Premium,22.52,28.2,7,3,2,1,0,0,No,37,0
OTT-69237,Standard,13.97,1.3,16,2,3,1,1,1,Yes,18,0
OTT-25881,Standard,15.81,82.9,2,2,4,8,0,0,Yes,11,0
OTT-49487,Basic,9.7,59.1,2,1,1,7,1,0,Yes,9,0
OTT-14662,Basic,9.56,23.7,7,2,2,1,2,1,Yes,42,0
OTT-70465,Basic,9.87,51.4,4,2,1,6,1,0,Yes,42,0
OTT-78028,Basic,9.57,23.6,1,1,1,0,0,0,Yes,6,0
OTT-35055,Standard,14.93,89.2,1,2,2,4,0,0,No,10,0
OTT-41503,Standard,15.11,33.7,2,2,3,5,0,0,Yes,1,1
OTT-31313,Standard,15.54,64.0,0,2,2,5,2,0,Yes,21,0
OTT-45039,Premium,22.24,118.3,4,3,5,5,1,1,Yes,44,0
OTT-34507,Standard,14.97,103.4,0,1,4,9,0,0,Yes,29,0
OTT-32235,Basic,9.19,43.6,6,1,1,7,1,1,Yes,9,0
OTT-48718,Basic,9.75,95.8,3,2,1,7,1,0,Yes,2,0
OTT-87325,Standard,13.51,90.3,6,2,3,3,1,1,Yes,4,0
OTT-78645,Basic,9.43,103.3,0,2,1,6,1,0,Yes,4,0
OTT-36759,Basic,9.12,10.0,16,1,2,1,0,0,Yes,5,1
OTT-94855,Standard,15.59,29.9,0,3,1,1,0,0,Yes,41,0
OTT-28917,Standard,14.0,105.1,3,3,2,4,0,1,Yes,20,0
OTT-91965,Basic,9.04,1.3,23,1,1,1,1,0,No,2,1
OTT-37832,Basic,8.25,52.2,1,2,1,6,1,2,Yes,21,0
OTT-58623,Basic,9.31,56.3,4,1,2,4,0,2,Yes,6,0
OTT-28283,Basic,9.52,6.3,20,1,1,0,0,0,No,3,1
OTT-78581,Basic,9.24,42.7,3,2,1,4,2,0,Yes,27,0
OTT-38588,Standard,14.88,10.5,12,3,3,4,1,0,Yes,3,0
OTT-88530,Standard,14.35,95.7,1,3,3,6,1,0,No,17,0
OTT-17464,Basic,9.27,78.5,0,1,1,6,0,0,Yes,17,0
OTT-55179,Premium,22.69,91.1,4,5,4,10,1,0,Yes,5,0
OTT-24267,Standard,15.29,90.2,3,2,2,2,0,0,Yes,4,0
OTT-90005,Basic,8.04,26.3,8,1,1,5,0,1,Yes,2,1
OTT-47534,Premium,21.52,13.2,14,4,5,1,1,0,No,1,0
OTT-70701,Standard,15.33,14.5,9,3,2,0,0,1,Yes,24,0
OTT-89151,Standard,14.75,26.7,7,2,1,2,0,1,Yes,13,0
OTT-58206,Basic,9.17,69.9,6,1,2,4,2,0,Yes,11,0
OTT-15156,Premium,22.72,57.1,1,3,2,8,0,0,No,4,0
OTT-29864,Basic,9.74,35.9,0,1,1,7,1,1,Yes,32,0
OTT-29140,Basic,8.15,109.0,1,1,1,2,0,0,Yes,2,0
OTT-92275,Premium,21.52,35.5,7,5,4,9,0,0,Yes,24,0
OTT-91750,Premium,21.86,47.5,7,2,2,1,0,0,Yes,3,0
OTT-52925,Standard,15.62,8.0,14,3,3,0,3,0,Yes,33,1
OTT-90100,Basic,8.52,61.0,2,1,1,7,0,2,Yes,4,0
OTT-32141,Basic,8.27,97.5,3,1,1,9,0,0,Yes,3,0
OTT-71149,Premium,21.78,68.0,2,3,4,12,0,1,Yes,18,0
OTT-45273,Standard,14.66,9.5,14,1,1,0,0,0,Yes,4,0
OTT-31642,Premium,20.76,79.2,3,5,5,2,2,0,Yes,29,0
OTT-32500,Basic,9.88,101.0,4,1,2,6,1,0,Yes,7,0
OTT-47782,Premium,20.94,93.3,0,5,4,6,4,1,Yes,15,0
OTT-40568,Basic,8.1,50.7,4,1,1,6,0,0,Yes,5,0
OTT-29009,Basic,8.11,85.9,0,1,1,10,1,0,Yes,11,0
OTT-40072,Premium,20.59,116.7,3,2,4,7,0,1,Yes,1,0
OTT-21572,Basic,8.22,96.9,3,1,1,4,2,2,Yes,28,0
OTT-97269,Standard,14.48,64.1,2,3,2,4,0,1,Yes,11,0
OTT-44199,Standard,13.69,60.7,5,2,2,5,0,1,Yes,17,0
OTT-19664,Premium,21.67,19.5,14,4,4,2,0,0,No,25,0
OTT-61823,Basic,8.81,25.5,0,1,1,1,1,0,Yes,16,0
OTT-89479,Basic,9.19,104.0,2,1,1,4,1,0,Yes,21,0
OTT-42393,Standard,15.96,85.8,4,2,4,2,0,0,No,3,0
OTT-86070,Premium,22.97,96.9,0,4,5,5,1,1,Yes,10,0
OTT-64973,Premium,21.24,86.7,5,2,4,2,2,0,Yes,5,0
OTT-76531,Basic,8.72,24.1,2,1,1,2,0,0,Yes,2,0
OTT-36662,Standard,15.19,6.0,21,2,1,2,1,0,No,28,0
OTT-13324,Basic,8.73,26.4,9,1,2,1,1,0,Yes,1,1
OTT-41126,Basic,9.55,6.1,23,1,2,0,1,0,Yes,17,1
OTT-93200,Basic,9.19,73.1,0,2,1,2,2,0,Yes,1,0
OTT-81159,Basic,8.39,55.2,0,1,1,4,0,0,Yes,23,0
OTT-80573,Basic,8.82,31.2,0,1,1,2,0,0,No,47,0
OTT-89047,Basic,9.72,14.5,10,2,1,4,0,0,No,5,1
OTT-43593,Basic,9.1,29.5,1,3,1,1,1,1,Yes,8,0
OTT-38982,Premium,22.12,79.0,1,3,5,9,2,0,Yes,17,0
OTT-93266,Basic,9.41,108.4,0,1,1,7,0,2,Yes,46,0
OTT-61435,Premium,21.44,61.5,0,2,4,5,0,0,Yes,5,0
OTT-36816,Premium,20.88,118.9,2,4,4,7,1,0,Yes,29,0
OTT-35034,Standard,14.98,25.8,3,2,2,1,0,0,Yes,20,0
OTT-88954,Standard,13.77,66.4,1,3,2,5,1,1,Yes,21,0
OTT-14800,Basic,9.18,21.1,11,2,1,0,2,1,Yes,3,0
OTT-15552,Basic,8.2,50.1,0,1,1,6,0,0,Yes,3,0
OTT-76406,Standard,15.74,30.7,2,3,1,5,1,0,No,22,0
OTT-10121,Standard,15.35,3.4,19,2,3,1,0,0,Yes,2,0
OTT-25390,Standard,13.94,28.2,5,2,3,2,0,2,Yes,18,0
OTT-99155,Premium,22.34,108.9,4,5,4,8,3,0,Yes,23,0
OTT-48313,Standard,15.3,22.4,6,2,4,0,1,0,Yes,7,0
OTT-75488,Basic,9.45,28.1,0,1,1,2,1,0,Yes,3,0
OTT-53833,Basic,8.66,92.0,3,1,1,6,3,0,Yes,1,0
OTT-18151,Premium,21.56,65.8,5,3,4,4,0,0,Yes,18,0
OTT-26602,Premium,21.75,63.9,1,5,2,5,1,0,Yes,22,0
OTT-78498,Standard,14.43,49.0,1,1,2,5,1,0,No,31,0
OTT-18509,Standard,14.89,100.4,5,1,2,4,2,1,No,10,0
OTT-63514,Standard,14.1,11.2,20,4,1,0,0,0,Yes,22,0
OTT-41320,Basic,9.74,26.6,7,1,1,1,0,0,Yes,4,0
OTT-43326,Premium,22.87,32.4,14,5,4,5,1,0,Yes,45,0
OTT-95704,Standard,14.31,39.6,4,2,2,5,1,0,Yes,1,0
OTT-64533,Standard,14.35,24.6,10,2,2,3,1,1,Yes,5,1
OTT-65361,Standard,14.03,96.7,3,4,4,11,0,0,Yes,5,0
OTT-41531,Standard,15.65,53.2,0,4,3,3,0,0,Yes,1,0
OTT-44326,Basic,8.32,72.9,1,1,2,3,5,0,No,34,0
OTT-71718,Standard,15.49,56.4,3,3,2,6,2,1,Yes,1,0
OTT-13501,Basic,9.65,23.3,5,1,1,0,2,0,Yes,4,0
OTT-31356,Basic,8.62,16.2,12,1,1,1,1,0,No,2,0
OTT-64023,Basic,9.54,100.8,1,1,1,5,0,0,Yes,46,0
OTT-66117,Basic,8.9,97.5,1,1,1,14,3,1,Yes,30,0
OTT-18303,Premium,21.04,54.6,3,2,3,2,1,0,Yes,40,0
OTT-80903,Basic,9.78,49.0,5,2,1,4,1,0,Yes,30,0
OTT-58828,Basic,8.9,28.5,6,1,1,3,2,0,Yes,45,0
OTT-31393,Standard,13.63,48.2,6,2,1,6,0,0,Yes,15,0
OTT-77674,Premium,21.89,64.1,1,5,4,9,0,0,Yes,5,0
OTT-99177,Standard,15.14,26.7,6,2,1,3,0,0,Yes,1,1
OTT-48122,Premium,21.89,32.7,17,4,2,3,1,0,No,3,0
OTT-35509,Standard,14.39,95.9,0,2,2,5,1,0,No,19,0
OTT-36946,Standard,15.19,26.6,7,1,2,1,0,0,Yes,1,0
OTT-63333,Basic,8.57,87.5,1,1,2,7,1,0,Yes,3,0
OTT-14264,Basic,8.92,23.2,11,3,1,2,0,0,No,18,0
OTT-53508,Standard,14.03,23.7,12,3,2,2,2,0,No,3,1
OTT-12229,Standard,15.02,21.5,12,2,2,2,2,2,Yes,5,1
OTT-13472,Standard,15.52,37.5,4,4,1,3,0,0,No,1,0
OTT-48701,Standard,13.73,37.6,2,3,1,3,2,0,No,14,0
OTT-77095,Standard,13.56,66.0,0,2,2,7,1,0,Yes,2,0
OTT-89500,Standard,15.39,82.8,5,4,2,9,1,0,Yes,5,0
OTT-17887,Basic,8.64,24.6,1,1,2,2,2,0,No,4,0
OTT-31965,Basic,8.64,70.1,4,2,1,6,0,0,Yes,32,0
OTT-47949,Standard,14.9,25.7,10,2,1,0,2,0,Yes,1,1
OTT-61664,Basic,8.96,2.4,14,1,1,2,0,0,No,3,1
OTT-98833,Premium,20.35,12.7,18,3,2,1,1,0,No,27,1
OTT-71586,Basic,9.51,27.7,11,1,1,2,2,3,Yes,35,1
OTT-58451,Basic,8.34,50.9,3,1,2,4,0,0,Yes,6,0
OTT-15474,Standard,15.56,24.5,6,3,1,3,0,0,No,5,0
OTT-17273,Basic,9.52,82.2,3,1,1,10,1,0,Yes,1,0
OTT-23778,Standard,13.91,108.5,4,1,1,8,0,0,Yes,14,0
OTT-69470,Basic,9.51,3.5,19,2,1,1,1,0,No,6,0
OTT-39814,Basic,9.31,41.0,2,2,1,7,0,0,Yes,26,0
OTT-31684,Standard,15.94,60.0,6,1,2,6,0,2,Yes,46,0
OTT-70307,Basic,9.41,18.7,10,1,1,1,1,0,Yes,10,0
OTT-83382,Standard,14.47,93.7,0,3,4,5,0,0,No,3,0
OTT-49512,Basic,9.23,109.4,0,1,1,2,1,0,Yes,24,0
OTT-89365,Standard,15.14,93.5,0,1,2,4,1,1,Yes,19,0
OTT-76076,Basic,9.48,47.6,2,3,1,3,1,0,No,48,0
OTT-74463,Basic,8.93,91.2,1,1,2,5,0,0,Yes,1,0
OTT-88082,Standard,15.56,77.5,1,3,4,3,2,0,Yes,15,0
OTT-26542,Standard,14.21,65.2,4,2,2,8,2,3,Yes,40,0
OTT-78252,Premium,22.88,101.2,2,6,5,5,0,0,Yes,40,0
OTT-96195,Premium,20.92,32.9,7,4,5,8,0,0,Yes,9,0
OTT-99301,Standard,13.58,77.6,3,3,2,4,0,0,No,7,0
OTT-62023,Basic,8.39,86.8,3,3,1,5,1,0,Yes,21,0
OTT-77891,Standard,15.81,23.2,0,2,4,3,0,0,Yes,16,0
OTT-89973,Standard,15.47,76.2,6,1,3,9,0,0,Yes,45,0
OTT-86695,Premium,21.31,46.9,4,4,4,5,2,2,Yes,17,0
OTT-90800,Standard,15.75,51.6,2,3,2,5,1,2,Yes,1,0
OTT-84912,Basic,8.48,61.0,6,1,1,3,1,0,Yes,5,0
OTT-44317,Premium,20.69,120.0,3,5,3,4,1,1,Yes,14,0
OTT-75723,Standard,13.81,50.6,4,2,2,10,0,0,Yes,44,0
OTT-46939,Basic,8.87,24.4,9,1,1,2,2,0,Yes,1,0
OTT-82161,Standard,14.78,51.7,6,2,1,4,0,0,Yes,3,0
OTT-82921,Standard,13.85,42.2,0,2,3,6,2,0,Yes,43,0
OTT-94120,Standard,13.78,60.2,0,2,3,4,4,1,Yes,10,1
OTT-62948,Premium,21.16,38.0,4,3,5,8,0,0,Yes,3,0
OTT-52768,Basic,8.46,94.1,1,1,2,4,1,0,No,6,0
OTT-24898,Basic,9.14,65.9,0,1,2,5,0,2,Yes,10,0
OTT-67445,Basic,9.04,21.8,12,1,1,2,0,0,Yes,5,0
OTT-60975,Premium,20.48,99.1,4,5,5,4,0,0,Yes,13,0
OTT-56344,Basic,8.02,58.0,1,2,2,7,0,0,Yes,20,0
OTT-70868,Standard,15.1,61.7,3,2,2,7,1,0,Yes,13,0
OTT-86592,Standard,15.42,44.3,2,3,2,7,1,0,Yes,21,0
OTT-23380,Premium,21.45,103.9,0,4,2,5,1,0,Yes,5,0
OTT-48821,Basic,9.14,24.6,13,2,1,2,1,0,Yes,6,0
OTT-75006,Basic,9.91,19.5,12,2,1,2,1,0,Yes,5,0
OTT-83774,Premium,22.29,15.0,8,3,3,2,0,1,Yes,1,1
OTT-80054,Standard,14.32,84.6,3,2,3,6,2,0,Yes,12,0
OTT-81941,Basic,9.69,80.7,0,2,1,12,0,1,Yes,5,0
OTT-86952,Basic,9.09,52.1,5,2,1,4,2,0,Yes,18,0
OTT-96568,Premium,21.56,71.0,6,2,3,8,1,0,Yes,3,0
OTT-64725,Premium,22.07,85.8,1,4,5,9,1,0,Yes,5,0
OTT-32402,Standard,14.56,91.6,1,1,1,4,1,0,Yes,4,0
OTT-60718,Basic,9.75,81.9,5,2,1,11,1,0,Yes,14,0
OTT-73865,Standard,13.91,67.5,4,4,2,7,0,1,Yes,15,0
OTT-19063,Basic,8.83,92.9,0,2,1,7,1,0,Yes,39,0
OTT-78121,Premium,20.18,110.4,4,5,2,0,1,0,Yes,4,0
OTT-58978,Basic,9.4,9.0,9,3,2,1,1,0,Yes,7,0
OTT-94264,Basic,8.53,28.1,1,1,1,1,0,0,Yes,46,0
OTT-29064,Basic,8.84,63.9,1,1,1,6,4,0,Yes,3,0
OTT-91620,Basic,9.76,90.8,0,1,1,5,0,0,No,5,0
OTT-50319,Basic,8.36,31.7,6,1,2,8,0,0,Yes,2,0
OTT-61616,Standard,13.5,98.0,2,1,2,5,0,0,No,6,0
OTT-69399,Standard,14.94,34.1,3,3,2,4,1,0,Yes,29,0
OTT-62123,Standard,14.58,83.2,2,1,3,8,0,0,Yes,4,0
OTT-91343,Basic,8.1,92.7,1,2,2,6,1,0,Yes,21,0
OTT-25056,Basic,8.58,26.0,0,2,2,1,0,1,Yes,39,0
OTT-75688,Standard,14.09,96.7,4,4,1,6,0,0,Yes,5,0
OTT-97745,Standard,14.14,96.1,2,1,2,7,0,1,Yes,7,0
OTT-29810,Basic,9.57,10.9,9,2,1,2,0,1,Yes,5,0
OTT-32951,Premium,20.9,58.7,5,3,4,6,1,0,Yes,10,0
OTT-52750,Basic,8.97,97.7,3,1,1,5,2,0,Yes,1,0
OTT-75225,Basic,8.52,107.0,2,2,1,5,3,0,Yes,3,0
OTT-96307,Basic,9.89,64.6,0,1,1,5,0,0,Yes,6,0
OTT-81620,Standard,15.43,33.1,4,3,3,7,0,0,Yes,12,0
OTT-81460,Basic,8.84,46.6,3,2,1,5,0,1,Yes,13,0
OTT-49708,Basic,9.44,14.8,11,1,2,0,2,0,Yes,8,0
OTT-68083,Standard,14.28,77.5,1,2,2,3,1,0,Yes,4,0
OTT-29007,Basic,8.15,8.9,20,2,2,4,0,0,Yes,41,0
OTT-51682,Basic,8.85,75.4,1,2,2,5,0,0,Yes,1,0
OTT-27006,Standard,14.9,100.3,4,1,1,4,3,1,Yes,24,0
OTT-12441,Standard,14.36,22.9,4,2,1,2,0,0,Yes,20,0
OTT-87083,Basic,8.79,56.3,4,1,2,5,3,2,Yes,14,0
OTT-82424,Basic,9.42,47.7,0,2,1,9,2,1,Yes,11,0
OTT-55967,Basic,9.78,88.2,0,2,1,9,0,0,Yes,39,0
OTT-11304,Premium,22.67,40.0,7,4,3,6,1,0,Yes,21,0
OTT-18112,Standard,14.93,100.4,0,1,2,7,2,3,No,5,0
OTT-20059,Basic,9.25,49.6,4,2,1,7,1,0,No,48,0
OTT-74531,Premium,21.59,105.2,1,4,5,8,4,1,Yes,6,0
OTT-28314,Standard,14.42,18.8,11,2,2,2,1,0,Yes,10,0
OTT-32515,Basic,9.47,35.5,2,3,1,7,0,1,Yes,13,0
OTT-87497,Premium,20.32,106.7,6,6,5,2,0,1,Yes,44,0
OTT-88874,Standard,15.73,42.6,1,2,3,10,2,0,Yes,12,0
OTT-78674,Standard,14.2,88.9,0,4,1,8,1,0,No,6,0
OTT-37861,Standard,14.04,18.7,8,2,1,0,0,0,Yes,8,0
OTT-62193,Premium,20.81,90.7,3,3,2,8,1,2,Yes,5,0
OTT-28024,Basic,9.61,69.1,3,2,1,5,3,0,Yes,13,0
